{
"type": "FeatureCollection",
"name": "lost_access_zone_500m_utm46n",
"crs": { "type": "name", "properties": { "name": "urn:ogc:def:crs:EPSG::32646" } },
"features": [
{ "type": "Feature", "properties": { }, "geometry": { "type": "MultiPolygon", "coordinates": [ [ [ [ 318769.981810158526059, 2733377.02658008178696 ], [ 318721.134053809626494, 2733372.386174540966749 ], [ 318672.066673477937002, 2733372.55603121034801 ], [ 318623.252214859006926, 2733377.534514277242124 ], [ 318575.16078787407605, 2733387.273678227327764 ], [ 318528.25553925440181, 2733401.679729588795453 ], [ 318482.988192185235675, 2733420.613930211402476 ], [ 318439.794695964490529, 2733443.893933393061161 ], [ 318399.091027572809253, 2733471.295539976563305 ], [ 318361.269185587530956, 2733502.554857511539012 ], [ 318326.693415022629779, 2733537.370841681957245 ], [ 318295.696699449676089, 2733575.408195527736098 ], [ 318268.57755418412853, 2733616.300598538015038 ], [ 318245.597151419729926, 2733659.654234517831355 ], [ 318226.97680499748094, 2733705.051584253553301 ], [ 318212.895839032309595, 2733752.055446450132877 ], [ 318203.489860923960805, 2733800.213148219510913 ], [ 318198.849455383431632, 2733849.060904568526894 ], [ 318199.019312052696478, 2733898.128284900449216 ], [ 318203.997795119299553, 2733946.942743519321084 ], [ 318213.736959069734439, 2733995.034170504193753 ], [ 318228.143010431202129, 2734041.939419123809785 ], [ 318246.601491078792606, 2734086.069428438320756 ], [ 318233.340187021822203, 2734113.345900982618332 ], [ 318232.16246834147023, 2734115.45284197665751 ], [ 318230.60602372221183, 2734117.743526909966022 ], [ 318220.194820772565436, 2734136.862986595369875 ], [ 318209.572659285680857, 2734155.866054013837129 ], [ 318208.464853388548363, 2734158.40426665591076 ], [ 318207.140429861668963, 2734160.836479566525668 ], [ 318198.653394460910931, 2734180.884350172709674 ], [ 318189.945007912756409, 2734200.837066516280174 ], [ 318189.091324748646002, 2734203.471640936564654 ], [ 318188.011677237111144, 2734206.021958284080029 ], [ 318181.530544178793207, 2734226.805167851503938 ], [ 318174.819799089222215, 2734247.515377560630441 ], [ 318174.228460093319882, 2734250.220941368490458 ], [ 318173.403986193239689, 2734252.864802201744169 ], [ 318168.991172331618145, 2734274.183197058271617 ], [ 318164.342696844250895, 2734295.451449494343251 ], [ 318164.019396934658289, 2734298.201946630142629 ], [ 318163.458036780066323, 2734300.91388912498951 ], [ 318161.156039923138451, 2734322.562161482870579 ], [ 318158.614601399865933, 2734344.183631740976125 ], [ 318158.562454131490085, 2734346.952573413029313 ], [ 318158.26961392746307, 2734349.706480081193149 ], [ 318158.100603564234916, 2734371.476145242806524 ], [ 318157.690677446546033, 2734393.24260674463585 ], [ 318157.910185025946703, 2734396.003326531965286 ], [ 318157.888684983889107, 2734398.772675746120512 ], [ 318159.854288776696194, 2734420.454079931136221 ], [ 318161.579822876898106, 2734442.155909758526832 ], [ 318162.06887132616248, 2734444.881820420268923 ], [ 318162.318918503180612, 2734447.639941833447665 ], [ 318166.4002066134708, 2734469.024281270802021 ], [ 318170.244583094550762, 2734490.452478935476393 ], [ 318170.998462609481066, 2734493.117328461259604 ], [ 318171.517648914828897, 2734495.83765985770151 ], [ 318177.675316308042966, 2734516.718991670291871 ], [ 318183.60151172184851, 2734537.667191912885755 ], [ 318184.612962030863855, 2734540.245316345710307 ], [ 318185.396287416398991, 2734542.90165944583714 ], [ 318193.571032387961168, 2734563.078884988091886 ], [ 318201.521974234550726, 2734583.345345194917172 ], [ 318202.781254518136848, 2734585.811915786936879 ], [ 318203.82117513223784, 2734588.378688554745167 ], [ 318213.93427041725954, 2734607.657490110490471 ], [ 318223.833386782265734, 2734627.047033194452524 ], [ 318225.252220977912657, 2734629.259550241287798 ], [ 318225.617879972909577, 2734629.930195324588567 ], [ 318226.614870321645867, 2734631.830778533127159 ], [ 318227.144843465124723, 2734632.730756973847747 ], [ 318251.061989653506316, 2734676.596535505726933 ], [ 318276.636407114507165, 2734718.472373830620199 ], [ 318306.192226686747745, 2734757.639837283175439 ], [ 318332.160928690631408, 2734785.818090583197773 ], [ 318306.128555239760317, 2734798.040235731285065 ], [ 318263.970413501141593, 2734823.146564595866948 ], [ 318224.476125297485851, 2734852.264220119453967 ], [ 318188.026042213954497, 2734885.112783362157643 ], [ 318154.97119847626891, 2734921.375904703047127 ], [ 318125.629930299241096, 2734960.70435045985505 ], [ 318100.284810134966392, 2735002.719366201665252 ], [ 318079.179925345699303, 2735047.016324358060956 ], [ 318062.518527509062551, 2735093.168621007818729 ], [ 318050.461074994236697, 2735140.731784304138273 ], [ 318045.457110455376096, 2735173.818792772013694 ], [ 318045.04884385690093, 2735175.674448220059276 ], [ 318042.585447045974433, 2735184.274565884843469 ], [ 318036.625338085810654, 2735209.743193066678941 ], [ 318027.802471923234407, 2735258.011129593476653 ], [ 318023.75317538069794, 2735306.911434923764318 ], [ 318024.516445397573989, 2735355.973172385711223 ], [ 318030.084931266319472, 2735404.723850627429783 ], [ 318040.405005423934199, 2735452.693973967805505 ], [ 318055.377279914799146, 2735499.421563895884901 ], [ 318074.857563550933264, 2735544.456608176697046 ], [ 318098.658250551787205, 2735587.365394714754075 ], [ 318126.550127290887758, 2735627.734688439872116 ], [ 318158.264579747861717, 2735665.175710985437036 ], [ 318193.496180408808868, 2735699.327884837053716 ], [ 318231.905629699700512, 2735729.862305890303105 ], [ 318273.123023627209477, 2735756.48491097940132 ], [ 318316.751416156010237, 2735778.939309863373637 ], [ 318362.370642016408965, 2735797.009254407137632 ], [ 318409.54136312531773, 2735810.520721165463328 ], [ 318457.809299652348273, 2735819.343587328214198 ], [ 318506.709604982810561, 2735823.392883870750666 ], [ 318555.771342444757465, 2735822.62961385352537 ], [ 318604.522020686534233, 2735817.061127984896302 ], [ 318652.49214402679354, 2735806.741053827106953 ], [ 318661.610393991577439, 2735803.819419273175299 ], [ 318662.871972443535924, 2735804.878350291866809 ], [ 318677.90180574846454, 2735815.163361738901585 ], [ 318656.656757200253196, 2735852.93669757200405 ], [ 318636.910649416444357, 2735897.855823691003025 ], [ 318621.662468827096745, 2735944.494108957704157 ], [ 318611.059063746710308, 2735992.402401189785451 ], [ 318605.202550762682222, 2736041.119317343924195 ], [ 318604.149331296503078, 2736090.175686886068434 ], [ 318607.243682243512012, 2736130.435627229046077 ], [ 318593.618784146907274, 2736156.969170486554503 ], [ 318584.961907999473624, 2736176.0816316655837 ], [ 318576.034026316890959, 2736195.069011842831969 ], [ 318569.767768624878954, 2736210.294377236161381 ], [ 318569.732384824834298, 2736210.393977753352374 ], [ 318569.687449247052427, 2736210.489649432245642 ], [ 318559.312746352516115, 2736235.72773774061352 ], [ 318555.597202463424765, 2736246.200499296188354 ], [ 318551.324509558209684, 2736256.458573988173157 ], [ 318547.398916223086417, 2736269.308474743273109 ], [ 318542.906375526275951, 2736281.971306593157351 ], [ 318540.235233135637827, 2736292.757825926411897 ], [ 318536.988581561192404, 2736303.385302324779332 ], [ 318531.736116740503348, 2736324.180682799778879 ], [ 318531.216533094644547, 2736326.766215951181948 ], [ 318530.472647649934515, 2736329.296350983902812 ], [ 318501.851661708788015, 2736447.860493663232774 ], [ 318498.856281914224382, 2736463.62429167330265 ], [ 318495.326930491370149, 2736479.277192563284189 ], [ 318487.251354951877147, 2736525.577580821234733 ], [ 318486.626773770374712, 2736530.60537320934236 ], [ 318485.612698334036395, 2736535.569287890568376 ], [ 318477.236978709988762, 2736590.091310284100473 ], [ 318467.708014733914752, 2736645.91823996976018 ], [ 318464.455301498353947, 2736654.417729267850518 ], [ 318449.187441284535453, 2736701.04957577213645 ], [ 318438.563820233452134, 2736748.953389186877757 ], [ 318432.686749623215292, 2736797.667829602025449 ], [ 318431.612828856566921, 2736846.723750325851142 ], [ 318435.352400377567392, 2736895.648716025985777 ], [ 318443.869450068217702, 2736943.971552536822855 ], [ 318457.081954084045719, 2736991.226884527597576 ], [ 318474.86266878870083, 2737036.959617318119854 ], [ 318497.040356179757509, 2737080.72931969165802 ], [ 318523.401433003949933, 2737122.114465488120914 ], [ 318553.692027681041509, 2737160.716493129264563 ], [ 318587.620425225875806, 2737196.163643986918032 ], [ 318624.859876622853335, 2737228.114542621653527 ], [ 318665.051745597913396, 2737256.26148441247642 ], [ 318707.808962481678464, 2737280.333398924209177 ], [ 318752.719751902099233, 2737300.098460460547358 ], [ 318799.351598406326957, 2737315.366320674307644 ], [ 318847.255411820951849, 2737325.989941725507379 ], [ 318895.969852235924918, 2737331.867012335918844 ], [ 318945.025772959983442, 2737332.940933102276176 ], [ 318993.950738659943454, 2737329.201361581217498 ], [ 319042.273575170955155, 2737320.684311890974641 ], [ 319089.528907161438838, 2737307.471807875204831 ], [ 319135.261639952019323, 2737289.691093170084059 ], [ 319179.03134232579032, 2737267.513405779376626 ], [ 319220.416488121962175, 2737241.15232895500958 ], [ 319259.018515763105825, 2737210.861734278034419 ], [ 319294.465666620992124, 2737176.933336733374745 ], [ 319307.627109675377142, 2737161.593395139090717 ], [ 319313.254120505764149, 2737174.154753608629107 ], [ 319323.484146070783027, 2737194.281727885361761 ], [ 319333.556178513914347, 2737214.488228772766888 ], [ 319334.598578988574445, 2737216.148721668869257 ], [ 319335.486922891694121, 2737217.896486107259989 ], [ 319347.640476551023312, 2737236.923825652338564 ], [ 319359.644592836615629, 2737256.045794895384461 ], [ 319360.844730634300504, 2737257.596118952147663 ], [ 319361.900107789901085, 2737259.248394496273249 ], [ 319375.860144173260778, 2737276.992855621967465 ], [ 319389.680738104041666, 2737294.846138210501522 ], [ 319391.0270552400616, 2737296.271362957078964 ], [ 319392.239301790832542, 2737297.812237293459475 ], [ 319407.871378111769445, 2737314.102931135334074 ], [ 319423.375349817855749, 2737330.515590202063322 ], [ 319424.854880525323097, 2737331.801989948842674 ], [ 319426.212321871193126, 2737333.216623610816896 ], [ 319443.365892683330458, 2737347.896661879494786 ], [ 319451.980978291656356, 2737355.387174842413515 ], [ 319412.808618285576813, 2737351.798698149621487 ], [ 319378.375100542616565, 2737350.342498020268977 ], [ 319367.426460460003, 2737348.80925168376416 ], [ 319353.84315135225188, 2737345.587608253117651 ], [ 319335.521530360681936, 2737339.734440690837801 ], [ 319288.104695989750326, 2737327.113803538028151 ], [ 319239.679147873830516, 2737319.201600711327046 ], [ 319190.711250513326377, 2737316.074031049385667 ], [ 319141.672591528389603, 2737317.761214756872505 ], [ 319093.035440012346953, 2737324.246903333347291 ], [ 319045.268198322097305, 2737335.468636051751673 ], [ 318998.830891107325442, 2737351.318341491743922 ], [ 318954.170735021645669, 2737371.643378326203674 ], [ 318911.717831782007124, 2737396.248005338478833 ], [ 318871.881026053684764, 2737424.895266521256417 ], [ 318835.043968052777927, 2737457.309273088350892 ], [ 318801.561418785131536, 2737493.177860437892377 ], [ 318771.755833503557369, 2737532.155594465322793 ], [ 318745.914256287680473, 2737573.867098284885287 ], [ 318724.285555652633775, 2737617.91066731326282 ], [ 318707.078027808864135, 2737663.86213790345937 ], [ 318694.457390656170901, 2737711.278972274623811 ], [ 318686.545187829469796, 2737759.704520390368998 ], [ 318683.417618167237379, 2737808.67241775104776 ], [ 318685.104801874957047, 2737857.711076735984534 ], [ 318691.590490451315418, 2737906.348228252027184 ], [ 318702.812223169836216, 2737954.115469941869378 ], [ 318718.661928610003088, 2738000.552777156699449 ], [ 318738.986965444055386, 2738045.212933242321014 ], [ 318763.591592456621584, 2738087.665836482308805 ], [ 318792.238853639224544, 2738127.502642210572958 ], [ 318824.652860206435435, 2738164.339700211305171 ], [ 318860.521447555802297, 2738197.822249479126185 ], [ 318899.499181583407335, 2738227.627834760583937 ], [ 318941.210685403086245, 2738253.469411976635456 ], [ 318985.254254431230947, 2738275.098112611565739 ], [ 319031.205725021543913, 2738292.305640455335379 ], [ 319067.717531365749892, 2738303.969986128155142 ], [ 319086.158601693110541, 2738308.878328500781208 ], [ 319104.488146299147047, 2738314.188007845077664 ], [ 319159.470682549464982, 2738327.228580307681113 ], [ 319182.502288762829266, 2738331.509785224217921 ], [ 319205.514676233578939, 2738335.893119609449059 ], [ 319263.690767969354056, 2738344.040093010757118 ], [ 319287.800738567020744, 2738346.217027008533478 ], [ 319311.907848511938937, 2738348.425415835808963 ], [ 319370.556191266630776, 2738350.905665601603687 ], [ 319419.622723675507586, 2738350.570910069625825 ], [ 319468.420175539737102, 2738345.428405284881592 ], [ 319516.478600722330157, 2738335.527676378842443 ], [ 319563.335170317441225, 2738320.964072783477604 ], [ 319608.538629945425782, 2738301.877849962562323 ], [ 319651.653645579353906, 2738278.452818675898015 ], [ 319692.264996049576439, 2738250.914574779570103 ], [ 319729.981571850774344, 2738219.528326617088169 ], [ 319764.440141739847604, 2738184.596340914722532 ], [ 319795.308850851841271, 2738146.455031791236252 ], [ 319822.290416643489152, 2738105.47172090318054 ], [ 319845.124991886550561, 2738062.041099938564003 ], [ 319863.592667138844263, 2738016.581429518759251 ], [ 319877.515588592155837, 2737969.530511120799929 ], [ 319886.759670901868958, 2737921.34147080918774 ], [ 319891.235888502094895, 2737872.47839538520202 ], [ 319890.901132970291656, 2737823.411862976383418 ], [ 319885.758628185256384, 2737774.614411111921072 ], [ 319875.857899279217236, 2737726.555985929444432 ], [ 319861.294295683910605, 2737679.699416334275156 ], [ 319842.208072863169946, 2737634.495956706348807 ], [ 319818.783041576389223, 2737591.38094107247889 ], [ 319791.244797680294141, 2737550.769590602256358 ], [ 319759.858549517462961, 2737513.05301480088383 ], [ 319724.92656381521374, 2737478.594444911926985 ], [ 319708.647772125666961, 2737465.419614343438298 ], [ 319730.825910562707577, 2737468.243314412888139 ], [ 319732.785686621849891, 2737468.299110519699752 ], [ 319734.732437070808373, 2737468.531485455110669 ], [ 319755.233763643191196, 2737468.954460429027677 ], [ 319763.517855126818176, 2737475.146615546196699 ], [ 319781.540360619779676, 2737488.833363176323473 ], [ 319851.444816569332033, 2737536.700556113384664 ], [ 319856.359335132176057, 2737539.722682682331651 ], [ 319861.033208801294677, 2737543.105085176415741 ], [ 319919.774656428257003, 2737581.369111927226186 ], [ 319919.934459414740559, 2737581.462372131645679 ], [ 319920.08443195244763, 2737581.570735860150307 ], [ 319941.123476099339314, 2737593.828173760790378 ], [ 319962.15345330076525, 2737606.101160761434585 ], [ 319962.321627887780778, 2737606.178308459464461 ], [ 319962.481499772402458, 2737606.271450509317219 ], [ 319984.620674411067739, 2737616.407678658142686 ], [ 320006.752349384187255, 2737626.560269540641457 ], [ 320006.927275960857514, 2737626.620561758987606 ], [ 320007.095507536549121, 2737626.697585119865835 ], [ 320077.923007699602749, 2737655.009017563425004 ], [ 320102.623279689578339, 2737684.175613531377167 ], [ 320137.851252916909289, 2737718.331529068760574 ], [ 320176.257458990672603, 2737748.870029341429472 ], [ 320217.472025151422713, 2737775.497011898551136 ], [ 320261.098032596870326, 2737797.956044341437519 ], [ 320306.715339026879519, 2737816.030833910685033 ], [ 320353.884624843602069, 2737829.547310501802713 ], [ 320402.151624039222952, 2737838.375303057022393 ], [ 320451.051499026070815, 2737842.429793181363493 ], [ 320466.629031956370454, 2737842.18910309812054 ], [ 320506.308152559387963, 2737857.784019354265183 ], [ 320553.514691749354824, 2737871.169807400088757 ], [ 320601.805955215531867, 2737879.864089241717011 ], [ 320650.716871692158747, 2737883.783134191762656 ], [ 320699.776402315997984, 2737882.889199705328792 ], [ 320748.512076988583431, 2737877.190894860308617 ], [ 320796.454544521169737, 2737866.743097446858883 ], [ 320843.142092743422836, 2737851.646425466053188 ], [ 320888.125095043855254, 2737832.046268121339381 ], [ 320930.970340520201717, 2737808.131385642569512 ], [ 320971.265206036856398, 2737780.132091421168298 ], [ 321008.621630011533853, 2737748.318033966701478 ], [ 321042.67984966019867, 2737712.995600043330342 ], [ 321073.111865709593985, 2737674.504963999148458 ], [ 321099.624601209303364, 2737633.216811700724065 ], [ 321121.962724023149349, 2737589.528770624659956 ], [ 321139.911105817125645, 2737543.861580489203334 ], [ 321153.296893863007426, 2737496.65504129929468 ], [ 321161.991175704461057, 2737448.36377783305943 ], [ 321165.910220654623117, 2737399.452861356548965 ], [ 321165.016286168189254, 2737350.393330732826144 ], [ 321159.317981323052663, 2737301.657656060066074 ], [ 321148.870183909777552, 2737253.715188527479768 ], [ 321133.773511928797234, 2737207.027640305459499 ], [ 321114.173354584025219, 2737162.044638004619628 ], [ 321090.25847210525535, 2737119.199392528273165 ], [ 321062.259177883854136, 2737078.904527011793107 ], [ 321030.445120429270901, 2737041.548103037290275 ], [ 320995.12268650601618, 2737007.489883388392627 ], [ 320956.63205046200892, 2736977.057867338880897 ], [ 320850.494546434318181, 2736901.298709767404944 ], [ 320837.346333394234534, 2736892.855728543363512 ], [ 320824.50760028406512, 2736883.949193295557052 ], [ 320816.713769234309439, 2736879.606753091793507 ], [ 320809.206394135835581, 2736874.785974267870188 ], [ 320795.293936461384874, 2736867.672398549504578 ], [ 320781.644032243581023, 2736860.067166607361287 ], [ 320735.976507672166917, 2736837.484504438005388 ], [ 320713.76118204445811, 2736827.825020977761596 ], [ 320691.557839850429446, 2736818.138023435138166 ], [ 320657.605879026290495, 2736805.269051130395383 ], [ 320631.035079801164102, 2736795.195722728967667 ], [ 320631.020902963995468, 2736795.191130108665675 ], [ 320631.007244189095218, 2736795.185170841403306 ], [ 320596.673199710377958, 2736782.171035180334002 ], [ 320595.452351232233923, 2736781.775618700310588 ], [ 320594.273523178941105, 2736781.268480047117919 ], [ 320473.37440227845218, 2736736.149936127010733 ], [ 320424.166138105967548, 2736716.48022530041635 ], [ 320411.675547693681438, 2736708.343887076247483 ], [ 320391.472273430088535, 2736694.509661289397627 ], [ 320369.247653842787258, 2736655.344062115997076 ], [ 320365.613329080690164, 2736649.614045747555792 ], [ 320362.394946135929786, 2736643.640486063435674 ], [ 320352.47907136392314, 2736628.906069264747202 ], [ 320342.966469795152079, 2736613.908135325647891 ], [ 320338.788005479553249, 2736608.56193666998297 ], [ 320334.999608692596667, 2736602.932598004117608 ], [ 320323.68725617142627, 2736589.241057141683996 ], [ 320312.750405781145673, 2736575.24774035345763 ], [ 320308.068042810831685, 2736570.336846230085939 ], [ 320303.746116510475986, 2736565.105942186433822 ], [ 320291.146230369224213, 2736552.58913427265361 ], [ 320278.890459015092347, 2736539.735197937116027 ], [ 320273.749291106534656, 2736535.306902941782027 ], [ 320270.139753657218534, 2736531.721165229100734 ], [ 320267.405743945564609, 2736521.379392500966787 ], [ 320262.26708064833656, 2736500.82943352824077 ], [ 320261.137043054273818, 2736497.667157813441008 ], [ 320260.278757261286955, 2736494.420572196133435 ], [ 320252.883536196080968, 2736474.570701166521758 ], [ 320245.755368756188545, 2736454.623372948728502 ], [ 320241.541873377223965, 2736444.43944534426555 ], [ 320240.649659051909111, 2736430.091815957799554 ], [ 320239.514266487094574, 2736408.172520008403808 ], [ 320239.127298116276506, 2736405.610847789328545 ], [ 320238.966502583934925, 2736403.025107301771641 ], [ 320238.046264856879134, 2736397.332928979303688 ], [ 320242.927735899225809, 2736398.1210359018296 ], [ 320245.920788873161655, 2736398.306520831305534 ], [ 320248.886764010123443, 2736398.748971132095903 ], [ 320270.40132291050395, 2736399.823623994830996 ], [ 320291.901458407344762, 2736401.156026446260512 ], [ 320294.898279715445824, 2736401.047247721813619 ], [ 320297.893340584647376, 2736401.196851102169603 ], [ 320317.967722043045796, 2736401.213335485197604 ], [ 320324.84809134027455, 2736400.880987943150103 ], [ 320331.734759106067941, 2736401.035077346954495 ], [ 320349.341434293077327, 2736399.697867972310632 ], [ 320366.978252750996035, 2736398.845943750347942 ], [ 320373.792915429279674, 2736397.840802430640906 ], [ 320380.661525414732751, 2736397.319138370454311 ], [ 320398.052350212819874, 2736394.262612071353942 ], [ 320415.520739389816299, 2736391.686079588253051 ], [ 320422.204066527658142, 2736390.017824550159276 ], [ 320428.988470258482266, 2736388.825430936645716 ], [ 320451.727588661073241, 2736383.667276434600353 ], [ 320457.940255828900263, 2736381.933461155276746 ], [ 320464.262054130376782, 2736380.653533418662846 ], [ 320481.560077732661739, 2736375.34170160908252 ], [ 320498.989297142834403, 2736370.477599589154124 ], [ 320505.002105005725753, 2736368.143185234162956 ], [ 320511.168007262749597, 2736366.249776108656079 ], [ 320527.862085587112233, 2736359.268019415438175 ], [ 320544.730613174033351, 2736352.718977130483836 ], [ 320550.485655103868339, 2736349.806445386726409 ], [ 320556.436280308582354, 2736347.317789436783642 ], [ 320572.365640259522479, 2736338.733345991000533 ], [ 320588.511022876598872, 2736330.562434300314635 ], [ 320593.952874674287159, 2736327.099834440276027 ], [ 320599.630915052315686, 2736324.039898783434182 ], [ 320614.642148177197669, 2736313.935441473964602 ], [ 320629.908896972250659, 2736304.221350718755275 ], [ 320634.985150632273871, 2736300.242029470391572 ], [ 320640.335923548671417, 2736296.640282961074263 ], [ 320661.299730092345271, 2736280.981284733861685 ], [ 320672.962721402815077, 2736271.342916525434703 ], [ 320709.595663120620884, 2736248.906128722708672 ], [ 320714.259888414118905, 2736246.77964899642393 ], [ 320735.569288336846512, 2736237.18411828065291 ], [ 320736.580724930798169, 2736236.603295296430588 ], [ 320737.641978497093078, 2736236.119456276763231 ], [ 320748.987686451524496, 2736229.533621876500547 ], [ 320765.624139367544558, 2736231.013238628860563 ], [ 320785.822176525660325, 2736233.154427711386234 ], [ 320790.053116576920729, 2736233.185908734798431 ], [ 320794.2675385188777, 2736233.560731982346624 ], [ 320814.577841310005169, 2736233.368389088660479 ], [ 320834.888492629106622, 2736233.519513918086886 ], [ 320839.102145230281167, 2736233.136138706933707 ], [ 320843.33301267871866, 2736233.096071491017938 ], [ 320863.526662908378057, 2736230.913896982558072 ], [ 320883.754325715301093, 2736229.073502143844962 ], [ 320887.910111082892399, 2736228.278962811455131 ], [ 320892.116678476973902, 2736227.824391001369804 ], [ 320911.999200259626377, 2736223.673400410450995 ], [ 320931.949071098817512, 2736219.859209912829101 ], [ 320936.006966752524022, 2736218.661158306524158 ], [ 320940.148722544137854, 2736217.796459677629173 ], [ 320959.52863631042419, 2736211.716629317495972 ], [ 320979.008587035699748, 2736205.965375896077603 ], [ 320982.929513222945388, 2736204.375349906738847 ], [ 320986.966570038814098, 2736203.108851980417967 ], [ 321005.657236644998193, 2736195.15873393509537 ], [ 321024.479664662096184, 2736187.525805309880525 ], [ 321028.225860712118447, 2736185.559117760974914 ], [ 321032.11933949647937, 2736183.903017601463944 ], [ 321049.940757606993429, 2736174.159175850450993 ], [ 321067.924392643442843, 2736164.718081299681216 ], [ 321071.459780648059677, 2736162.393672463484108 ], [ 321075.172185064177029, 2736160.363919223658741 ], [ 321091.952724675589707, 2736148.920192291494459 ], [ 321108.924374499998521, 2736137.761854715179652 ], [ 321112.214906734181568, 2736135.102109923493117 ], [ 321115.710484303999692, 2736132.718251233454794 ], [ 321131.288539642817341, 2736119.684848467819393 ], [ 321147.084757993696257, 2736106.916728754993528 ], [ 321150.098744840186555, 2736103.947262798901647 ], [ 321153.343831233854871, 2736101.232256525196135 ], [ 321195.718123705184553, 2736062.089166011661291 ], [ 321210.227346275874879, 2736047.302505185361952 ], [ 321224.960929960594513, 2736032.739387747831643 ], [ 321227.404881913389545, 2736029.796509115025401 ], [ 321230.084088621544652, 2736027.066071927081794 ], [ 321243.074099114048295, 2736010.92846040520817 ], [ 321256.309301437286194, 2735994.991324623115361 ], [ 321302.034799224114977, 2735934.081554401665926 ], [ 321303.475244085071608, 2735931.952696184627712 ], [ 321305.097019705339335, 2735929.958514008205384 ], [ 321317.220870235294569, 2735911.637799051124603 ], [ 321329.532262523309328, 2735893.44258079258725 ], [ 321330.757106653996743, 2735891.182785323821008 ], [ 321332.175608947116416, 2735889.039243870880455 ], [ 321342.445335733762477, 2735869.618403005879372 ], [ 321352.914002041798085, 2735850.304072230122983 ], [ 321353.911449523700867, 2735847.935102574992925 ], [ 321355.113017537049018, 2735845.662845321930945 ], [ 321363.429717496561352, 2735825.328911865130067 ], [ 321371.954838846228085, 2735805.081476133782417 ], [ 321372.715283714875113, 2735802.626146764494479 ], [ 321373.688345691713039, 2735800.2470567910932 ], [ 321395.795859916892368, 2735737.582334761042148 ], [ 321397.738900535157882, 2735731.072774438653141 ], [ 321400.138948284846265, 2735724.717496849130839 ], [ 321404.752694084891118, 2735707.575215112417936 ], [ 321409.830217071692459, 2735690.564535119570792 ], [ 321411.125852930883411, 2735683.895868823397905 ], [ 321412.891417659120634, 2735677.335947816260159 ], [ 321415.802709577546921, 2735659.823984682559967 ], [ 321419.188444695377257, 2735642.397531479597092 ], [ 321419.824198113521561, 2735635.633982113096863 ], [ 321420.93827646720456, 2735628.932593312580138 ], [ 321427.575813246192411, 2735571.796312421094626 ], [ 321428.57220153947128, 2735556.849657537881285 ], [ 321430.139542222896125, 2735541.952049509156495 ], [ 321430.203142260725144, 2735532.38418733747676 ], [ 321430.839565838861745, 2735522.837303210049868 ], [ 321430.366127880988643, 2735507.864957424812019 ], [ 321430.465700453962199, 2735492.885459198616445 ], [ 321429.591179751092568, 2735483.357435004319996 ], [ 321429.288780494476669, 2735473.794141314458102 ], [ 321427.350075751950499, 2735458.940296501852572 ], [ 321425.980921276030131, 2735444.023168834857643 ], [ 321413.130765177076682, 2735353.24088398180902 ], [ 321410.824177759001032, 2735341.228110410738736 ], [ 321409.111848238797393, 2735329.116339193657041 ], [ 321406.200702817470301, 2735317.148920023813844 ], [ 321403.878239465237129, 2735305.05346413096413 ], [ 321400.405301182763651, 2735293.324620449449867 ], [ 321397.514055818610359, 2735281.439008365850896 ], [ 321377.939887251413893, 2735215.291983780451119 ], [ 321372.216202814772259, 2735198.944955762010068 ], [ 321366.967069370672107, 2735182.43942678719759 ], [ 321364.112690885784104, 2735175.801063393708318 ], [ 321361.724745745479595, 2735168.981014778837562 ], [ 321354.426333472598344, 2735153.273721344769001 ], [ 321347.584651293000206, 2735137.362176057416946 ], [ 321344.09334402467357, 2735131.035556215327233 ], [ 321341.048415830475278, 2735124.482407551724464 ], [ 321332.245563423261046, 2735109.566118529532105 ], [ 321323.877221645670943, 2735094.401793803088367 ], [ 321275.086831870430615, 2735015.41682470170781 ], [ 321272.317914578074124, 2735011.390561723615974 ], [ 321269.873869209957775, 2735007.159209840465337 ], [ 321216.697417803807184, 2734924.719464356079698 ], [ 321216.210451860504691, 2734924.040177097078413 ], [ 321215.789997998857871, 2734923.317829839885235 ], [ 321188.658331081038341, 2734881.562239476945251 ], [ 321185.061594840546604, 2734876.580234833993018 ], [ 321181.841004046087619, 2734871.34719777898863 ], [ 321170.707376328180544, 2734856.697547172196209 ], [ 321164.451734186557587, 2734848.032569784671068 ], [ 321164.656752864189912, 2734840.13357993774116 ], [ 321164.033689376781695, 2734831.521949662361294 ], [ 321163.959682213433553, 2734822.888126232661307 ], [ 321162.264232777350117, 2734807.065523744560778 ], [ 321161.11589365650434, 2734791.193831471260637 ], [ 321154.485990994493477, 2734736.81094815582037 ], [ 321153.31386118219234, 2734675.494740746449679 ], [ 321152.701579439570196, 2734666.531085253227502 ], [ 321152.648129527282435, 2734657.546701476443559 ], [ 321151.030574106029235, 2734642.06797440815717 ], [ 321149.969980261230376, 2734626.541138996370137 ], [ 321148.482054944208357, 2734617.680660059675574 ], [ 321147.548238802468404, 2734608.744777554646134 ], [ 321144.421291789389215, 2734593.499132944270968 ], [ 321142.871309053967707, 2734584.269106932450086 ], [ 321140.568653527123388, 2734564.412525026593357 ], [ 321139.084329364995938, 2734555.472811319399625 ], [ 321138.156239397882018, 2734546.458359123207629 ], [ 321135.068073037837166, 2734531.283902551513165 ], [ 321134.236175927158911, 2734526.273594026453793 ], [ 321133.577749727293849, 2734517.128323304466903 ], [ 321131.601491635956336, 2734500.869935119990259 ], [ 321130.157184797222726, 2734484.555684902239591 ], [ 321128.642700866505038, 2734476.528393345419317 ], [ 321127.656999619153794, 2734468.41917239734903 ], [ 321124.09665703412611, 2734452.432779960799962 ], [ 321121.655187849828508, 2734439.492144163232297 ], [ 321121.873538989573717, 2734438.143383810296655 ], [ 321124.485874188016169, 2734414.792618426959962 ], [ 321127.195199655427132, 2734391.452907745726407 ], [ 321131.151661507261451, 2734332.024896651040763 ], [ 321131.343026098620612, 2734321.021856350358576 ], [ 321132.12983727408573, 2734310.045315709430724 ], [ 321134.447966181964148, 2734206.90352086070925 ], [ 321134.275051757285837, 2734200.408421206753701 ], [ 321134.571135596663225, 2734193.917769986670464 ], [ 321134.173197947675362, 2734080.287271414883435 ], [ 321133.708831237687264, 2734071.465369781479239 ], [ 321133.799507600720972, 2734062.6317203277722 ], [ 321127.061596688057762, 2733889.163700576405972 ], [ 321126.611040872638114, 2733884.051730638835579 ], [ 321126.558453743171412, 2733878.920213146135211 ], [ 321114.073278606694657, 2733668.748453841079026 ], [ 321113.035449905437417, 2733659.213893321808428 ], [ 321112.569553030712996, 2733649.634338383562863 ], [ 321105.842123557813466, 2733580.983937795739621 ], [ 321103.875407032843214, 2733567.680394800845534 ], [ 321102.500964996346738, 2733554.302684263326228 ], [ 321097.094029714062344, 2733518.879535150714219 ], [ 321095.397865029517561, 2733510.535951892379671 ], [ 321094.239925185742322, 2733502.100815168581903 ], [ 321090.51302683976246, 2733486.507003221660852 ], [ 321087.319015833607409, 2733470.795382173731923 ], [ 321084.813204474805389, 2733462.658228761982173 ], [ 321082.834052447637077, 2733454.377207478042692 ], [ 321077.596639281546231, 2733439.223783914931118 ], [ 321072.87800014676759, 2733423.900886442977935 ], [ 321069.586674446705729, 2733416.048528112471104 ], [ 321066.805370552290697, 2733408.001373031642288 ], [ 321048.01467343326658, 2733361.208416902460158 ], [ 321038.381396362558007, 2733340.255951230414212 ], [ 321028.871880026941653, 2733319.247025926597416 ], [ 320999.97992487839656, 2733262.947190208360553 ], [ 320987.744484852417372, 2733241.736402437556535 ], [ 320975.513040192890912, 2733220.523309997748584 ], [ 320975.485599443200044, 2733220.484970844350755 ], [ 320975.462041029415559, 2733220.444131077732891 ], [ 320961.206496888829861, 2733200.534761412534863 ], [ 320946.954703661205713, 2733180.62270751548931 ], [ 320927.109597546514124, 2733155.589082189369947 ], [ 320921.619702912052162, 2733149.32193347485736 ], [ 320916.547581988968886, 2733142.712116119451821 ], [ 320905.46255739236949, 2733130.877274603582919 ], [ 320894.777834258275107, 2733118.679818493314087 ], [ 320888.700086970580742, 2733112.980951584409922 ], [ 320883.004514302301686, 2733106.900117096025497 ], [ 320870.812849809357431, 2733096.20878598978743 ], [ 320858.984016768343281, 2733085.117349969688803 ], [ 320852.376948857971001, 2733080.041648071724921 ], [ 320846.112775921006687, 2733074.548358208499849 ], [ 320832.931883923127316, 2733065.103500873316079 ], [ 320820.072859105945099, 2733055.224901537410915 ], [ 320813.000100247503724, 2733050.821246433537453 ], [ 320806.227654452726711, 2733045.968404580838978 ], [ 320787.430096484022215, 2733033.848982101306319 ], [ 320780.132320899982005, 2733029.635822209529579 ], [ 320773.121206623967737, 2733024.961154162418097 ], [ 320758.896671420661733, 2733017.376033507287502 ], [ 320744.935707452066708, 2733009.316074309870601 ], [ 320737.260110767500009, 2733005.838509028311819 ], [ 320729.82455932936864, 2733001.873560157138854 ], [ 320714.925047314551193, 2732995.719212193973362 ], [ 320700.241295052459463, 2732989.066477668005973 ], [ 320692.261797459970694, 2732986.35799785098061 ], [ 320684.473417284199968, 2732983.140952781308442 ], [ 320659.808868165418971, 2732974.343302918598056 ], [ 320643.308208307134919, 2732969.355672357138246 ], [ 320626.960290904913563, 2732963.888147218152881 ], [ 320594.895490540191531, 2732954.887275286950171 ], [ 320587.173440559301525, 2732953.123313453048468 ], [ 320579.585691920365207, 2732950.850058566313237 ], [ 320570.871674114605412, 2732948.69912859192118 ], [ 320569.468127715575974, 2732948.055719800759107 ], [ 320564.835489054501522, 2732945.866821192670614 ], [ 320566.20104246342089, 2732929.673363733571023 ], [ 320568.155777121719439, 2732912.430613870732486 ], [ 320570.334410002047662, 2732878.327111364807934 ], [ 320570.524698839930352, 2732865.391049088444561 ], [ 320571.31522820884129, 2732852.477762119378895 ], [ 320570.885334508493543, 2732840.874605981633067 ], [ 320571.056114992592484, 2732829.264744872692972 ], [ 320569.977531706332229, 2732816.372321705333889 ], [ 320569.498530999291688, 2732803.443730313330889 ], [ 320567.933399171161, 2732791.938583494629711 ], [ 320566.965391915058717, 2732780.367887625936419 ], [ 320564.62832385126967, 2732767.643264648970217 ], [ 320562.884406106895767, 2732754.823878238443285 ], [ 320560.199109226174187, 2732743.527541592717171 ], [ 320558.101636668783613, 2732732.107443089596927 ], [ 320554.528591070731636, 2732719.673165379092097 ], [ 320551.536551170051098, 2732707.086441647727042 ], [ 320547.756950113165658, 2732696.107705070637167 ], [ 320544.550212062255014, 2732684.948185726534575 ], [ 320539.775599312444683, 2732672.924002174288034 ], [ 320535.974529302562587, 2732661.882903994992375 ], [ 320531.196125195419881, 2732632.318051555193961 ], [ 320518.657022476312704, 2732584.879590714816004 ], [ 320501.528516690945253, 2732538.89860602049157 ], [ 320479.975564713298809, 2732494.817919490393251 ], [ 320454.205733253038488, 2732453.062052233144641 ], [ 320424.467199874343351, 2732414.033136076293886 ], [ 320391.046362910361495, 2732378.107040817383677 ], [ 320354.265083290752955, 2732345.62975439382717 ], [ 320314.477584844920784, 2732316.914050827268511 ], [ 320272.067042933020275, 2732292.236478040460497 ], [ 320227.441894257557578, 2732271.834694549906999 ], [ 320181.031903394905385, 2732255.905180683359504 ], [ 320133.284023927350063, 2732244.601346367038786 ], [ 320084.658094035810791, 2732238.0320537048392 ], [ 320046.420253786665853, 2732236.650656383018941 ], [ 320045.699500512622762, 2732236.593468695878983 ], [ 320045.134431966114789, 2732236.60420420859009 ], [ 320035.622408006747719, 2732236.260568575933576 ], [ 320024.168098000460304, 2732236.409215400461107 ], [ 320010.416409604658838, 2732237.263798113912344 ], [ 319996.64067920105299, 2732237.525517739355564 ], [ 319985.944343403447419, 2732238.784586262423545 ], [ 319975.194896295957733, 2732239.452598175499588 ], [ 319961.593189794686623, 2732241.650967010296881 ], [ 319947.909446305129677, 2732243.261684084776789 ], [ 319937.388026582077146, 2732245.563114095944911 ], [ 319926.755817620025482, 2732247.281539414543658 ], [ 319913.43508488102816, 2732250.80252287723124 ], [ 319899.975110236788169, 2732253.746725314762443 ], [ 319889.729933613212779, 2732257.068352784961462 ], [ 319879.317356779647525, 2732259.820642133709043 ], [ 319866.405883738712873, 2732264.630331228952855 ], [ 319853.299304856045637, 2732268.879664750304073 ], [ 319843.42903798824409, 2732273.189500589389354 ], [ 319833.336372085323092, 2732276.949147918727249 ], [ 319820.958503282279707, 2732283.001222713850439 ], [ 319808.331543684238568, 2732288.514763912186027 ], [ 319802.252320394560229, 2732291.914194300305098 ], [ 319791.279869562829845, 2732296.276198973413557 ], [ 319747.679403434915002, 2732318.784775501582772 ], [ 319706.495111772848759, 2732345.458560088649392 ], [ 319668.123621818958782, 2732376.040669607464224 ], [ 319632.934471997432411, 2732410.236581625416875 ], [ 319601.266553057474084, 2732447.716970816720277 ], [ 319573.424844369816128, 2732488.120880543719977 ], [ 319549.677476809069049, 2732531.059199069626629 ], [ 319530.253150506410748, 2732576.118406914640218 ], [ 319515.338932342536282, 2732622.864559274632484 ], [ 319505.078454391274136, 2732670.847465148661286 ], [ 319502.282175210886635, 2732695.600847811903805 ], [ 319480.717454819881823, 2732696.636134924832731 ], [ 319432.172860413906164, 2732703.781694235280156 ], [ 319384.562408788187895, 2732715.651048046536744 ], [ 319338.344614618399646, 2732732.129887992981821 ], [ 319293.964580527739599, 2732753.059513838030398 ], [ 319251.849710504990071, 2732778.238361842930317 ], [ 319212.405593770788983, 2732807.42394593777135 ], [ 319176.012098731705919, 2732840.335192993283272 ], [ 319143.019714639638551, 2732876.655149708967656 ], [ 319113.74617618881166, 2732916.034035047050565 ], [ 319088.473403557145502, 2732958.092608815059066 ], [ 319074.902952178788837, 2732986.702277415897697 ], [ 319070.05744976841379, 2732993.16664827009663 ], [ 319044.617720022564754, 2733035.124446285888553 ], [ 319023.413072904862929, 2733079.373735596891493 ], [ 319006.647720758686773, 2733125.488371357321739 ], [ 318994.48312309011817, 2733173.024244416039437 ], [ 318987.808710396289825, 2733216.49380911141634 ], [ 318966.808679417008534, 2733242.114109376911074 ], [ 318939.572903380845673, 2733282.928924917709082 ], [ 318916.468826553027611, 2733326.216778847388923 ], [ 318897.718953823263291, 2733371.560785469133407 ], [ 318891.514933169470169, 2733392.057469132822007 ], [ 318889.881214326422196, 2733393.692835930269212 ], [ 318882.758203076256905, 2733402.381177799310535 ], [ 318818.139511928078718, 2733386.432558190077543 ], [ 318769.981810158526059, 2733377.02658008178696 ] ] ], [ [ [ 319444.774698674853425, 2741367.142305591143668 ], [ 319407.246468297031242, 2741407.778166627977043 ], [ 319375.764967055816669, 2741445.415272567421198 ], [ 319348.124139342398848, 2741485.956872279755771 ], [ 319324.59018143749563, 2741529.01252799667418 ], [ 319305.389738220896106, 2741574.167590217664838 ], [ 319290.707720456644893, 2741620.98719100933522 ], [ 319280.68552400189219, 2741669.020432021468878 ], [ 319275.419668087211903, 2741717.80472688563168 ], [ 319274.960865783621557, 2741766.870256173890084 ], [ 319279.3135356081184, 2741815.744492017664015 ], [ 319288.435758970910683, 2741863.956748807802796 ], [ 319302.239683874242473, 2741911.042716156691313 ], [ 319320.592370975355152, 2741956.548930458258837 ], [ 319343.317073864862323, 2742000.037141992710531 ], [ 319370.194941231340636, 2742041.088535510469228 ], [ 319400.967124519112986, 2742079.307763650082052 ], [ 319435.337270781339612, 2742114.326754352543503 ], [ 319472.974376720841974, 2742145.808255593758076 ], [ 319513.515976432943717, 2742173.449083307292312 ], [ 319556.571632150094956, 2742196.9830412119627 ], [ 319594.668228589463979, 2742213.182144938502461 ], [ 319598.110720193246379, 2742216.303426865953952 ], [ 319609.956799732870422, 2742227.761469116900116 ], [ 319616.276304840459488, 2742232.774029436986893 ], [ 319622.251860363467131, 2742238.192021870054305 ], [ 319635.487490244791843, 2742248.012125461827964 ], [ 319648.399612209002953, 2742258.253875267226249 ], [ 319655.180004000198096, 2742262.622878920286894 ], [ 319661.657841714972164, 2742267.429075374733657 ], [ 319675.79227689281106, 2742275.904573892243207 ], [ 319689.646090488124173, 2742284.831397602334619 ], [ 319696.822070083289873, 2742288.514768694527447 ], [ 319703.739804871671367, 2742292.66288287146017 ], [ 319718.636923011217732, 2742299.712152631953359 ], [ 319724.484840409830213, 2742302.713840361218899 ], [ 319753.868506772327237, 2742331.713849767111242 ], [ 319790.44100222887937, 2742364.426068278960884 ], [ 319830.043749235919677, 2742393.396037098485976 ], [ 319872.295351690729149, 2742418.344759589061141 ], [ 319916.788903564563952, 2742439.031965914648026 ], [ 319963.095907630224247, 2742455.258426969405264 ], [ 320010.770402124559041, 2742466.867873063310981 ], [ 320059.353255604102742, 2742473.748498884029686 ], [ 320108.376588631770574, 2742475.834040244109929 ], [ 320157.368279711517971, 2742473.104412239044905 ], [ 320205.856512076803483, 2742465.58590267971158 ], [ 320253.374317543464713, 2742453.350918923038989 ], [ 320299.464073669107165, 2742436.517290550284088 ], [ 320343.681910906918347, 2742415.247134605888277 ], [ 320385.60198731237324, 2742389.745294318068773 ], [ 320424.820589633891359, 2742360.25736634992063 ], [ 320460.960021292034071, 2742327.067335567902774 ], [ 320493.672239804116543, 2742290.49484011111781 ], [ 320522.642208623525221, 2742250.892093104310334 ], [ 320547.590931113925762, 2742208.640490649268031 ], [ 320568.278137439396232, 2742164.146938775666058 ], [ 320584.504598494269885, 2742117.839934709947556 ], [ 320596.114044588292018, 2742070.165440215729177 ], [ 320602.994670409127139, 2742021.582586735952646 ], [ 320605.080211768916342, 2741972.559253708459437 ], [ 320602.350583764200564, 2741923.567562628537416 ], [ 320594.83207420486724, 2741875.079330263193697 ], [ 320582.597090447961818, 2741827.561524796765298 ], [ 320565.763462075497955, 2741781.471768671181053 ], [ 320544.493306130811106, 2741737.253931433428079 ], [ 320523.956196223560255, 2741703.49490829044953 ], [ 320523.861547567998059, 2741702.433427327312529 ], [ 320520.044680508319288, 2741674.954561243765056 ], [ 320516.627364467771258, 2741656.904147744644433 ], [ 320513.656521311786491, 2741638.77490155864507 ], [ 320472.790517736808397, 2741448.457639878150076 ], [ 320491.648655156372115, 2741288.809515763539821 ], [ 320505.009759213717189, 2741217.993405812885612 ], [ 320512.515024378488306, 2741208.544807720929384 ], [ 320526.823224596504588, 2741190.785502527840436 ], [ 320527.772221196908504, 2741189.337075870949775 ], [ 320528.849262583244126, 2741187.981156930793077 ], [ 320541.215555936971214, 2741168.818894471041858 ], [ 320553.714141966134775, 2741149.74265629472211 ], [ 320554.516598249960225, 2741148.208186274394393 ], [ 320555.4555500902934, 2741146.753227938432246 ], [ 320565.884066193946637, 2741126.471128297038376 ], [ 320576.452669799793512, 2741106.261671762913465 ], [ 320577.100857673620339, 2741104.655936165712774 ], [ 320577.892677349213045, 2741103.115950476843864 ], [ 320585.102520736923907, 2741084.892977366223931 ], [ 320595.838130416348577, 2741080.59590891841799 ], [ 320600.156102244509384, 2741078.616533994674683 ], [ 320604.617123722448014, 2741076.984941772650927 ], [ 320622.449967621825635, 2741068.396940203383565 ], [ 320640.442635602958035, 2741060.149031871929765 ], [ 320644.545802549633663, 2741057.755952926818281 ], [ 320648.825418983236887, 2741055.694960700813681 ], [ 320665.730621505877934, 2741045.40038834605366 ], [ 320682.828213488624897, 2741035.428606082685292 ], [ 320686.677059809328057, 2741032.64486977737397 ], [ 320690.734056156710722, 2741030.174326026812196 ], [ 320706.548810973123182, 2741018.272325238212943 ], [ 320722.586667788098566, 2741006.672702764626592 ], [ 320726.144126987666823, 2741003.525118002202362 ], [ 320729.939432157261763, 2741000.668815413489938 ], [ 320804.787233905983157, 2740938.358434573747218 ], [ 320822.449201962153893, 2740922.123284622561187 ], [ 320840.146480987372342, 2740905.926632752176374 ], [ 320840.510530178318731, 2740905.521036731544882 ], [ 320840.911779530870263, 2740905.152202217373997 ], [ 320855.578365954745095, 2740888.740049022715539 ], [ 320870.114678974030539, 2740885.947832038160414 ], [ 320870.716293475299608, 2740885.769645604770631 ], [ 320871.332177707343362, 2740885.649741373024881 ], [ 320894.238621074706316, 2740878.802792821545154 ], [ 320917.162157242302783, 2740872.013290334027261 ], [ 320917.743409480899572, 2740871.776993383653462 ], [ 320918.344575391849503, 2740871.597299312707037 ], [ 320940.469599651987664, 2740862.538096617907286 ], [ 320962.617265113629401, 2740853.534387977328151 ], [ 320963.172557312471326, 2740853.242256179451942 ], [ 320963.753215346310753, 2740853.004502820782363 ], [ 320984.883744437305722, 2740841.8202910493128 ], [ 321006.042245051008649, 2740830.689086899627 ], [ 321006.566229442076292, 2740830.343933642841876 ], [ 321007.120787545107305, 2740830.050410691648722 ], [ 321027.053322892810684, 2740816.848899931646883 ], [ 321047.018890759092756, 2740803.697399838361889 ], [ 321047.506521088303998, 2740803.302549136336893 ], [ 321048.029638560779858, 2740802.956083379685879 ], [ 321066.572218978428282, 2740787.864411381073296 ], [ 321085.152574739651754, 2740772.819271495100111 ], [ 321085.599154857278336, 2740772.37852597841993 ], [ 321086.085793795064092, 2740771.982454068958759 ], [ 321103.05984406924108, 2740755.145961907226592 ], [ 321120.076048769929912, 2740738.3520751260221 ], [ 321120.477277869300451, 2740737.869679410476238 ], [ 321120.922751669422723, 2740737.427815740928054 ], [ 321136.164802422863431, 2740719.008648040704429 ], [ 321151.452980703907087, 2740700.627748673316091 ], [ 321151.80499472579686, 2740700.108348498120904 ], [ 321152.20501323568169, 2740699.62494845315814 ], [ 321165.568275247118436, 2740679.800491787493229 ], [ 321178.981193534622435, 2740660.009598022792488 ], [ 321179.280602391867433, 2740659.458195495419204 ], [ 321179.631313214369584, 2740658.937914481852204 ], [ 321190.987090929003898, 2740637.8990892409347 ], [ 321202.395575524191372, 2740616.888798169791698 ], [ 321202.639495747222099, 2740616.31070359563455 ], [ 321202.937521343876142, 2740615.758552206214517 ], [ 321212.176452387531754, 2740593.707973829004914 ], [ 321221.470633374294266, 2740571.680625989567488 ], [ 321224.179595553898253, 2740564.26369945704937 ], [ 321224.288052882708143, 2740564.182674441020936 ], [ 321227.656580977491103, 2740562.073917171917856 ], [ 321243.936321565881371, 2740549.504078732803464 ], [ 321260.413650768692605, 2740537.194390911608934 ], [ 321318.268655756488442, 2740489.375519919209182 ], [ 321323.086872860498261, 2740484.977850855793804 ], [ 321328.209358635940589, 2740480.938686494249851 ], [ 321341.199179038230795, 2740468.446439583785832 ], [ 321354.510311045101844, 2740456.297141999006271 ], [ 321358.874280172458384, 2740451.448381050489843 ], [ 321363.576192437321879, 2740446.926574963610619 ], [ 321375.279008986777626, 2740433.221256585791707 ], [ 321387.335204847098794, 2740419.825742097105831 ], [ 321391.202898586227093, 2740414.572585485875607 ], [ 321395.438955358462408, 2740409.611685134936124 ], [ 321405.742063533631153, 2740394.825284997932613 ], [ 321416.427215491363313, 2740380.312559732701629 ], [ 321419.761385840072762, 2740374.705598225351423 ], [ 321423.49079157441156, 2740369.353379795327783 ], [ 321432.294966807763558, 2740353.628299021162093 ], [ 321441.506171012006234, 2740338.138128451537341 ], [ 321444.274708087206818, 2740332.231360151432455 ], [ 321447.461546567676123, 2740326.539368432480842 ], [ 321454.681999843509402, 2740310.027048137970269 ], [ 321462.330547357792966, 2740293.70861108135432 ], [ 321464.506788631377276, 2740287.558921402320266 ], [ 321467.120368864038028, 2740281.581973381340504 ], [ 321472.687563269224484, 2740264.441436237189919 ], [ 321478.699794400832616, 2740247.451888163108379 ], [ 321480.262781482131686, 2740241.118501972407103 ], [ 321482.277933258097619, 2740234.914158931002021 ], [ 321489.547599019366316, 2740208.122490092180669 ], [ 321489.775070070812944, 2740207.085185552947223 ], [ 321490.09883085207548, 2740206.07378912018612 ], [ 321495.029711485491134, 2740183.123176506254822 ], [ 321495.388270194700453, 2740181.488091187085956 ], [ 321504.692972212797031, 2740174.131168706808239 ], [ 321522.392373651557136, 2740158.666628137230873 ], [ 321540.155427517078351, 2740143.275242702569813 ], [ 321540.865775366837624, 2740142.525818445254117 ], [ 321541.643362680391874, 2740141.846415212377906 ], [ 321557.741746627667453, 2740124.721495910082012 ], [ 321573.91064694034867, 2740107.663140467833728 ], [ 321581.075392379367258, 2740099.319852234330028 ], [ 321622.151940101932269, 2740096.957950894255191 ], [ 321670.626726735557895, 2740089.353233626112342 ], [ 321718.12270138238091, 2740077.033775186631829 ], [ 321764.182451842643786, 2740060.118218694347888 ], [ 321808.36239754059352, 2740038.769470205996186 ], [ 321850.237061447929591, 2740013.193129839375615 ], [ 321889.403167660231702, 2739983.635511734057218 ], [ 321925.483525164308958, 2739950.3812719094567 ], [ 321958.130660393799189, 2739913.750666874926537 ], [ 321987.030163589748554, 2739874.096469380427152 ], [ 322011.903716738277581, 2739831.8005710253492 ], [ 322032.511773925391026, 2739787.270304432138801 ], [ 322048.655868294765241, 2739740.934520410373807 ], [ 322060.180523392395116, 2739693.23945789039135 ], [ 322066.216298001236282, 2739650.069199921563268 ], [ 322083.412283130048309, 2739623.962720459327102 ], [ 322106.256900978041813, 2739580.537381090689451 ], [ 322124.73508816427784, 2739535.081982486881316 ], [ 322138.668889644904993, 2739488.034284985624254 ], [ 322147.924115294765215, 2739439.847383631858975 ], [ 322152.411632231320255, 2739390.985344627406448 ], [ 322152.088223213446327, 2739341.918736119288951 ], [ 322146.957002846698742, 2739293.120096369180828 ], [ 322137.067387588263955, 2739245.059382954612374 ], [ 322122.514619839319494, 2739198.199446817860007 ], [ 322103.438850708596874, 2739152.991574760060757 ], [ 322080.023790280683897, 2739109.871143302880228 ], [ 322067.046660012914799, 2739090.72390775475651 ], [ 322079.87698745628586, 2739071.006209450773895 ], [ 322086.417252535116859, 2739059.786750940140337 ], [ 322093.469091439445037, 2739048.881573980674148 ], [ 322099.544952357246075, 2739038.390143977943808 ], [ 322099.992177439096849, 2739037.522314591798931 ], [ 322100.519109192420729, 2739036.700438052881509 ], [ 322111.229782182490453, 2739015.716016106773168 ], [ 322122.0222298616427, 2738994.773534069769084 ], [ 322122.382239277823828, 2738993.866047795861959 ], [ 322122.826075722638052, 2738992.996480473317206 ], [ 322131.428340868442319, 2738971.063274705782533 ], [ 322140.116097757127136, 2738949.163791596423835 ], [ 322140.385424420062918, 2738948.225388023536652 ], [ 322140.741891168872826, 2738947.316504326183349 ], [ 322147.152903943031561, 2738924.645743531174958 ], [ 322150.370176613912918, 2738913.435935572721064 ], [ 322173.236856887058821, 2738875.149784846231341 ], [ 322194.146728192223236, 2738830.760439886711538 ], [ 322199.817357268300839, 2738814.83376198541373 ], [ 322218.148254456231371, 2738815.298892328049988 ], [ 322267.085939029639121, 2738811.729621744714677 ], [ 322315.438125580141786, 2738803.380806278437376 ], [ 322362.739156119234394, 2738790.332849586382508 ], [ 322408.533495865529403, 2738772.711410623975098 ], [ 322452.3801202934701, 2738750.686193481087685 ], [ 322483.610132112633437, 2738730.946083297487348 ], [ 322481.878854961891193, 2738738.425372718833387 ], [ 322475.552303987089545, 2738787.083480128087103 ], [ 322474.025545626645908, 2738836.127395885530859 ], [ 322477.313283398048952, 2738885.084800271783024 ], [ 322485.38385458936682, 2738933.484206720255315 ], [ 322498.159535188227892, 2738980.859502488747239 ], [ 322515.517288406495936, 2739026.754437580704689 ], [ 322537.289949592028279, 2739070.727018683217466 ], [ 322563.267836115439422, 2739112.353765801526606 ], [ 322593.200766728550661, 2739151.2337906062603 ], [ 322626.800470946589485, 2739186.992657204158604 ], [ 322663.743365250411443, 2739219.285988162271678 ], [ 322672.297785886272322, 2739225.395248958375305 ], [ 322672.347369553521276, 2739225.628275117371231 ], [ 322687.214428903127555, 2739272.389447153545916 ], [ 322706.593295659869909, 2739317.468224722892046 ], [ 322730.297340743243694, 2739360.43047455418855 ], [ 322758.098281241138466, 2739400.862446696963161 ], [ 322789.728378899104428, 2739438.374759156256914 ], [ 322809.396831749996636, 2739457.526667999103665 ], [ 322807.830739060882479, 2739468.560658839065582 ], [ 322805.73045154515421, 2739517.583362316712737 ], [ 322808.445342694001738, 2739566.575872254092246 ], [ 322815.949266621493734, 2739615.066363998223096 ], [ 322828.169956438185181, 2739662.587847606278956 ], [ 322844.989720220677555, 2739708.682665213011205 ], [ 322866.246574449003674, 2739752.906898526940495 ], [ 322891.735803996911272, 2739794.834644006099552 ], [ 322921.211933649901766, 2739834.06211454141885 ], [ 322954.391092166188173, 2739870.211528147105128 ], [ 322990.953746111714281, 2739902.934746209532022 ], [ 323030.547777141735423, 2739931.916626250371337 ], [ 323072.79187309317058, 2739956.878056921530515 ], [ 323117.27920022897888, 2739977.578646000474691 ], [ 323130.175712994998321, 2739982.102075722068548 ], [ 323135.72688042948721, 2740021.025756237562746 ], [ 323147.382588288746774, 2740068.688961524050683 ], [ 323163.653981809969991, 2740114.980196297168732 ], [ 323184.384358578710817, 2740159.453650659415871 ], [ 323209.374073734274134, 2740201.681020934600383 ], [ 323238.382462659035809, 2740241.255634462460876 ], [ 323271.130158709944226, 2740277.796366081573069 ], [ 323307.301783672359306, 2740310.951308570802212 ], [ 323346.548985024506692, 2740340.401161710266024 ], [ 323388.49379076261539, 2740365.862307314760983 ], [ 323432.732249478111044, 2740387.089540633838624 ], [ 323478.8383206303115, 2740403.878431806340814 ], [ 323526.367977549904026, 2740416.06729463301599 ], [ 323568.858762785501312, 2740422.613627752289176 ], [ 323559.12276376405498, 2740439.344389731995761 ], [ 323538.71936417586403, 2740483.968799522612244 ], [ 323522.78816957003437, 2740530.37821346335113 ], [ 323511.482606059580576, 2740578.125683528371155 ], [ 323504.911552401259542, 2740626.751375479623675 ], [ 323503.138291433977429, 2740675.786997321527451 ], [ 323506.17990063020261, 2740724.760309210978448 ], [ 323514.007087630569004, 2740773.199671382084489 ], [ 323526.544472345616668, 2740820.638586298096925 ], [ 323543.671312906837557, 2740866.620191275607795 ], [ 323565.222668477159459, 2740910.701658322010189 ], [ 323580.94692453648895, 2740936.182350986637175 ], [ 323577.760435971838888, 2740946.527803291101009 ], [ 323572.39359043649165, 2740962.151405825745314 ], [ 323570.54243733023759, 2740969.962207390926778 ], [ 323568.179544816084672, 2740977.633721444755793 ], [ 323564.887664407782722, 2740993.8220972311683 ], [ 323562.983268425683491, 2741001.857553113717586 ], [ 323550.013286438304931, 2741015.635841130279005 ], [ 323533.614539597940166, 2741032.962127296254039 ], [ 323501.886104185308795, 2741069.964521136600524 ], [ 323473.614889159041923, 2741099.661406853236258 ], [ 323471.453058340353891, 2741102.167799653019756 ], [ 323469.086368204152677, 2741104.48173465160653 ], [ 323455.433569861983415, 2741120.7405437505804 ], [ 323441.566903892089613, 2741136.817339141853154 ], [ 323439.661152333486825, 2741139.52355945110321 ], [ 323437.532663749589119, 2741142.058328418526798 ], [ 323404.579235149954911, 2741185.459887398406863 ], [ 323403.871773099526763, 2741186.493274048436433 ], [ 323403.07123728870647, 2741187.456359164789319 ], [ 323390.014082419103943, 2741206.73514078464359 ], [ 323376.860620671184734, 2741225.94834347255528 ], [ 323376.257854847470298, 2741227.046097491402179 ], [ 323375.555572685145307, 2741228.083011319860816 ], [ 323352.409697968745604, 2741266.156461100559682 ], [ 323334.769593195233028, 2741289.017080291174352 ], [ 323299.245374737598468, 2741333.437421106733382 ], [ 323292.022823515522759, 2741343.437812858726829 ], [ 323284.320649149885867, 2741353.073662147391587 ], [ 323277.667089655878954, 2741363.314856035169214 ], [ 323270.516594493354205, 2741373.215478494763374 ], [ 323264.30903162912, 2741383.87564944755286 ], [ 323257.588423732318915, 2741394.22004459053278 ], [ 323229.561300428118557, 2741442.377947731409222 ], [ 323218.55241488548927, 2741463.628752986900508 ], [ 323207.49243330443278, 2741484.853010250721127 ], [ 323207.26783957722364, 2741485.411731048952788 ], [ 323206.99084872455569, 2741485.946415386162698 ], [ 323198.11791711935075, 2741508.173951725941151 ], [ 323189.191533391538542, 2741530.380076115950942 ], [ 323177.945424926816486, 2741562.881545555312186 ], [ 323172.223390433064196, 2741582.482308792881668 ], [ 323166.179142314009368, 2741601.986120294313878 ], [ 323165.350534109747969, 2741606.02519894996658 ], [ 323164.195081652898807, 2741609.983188029378653 ], [ 323160.421811079839244, 2741630.050425693858415 ], [ 323156.318375496659428, 2741650.052760926540941 ], [ 323149.592441958666313, 2741693.596388601697981 ], [ 323144.490512088756077, 2741742.398099386598915 ], [ 323144.196553540008608, 2741791.464893170632422 ], [ 323148.71339729387546, 2741840.324229908175766 ], [ 323157.997543675883207, 2741888.505567476153374 ], [ 323171.959581281174906, 2741935.544893255922943 ], [ 323190.465048055106308, 2741980.989192825742066 ], [ 323213.335726236517075, 2742024.40081273810938 ], [ 323240.351358692219947, 2742065.361675362102687 ], [ 323271.251770113420207, 2742103.477305199950933 ], [ 323305.739372646203265, 2742138.380627898965031 ], [ 323343.482031825289596, 2742169.73550538206473 ], [ 323384.116265210672282, 2742197.239973038900644 ], [ 323427.250742921780329, 2742220.629147810395807 ], [ 323472.470056358666625, 2742239.677779157646 ], [ 323519.338718813494779, 2742254.202418347354978 ], [ 323567.40535944578005, 2742264.063185164704919 ], [ 323616.207070230389945, 2742269.165115034673363 ], [ 323665.273864014714491, 2742269.459073583595455 ], [ 323714.133200751966797, 2742264.942229829728603 ], [ 323762.314538320177235, 2742255.658083447720855 ], [ 323809.353864099888597, 2742241.696045842487365 ], [ 323854.798163669591304, 2742223.190579068381339 ], [ 323898.209783582016826, 2742200.319900887086987 ], [ 323939.170646206242964, 2742173.304268431384116 ], [ 323977.286276043625548, 2742142.403857009951025 ], [ 324012.189598742872477, 2742107.916254477575421 ], [ 324043.544476226088591, 2742070.173595298081636 ], [ 324059.9073496881756, 2742045.999601915944368 ], [ 324060.263946268009022, 2742046.071820089127868 ], [ 324109.078370740695391, 2742051.050637950655073 ], [ 324158.145749906252604, 2742051.22083114925772 ], [ 324206.993538080365397, 2742046.580760632175952 ], [ 324255.15130435989704, 2742037.175112814642489 ], [ 324302.155263129912782, 2742023.094469226896763 ], [ 324347.552740572486073, 2742004.474434163887054 ], [ 324390.906534163048491, 2741981.494328741915524 ], [ 324431.799123169737868, 2741954.375463938340545 ], [ 324469.836689606250729, 2741923.379009245894849 ], [ 324504.652910914330278, 2741888.80347746796906 ], [ 324535.91248785040807, 2741850.981849876232445 ], [ 324563.314373600180261, 2741810.278369420208037 ], [ 324586.594673024665099, 2741767.085032866802067 ], [ 324605.529184114013333, 2741721.817815659102052 ], [ 324619.935557175718714, 2741674.912665844894946 ], [ 324629.675050962017849, 2741626.821305657271296 ], [ 324634.653868823486846, 2741578.006881184875965 ], [ 324634.824062022438738, 2741528.939502018969506 ], [ 324630.183991505356971, 2741480.091713845264167 ], [ 324620.778343687823508, 2741431.933947565499693 ], [ 324606.697700099961367, 2741384.929988795425743 ], [ 324599.933138748747297, 2741368.437322680372745 ], [ 324601.454628198232967, 2741367.920341639779508 ], [ 324621.227310149290133, 2741361.531839254777879 ], [ 324637.425931635429151, 2741355.405070598702878 ], [ 324644.071222980564926, 2741355.817478022538126 ], [ 324652.439658582501579, 2741356.88115794537589 ], [ 324668.544638513296377, 2741357.336300558410585 ], [ 324684.625111705856398, 2741358.334256280213594 ], [ 324693.055351709073875, 2741358.028997481334955 ], [ 324701.48774987278739, 2741358.267305368091911 ], [ 324717.55979170917999, 2741357.141692266333848 ], [ 324733.660649785597343, 2741356.558680561371148 ], [ 324742.020375282212626, 2741355.428583649918437 ], [ 324747.353338704851922, 2741355.055087017826736 ], [ 324788.816758849134203, 2741355.586010293569416 ], [ 324837.705734670220409, 2741351.402147596236318 ], [ 324885.949206452816725, 2741342.44647373771295 ], [ 324933.082563191244844, 2741328.805236753076315 ], [ 324978.651884894235991, 2741310.609809210989624 ], [ 325022.218314083176665, 2741288.035423026420176 ], [ 325063.362282229121774, 2741261.299481877591461 ], [ 325101.68755042727571, 2741230.659467493649572 ], [ 325136.825025394093245, 2741196.410459962673485 ], [ 325168.436314037593547, 2741158.88229594938457 ], [ 325196.216982367623132, 2741118.436392188537866 ], [ 325219.899487361719366, 2741075.462264843285084 ], [ 325239.255753550678492, 2741030.37377825146541 ], [ 325254.099369509785902, 2740983.605159187223762 ], [ 325264.287383103044704, 2740935.606815018691123 ], [ 325269.721678190224338, 2740886.84099603863433 ], [ 325270.349919539003167, 2740837.777343741618097 ], [ 325266.16605684167007, 2740788.888367920648307 ], [ 325257.210382983146701, 2740740.644896137993783 ], [ 325243.569145998393651, 2740693.511539399623871 ], [ 325225.373718456656206, 2740647.942217696458101 ], [ 325202.799332271737512, 2740604.375788507517427 ], [ 325176.063391123025212, 2740563.231820361688733 ], [ 325145.423376739141531, 2740524.906552163884044 ], [ 325111.174369208165444, 2740489.769077196717262 ], [ 325073.646205194992945, 2740458.157788553275168 ], [ 325033.200301434088033, 2740430.377120223361999 ], [ 324990.22617408860242, 2740406.694615229032934 ], [ 324945.137687496957369, 2740387.338349040132016 ], [ 324898.369068432890344, 2740372.494733081199229 ], [ 324877.936459180025849, 2740368.15775637049228 ], [ 324877.256649450340774, 2740363.273647429421544 ], [ 324865.761245594418142, 2740315.571526364888996 ], [ 324849.645569755637553, 2740269.225850664079189 ], [ 324829.064824702043552, 2740224.682954519521445 ], [ 324804.217214259086177, 2740182.371810370590538 ], [ 324775.342034498404246, 2740142.699897665530443 ], [ 324742.71736918593524, 2740106.049278609920293 ], [ 324706.657411683001556, 2740072.772918701171875 ], [ 324667.509439092827961, 2740043.19128747517243 ], [ 324658.298305307980627, 2740037.557522946037352 ], [ 324634.054050607373938, 2740009.577138325665146 ], [ 324598.442137758014724, 2739975.821719100233167 ], [ 324559.693096339527983, 2739945.719419303350151 ], [ 324518.180100803321693, 2739919.560140538029373 ], [ 324474.302943989576306, 2739897.595810959581286 ], [ 324428.484186904213857, 2739880.037959067616612 ], [ 324381.16508922498906, 2739867.05567657481879 ], [ 324332.801359729841352, 2739858.773989957757294 ], [ 324283.858767572033685, 2739855.272656386718154 ], [ 324278.480944775277749, 2739855.416584276594222 ], [ 324276.813707861350849, 2739855.343318153172731 ], [ 324277.660852079396136, 2739821.632260858081281 ], [ 324277.087644817074761, 2739797.716433633584529 ], [ 324276.572973528120201, 2739773.799275110010058 ], [ 324273.907839094114024, 2739736.113831431604922 ], [ 324273.262209545064252, 2739730.74544981867075 ], [ 324279.807852212979924, 2739725.85092382831499 ], [ 324287.025493996683508, 2739721.139166230801493 ], [ 324299.445300485182088, 2739711.166956824716181 ], [ 324312.201327221526299, 2739701.62859557243064 ], [ 324318.565149663481861, 2739695.815096069592983 ], [ 324325.286203521071002, 2739690.418574267067015 ], [ 324336.668757791339885, 2739679.277029865887016 ], [ 324348.428437885595486, 2739668.534289161674678 ], [ 324354.191794189275242, 2739662.125019567552954 ], [ 324360.351532697910443, 2739656.095705016050488 ], [ 324370.58721453655744, 2739643.892124778125435 ], [ 324381.237295834347606, 2739632.048463091719896 ], [ 324386.34468172385823, 2739625.105148180387914 ], [ 324391.883783238590695, 2739618.501106471288949 ], [ 324400.874017436814029, 2739605.353017541579902 ], [ 324410.311933830555063, 2739592.522495813202113 ], [ 324418.603061515663285, 2739580.007871891371906 ], [ 324432.245714917022269, 2739582.786260031163692 ], [ 324468.081888992106542, 2739586.480798212811351 ], [ 324489.810781753389165, 2739605.20141108892858 ], [ 324528.51131884806091, 2739635.366044228896499 ], [ 324569.982153358112555, 2739661.592110440600663 ], [ 324613.823898477072362, 2739683.627038369420916 ], [ 324659.614334233046975, 2739701.258619613945484 ], [ 324706.912473698146641, 2739714.317052408121526 ], [ 324755.262809933512472, 2739722.67657690634951 ], [ 324804.199702770158183, 2739726.256686316803098 ], [ 324853.251863178564236, 2739725.02290222980082 ], [ 324901.94689203921007, 2739718.98710666038096 ], [ 324949.81582960486412, 2739708.20742761855945 ], [ 324996.397671838931274, 2739692.787679307628423 ], [ 325041.243810136453249, 2739672.876362331677228 ], [ 325083.922351670218632, 2739648.66523355897516 ], [ 325124.022278754855506, 2739620.387459394522011 ], [ 325161.157407171616796, 2739588.315370261203498 ], [ 325194.970105333719403, 2739552.757837910205126 ], [ 325200.277289267862216, 2739545.948841833509505 ], [ 325219.926890729693696, 2739542.534689344931394 ], [ 325267.214150601415895, 2739529.436914048157632 ], [ 325312.989902912697289, 2739511.767246132716537 ], [ 325356.813302145164926, 2739489.695854160003364 ], [ 325398.262305007956456, 2739463.435297700110823 ], [ 325436.937734945095144, 2739433.238480267114937 ], [ 325451.978502941841725, 2739418.911928124725819 ], [ 325468.538482926320285, 2739431.626291685737669 ], [ 325510.199527902004775, 2739457.549138663802296 ], [ 325554.20084688893985, 2739479.263663556426764 ], [ 325600.118683131819125, 2739496.560743618290871 ], [ 325647.510822766285855, 2739509.273798513691872 ], [ 325695.920853580464609, 2739517.280394573695958 ], [ 325744.882560514088254, 2739520.503423901740462 ], [ 325793.924415564164519, 2739518.91184696322307 ], [ 325842.5741188575048, 2739512.520991513971239 ], [ 325890.363147156778723, 2739501.392404986079782 ], [ 325936.83126599539537, 2739485.633261750917882 ], [ 325981.530961986805778, 2739465.395330972969532 ], [ 326024.031752623268403, 2739440.873514988459647 ], [ 326063.924332057707943, 2739412.303972290363163 ], [ 326100.824512942694128, 2739379.961843193043023 ], [ 326134.376926364493556, 2739344.158600079361349 ], [ 326164.258444240374956, 2739305.239047752227634 ], [ 326170.924050894740503, 2739295.614019907079637 ], [ 326181.321868336352054, 2739297.77684126002714 ], [ 326230.10940415825462, 2739303.012584982439876 ], [ 326279.175207287364174, 2739303.441102422773838 ], [ 326328.046747217478696, 2739299.058266723994166 ], [ 326376.253364303091075, 2739289.906286989338696 ], [ 326423.330802469339687, 2739276.073301787488163 ], [ 326468.82568025146611, 2739257.692530326545238 ], [ 326512.299857106467243, 2739234.940989484544843 ], [ 326553.33465294574853, 2739208.037789036985487 ], [ 326591.534880253544543, 2739177.242021510377526 ], [ 326626.532649958448019, 2739142.850266981404275 ], [ 326657.990914406545926, 2739105.19373684655875 ], [ 326685.606713314366061, 2739064.635084075853229 ], [ 326709.114091441966593, 2739021.564910667017102 ], [ 326728.286659887700807, 2738976.398005934432149 ], [ 326742.939776336541399, 2738929.569351862184703 ], [ 326752.932323266926687, 2738881.529933987185359 ], [ 326758.168066989455838, 2738832.742398165632039 ], [ 326758.596584429848008, 2738783.67659503640607 ], [ 326754.213748731010128, 2738734.805055106058717 ], [ 326745.061768996471073, 2738686.598438020795584 ], [ 326731.228783794213086, 2738639.520999854430556 ], [ 326712.848012333561201, 2738594.026122072245926 ], [ 326690.096471491560806, 2738550.551945217419416 ], [ 326663.193271043885034, 2738509.517149378079921 ], [ 326632.397503517568111, 2738471.31692206999287 ], [ 326598.00574898859486, 2738436.31915236543864 ], [ 326590.366295337385964, 2738429.937152952887118 ], [ 326586.585964290192351, 2738424.708889368921518 ], [ 326574.522499701823108, 2738409.641290273051709 ], [ 326574.178418841969687, 2738409.192568436730653 ], [ 326593.127384085266385, 2738390.039591421373188 ], [ 326597.173455643118359, 2738385.527117193676531 ], [ 326601.541852412687149, 2738381.325899708084762 ], [ 326618.432371254253667, 2738363.405316460877657 ], [ 326651.280942259123549, 2738330.533628452103585 ], [ 326666.427369984041434, 2738313.810302750673145 ], [ 326681.705326139228418, 2738297.207051548175514 ], [ 326702.295154573163018, 2738272.500595431774855 ], [ 326708.867265655833762, 2738263.777398101985455 ], [ 326715.904798663628753, 2738255.425156197976321 ], [ 326723.621461159898899, 2738244.194077429361641 ], [ 326731.821122701803688, 2738233.310623883269727 ], [ 326737.506564416340552, 2738223.985251598525792 ], [ 326743.691546912537888, 2738214.983429161831737 ], [ 326750.270213346811943, 2738203.050065915100276 ], [ 326757.363626282836776, 2738191.41531179798767 ], [ 326762.107644716335926, 2738181.577572994399816 ], [ 326767.38051193964202, 2738172.012862493284047 ], [ 326772.757826157670934, 2738159.492139579262584 ], [ 326778.676677043840755, 2738147.218133933842182 ], [ 326782.433584707323462, 2738136.962771410122514 ], [ 326786.743556062050629, 2738126.927286238409579 ], [ 326797.24436668184353, 2738098.736230139620602 ], [ 326804.328836637956556, 2738076.426422689110041 ], [ 326811.513856936711818, 2738054.148794751614332 ], [ 326820.841022662702017, 2738019.492154726758599 ], [ 326821.06699953682255, 2738018.451424580998719 ], [ 326821.389581745548639, 2738017.436473595444113 ], [ 326841.082501589262392, 2737943.003477829508483 ], [ 326845.221350441046525, 2737923.543140518479049 ], [ 326849.720936393307056, 2737904.163034110795707 ], [ 326850.323197185527533, 2737899.554910429753363 ], [ 326851.289970252139028, 2737895.009267268236727 ], [ 326853.501442802196834, 2737875.236958672758192 ], [ 326856.079779409046751, 2737855.509136226028204 ], [ 326867.380329538777005, 2737716.079169079195708 ], [ 326867.660813653317746, 2737707.257463328540325 ], [ 326868.495137231540866, 2737698.47082188539207 ], [ 326868.440034674364142, 2737682.749627744778991 ], [ 326868.939637050789315, 2737667.036277402658015 ], [ 326868.354092187189963, 2737658.229558325838298 ], [ 326868.323156801983714, 2737649.40344895189628 ], [ 326866.727373086439911, 2737633.763357652816921 ], [ 326865.684392075345386, 2737618.076701791491359 ], [ 326864.238457350758836, 2737609.369782907888293 ], [ 326863.342560926743317, 2737600.58920585969463 ], [ 326860.221464322181419, 2737585.180840030778199 ], [ 326857.645944400981534, 2737569.671949721872807 ], [ 326855.353544957120903, 2737561.148683418985456 ], [ 326853.601315466745291, 2737552.49820045568049 ], [ 326848.984963839873672, 2737537.469951084349304 ], [ 326844.90170867316192, 2737522.288185418117791 ], [ 326841.784921570098959, 2737514.030655410606414 ], [ 326839.193233940866776, 2737505.593575410079211 ], [ 326833.126085280789994, 2737491.090172750875354 ], [ 326827.574418848555069, 2737476.381740432232618 ], [ 326823.663260449771769, 2737468.469471247401088 ], [ 326820.257074050547089, 2737460.327047903556377 ], [ 326782.418383081734646, 2737381.04402194544673 ], [ 326778.956297911237925, 2737374.621167729143053 ], [ 326775.945309944043402, 2737367.974887455813587 ], [ 326767.321222197904717, 2737353.035796075128019 ], [ 326759.13651039818069, 2737337.851533382665366 ], [ 326755.061546310782433, 2737331.798950652591884 ], [ 326751.413607687689364, 2737325.479802465997636 ], [ 326741.366760264732875, 2737311.457955311983824 ], [ 326731.733142082521226, 2737297.149051039945334 ], [ 326727.084543211210985, 2737291.525029478128999 ], [ 326722.834785574115813, 2737285.593870227690786 ], [ 326711.461935105442535, 2737272.624305351637304 ], [ 326700.472187551902607, 2737259.328562072478235 ], [ 326695.294722444436047, 2737254.187264079693705 ], [ 326690.484073283034377, 2737248.701214072760195 ], [ 326677.894746537727769, 2737236.90883547719568 ], [ 326665.654706887318753, 2737224.754298463929445 ], [ 326659.998237361607607, 2737220.145237549673766 ], [ 326654.673025858472101, 2737215.157130447681993 ], [ 326640.988464936730452, 2737204.655505185946822 ], [ 326627.616011460893787, 2737193.75922927306965 ], [ 326621.535012412001379, 2737189.726793214213103 ], [ 326615.746523263573181, 2737185.284667214378715 ], [ 326601.09851796325529, 2737176.174931675195694 ], [ 326586.722434703493491, 2737166.641853959765285 ], [ 326580.275469476764556, 2737163.224877320230007 ], [ 326574.079448997566942, 2737159.371512523852289 ], [ 326558.609067625133321, 2737151.741398444864899 ], [ 326543.36780411406653, 2737143.663327671587467 ], [ 326536.616960504848976, 2737140.894717802293599 ], [ 326530.07307976327138, 2737137.667224221397191 ], [ 326513.929310542123858, 2737131.590213768649846 ], [ 326497.969648485304788, 2737125.044946179259568 ], [ 326490.979940814315341, 2737122.951366309542209 ], [ 326484.151220952684525, 2737120.38082646811381 ], [ 326467.48953720019199, 2737115.915444573387504 ], [ 326450.965176872909069, 2737110.966014673467726 ], [ 326443.803919845435303, 2737109.567627121228725 ], [ 326436.756125169631559, 2737107.678796723950654 ], [ 326419.736988016869873, 2737104.868047458585352 ], [ 326402.807068033958785, 2737101.562120961025357 ], [ 326395.543228462513071, 2737100.872392961755395 ], [ 326388.344233095296659, 2737099.683462479617447 ], [ 326371.131546140182763, 2737098.554414894897491 ], [ 326353.959110882307868, 2737096.923829679377377 ], [ 326351.399786551774014, 2737096.932800074107945 ], [ 326343.223803409317043, 2737095.237538411282003 ], [ 326331.083852505253162, 2737093.942489909473807 ], [ 326319.022565239807591, 2737092.050161146558821 ], [ 326306.703132430498954, 2737091.341637957841158 ], [ 326294.432961031096056, 2737090.032697978429496 ], [ 326282.224530351290014, 2737089.933808760717511 ], [ 326270.03584083361784, 2737089.232804964762181 ], [ 326144.552942076174077, 2737088.183495571371168 ], [ 326143.008530803897884, 2737087.714976075105369 ], [ 326126.057462995580863, 2737082.074111356399953 ], [ 326119.542436276504304, 2737080.5961969117634 ], [ 326113.149576076422818, 2737078.656830310821533 ], [ 326086.552135321544483, 2737071.994058020878583 ], [ 326094.141722126805689, 2737025.91269445233047 ], [ 326097.331788642739411, 2736976.948828801047057 ], [ 326095.707196025818121, 2736927.908056348562241 ], [ 326089.283589991100598, 2736879.262666542083025 ], [ 326082.692590922873933, 2736851.045225675217807 ], [ 326116.052299950970337, 2736832.249831402208656 ], [ 326156.235077915014699, 2736804.089912741445005 ], [ 326193.464210121019278, 2736772.126990798860788 ], [ 326227.381159674318042, 2736736.668885986320674 ], [ 326257.659287809801754, 2736698.057079236023128 ], [ 326284.006999601901043, 2736656.663423354737461 ], [ 326306.170552182884421, 2736612.886561876628548 ], [ 326323.93649842555169, 2736567.148089908063412 ], [ 326337.133742555743083, 2736519.888493937905878 ], [ 326345.635187898180448, 2736471.562909709755331 ], [ 326349.358960886776913, 2736422.636739017441869 ], [ 326348.269199552072678, 2736373.581167629919946 ], [ 326342.376398891443387, 2736324.868627517018467 ], [ 326331.737309796561021, 2736276.968247068114579 ], [ 326316.4543925113976, 2736230.341333132702857 ], [ 326296.674829883791972, 2736185.436928380280733 ], [ 326272.589109914551955, 2736142.687486776150763 ], [ 326223.686822469637264, 2736065.062342436984181 ], [ 326220.054270940308925, 2736059.878875350113958 ], [ 326216.808758398750797, 2736054.444686355534941 ], [ 326205.980805119790602, 2736039.796752278227359 ], [ 326195.526903808640782, 2736024.879564472939819 ], [ 326191.403775387036148, 2736020.077109510079026 ], [ 326187.641247210092843, 2736014.987203478813171 ], [ 326150.497258569695987, 2735969.581576890312135 ], [ 326117.359146592847537, 2735927.343874524347484 ], [ 326124.365931612439454, 2735928.932291061151773 ], [ 326138.836773752176668, 2735932.800295759458095 ], [ 326148.278938159870449, 2735934.353295835666358 ], [ 326157.611170694348402, 2735936.468884146306664 ], [ 326172.473635251924861, 2735938.332718858495355 ], [ 326187.253927091485821, 2735940.763707492034882 ], [ 326196.802845525555313, 2735941.383735494688153 ], [ 326206.297504723537713, 2735942.574417923111469 ], [ 326230.745574045053218, 2735944.427864835597575 ], [ 326239.265571261174046, 2735944.654375103767961 ], [ 326247.753562658559531, 2735945.426166198216379 ], [ 326262.685383974458091, 2735946.047549027949572 ], [ 326311.751679489796516, 2735945.679706255439669 ], [ 326360.545652484346647, 2735940.504296773578972 ], [ 326408.597390324808657, 2735930.571162604726851 ], [ 326455.444128507922869, 2735915.975965260993689 ], [ 326500.634707335964777, 2735896.859264471568167 ], [ 326543.733916831202805, 2735873.405164514668286 ], [ 326584.326688045694027, 2735845.839541194494814 ], [ 326622.022090402431786, 2735814.427866532467306 ], [ 326656.457096570287831, 2735779.472652127034962 ], [ 326687.300078615779057, 2735741.310535801574588 ], [ 326714.254001761320978, 2735700.309039597399533 ], [ 326737.059284992516041, 2735656.863030337262899 ], [ 326755.496300965256523, 2735611.390916839707643 ], [ 326769.387491136905737, 2735564.330620415974408 ], [ 326778.599075752543285, 2735516.135357445571572 ], [ 326783.042342216649558, 2735467.269274657592177 ], [ 326782.674499444314279, 2735418.20297914231196 ], [ 326777.499089962511789, 2735369.409006147645414 ], [ 326767.565955793717876, 2735321.357268307358027 ], [ 326752.970758449926507, 2735274.510530124418437 ], [ 326733.854057660093531, 2735229.319951296318322 ], [ 326710.39995770319365, 2735186.220741800963879 ], [ 326682.834334383020177, 2735145.627970586530864 ], [ 326651.422659721109085, 2735107.932568229734898 ], [ 326616.467445315793157, 2735073.497562061995268 ], [ 326578.305328990274575, 2735042.654580016154796 ], [ 326537.30383278633235, 2735015.700656870845705 ], [ 326526.038349154521711, 2735009.787281871773303 ], [ 326524.072076181357261, 2735006.042798701673746 ], [ 326515.763699073519092, 2734993.408685056027025 ], [ 326507.937310014502145, 2734980.470462917350233 ], [ 326502.291191865399014, 2734972.921749406028539 ], [ 326497.111689811572433, 2734965.045552078168839 ], [ 326487.60496012022486, 2734953.2866385076195 ], [ 326478.548089728690684, 2734941.177837719675153 ], [ 326472.189255868201144, 2734934.218889680225402 ], [ 326466.262692195770796, 2734926.888298377394676 ], [ 326455.649164924165234, 2734916.117829647380859 ], [ 326445.449035813624505, 2734904.95506458170712 ], [ 326438.438725292973686, 2734898.65290049277246 ], [ 326431.82217604474863, 2734891.938512810505927 ], [ 326420.204065259546041, 2734882.260214420501143 ], [ 326411.092694410588592, 2734874.069228586740792 ], [ 326411.033957508334424, 2734874.013904199935496 ], [ 326411.014136058394797, 2734873.998605805449188 ], [ 326408.95891025220044, 2734872.15098860906437 ], [ 326402.10977569950046, 2734866.576393791008741 ], [ 326397.476835296838544, 2734863.169416223187 ], [ 326410.534202791051939, 2734846.801953909453005 ], [ 326437.227191113925073, 2734805.630106267053634 ], [ 326459.756098634155933, 2734762.040141941979527 ], [ 326477.903959656658117, 2734716.451856119558215 ], [ 326491.496000359184109, 2734669.3042889139615 ], [ 326500.401321959681809, 2734621.0514971697703 ], [ 326504.534161342890002, 2734572.158181649632752 ], [ 326503.85471700632479, 2734523.095211710315198 ], [ 326498.369532370415982, 2734474.335090572014451 ], [ 326488.131432761729229, 2734426.34740485670045 ], [ 326473.239016676147003, 2734379.594302210491151 ], [ 326453.835706221638247, 2734334.526040569879115 ], [ 326430.108365884749219, 2734291.576651931274682 ], [ 326402.285502923710737, 2734251.159762385766953 ], [ 326370.635066718270537, 2734213.664608673192561 ], [ 326335.461868270998821, 2734179.45228962181136 ], [ 326297.104644710605498, 2734148.852288565598428 ], [ 326255.93279706814792, 2734122.159300242550671 ], [ 326212.342832743190229, 2734099.630392722319812 ], [ 326166.754546921001747, 2734081.482531699817628 ], [ 326119.606979714997578, 2734067.890490997117013 ], [ 326071.354187970981002, 2734058.985169396735728 ], [ 326022.460872451018076, 2734054.85233001364395 ], [ 326006.804828621505294, 2734054.300384786445647 ], [ 325981.573018021765165, 2734049.587609114591032 ], [ 325966.20234403910581, 2734046.713213313836604 ], [ 325921.861059927032329, 2734036.549558927305043 ], [ 325873.553402984456625, 2734027.946830022148788 ], [ 325824.635145727486815, 2734024.120503997430205 ], [ 325775.577397715067491, 2734025.107430464588106 ], [ 325726.852611878246535, 2734030.898104782681912 ], [ 325678.930034540244378, 2734041.436759591568261 ], [ 325632.271186317957472, 2734056.621901885140687 ], [ 325587.325417426181957, 2734076.307290441822261 ], [ 325544.525580189132597, 2734100.303344208747149 ], [ 325504.283860436175019, 2734128.37896807026118 ], [ 325466.987807926896494, 2734160.263778421562165 ], [ 325432.996604035084601, 2734195.65070710843429 ], [ 325402.637602635659277, 2734234.198958663269877 ], [ 325376.203177508083172, 2734275.537292350549251 ], [ 325353.947906616784167, 2734319.267597420141101 ], [ 325336.086120386433322, 2734364.96872712764889 ], [ 325322.789837582735345, 2734412.200554612092674 ], [ 325314.187108677462675, 2734460.508211554493755 ], [ 325311.643130232812837, 2734493.032097707968205 ], [ 325291.437545843538828, 2734529.267754097934812 ], [ 325271.856354477466084, 2734574.259015567135066 ], [ 325256.779366688919254, 2734620.952924196608365 ], [ 325246.351782112265937, 2734668.899792121723294 ], [ 325240.67402408720227, 2734717.637864792719483 ], [ 325239.800772527349181, 2734766.697767927777022 ], [ 325240.168816413090099, 2734771.266875961329788 ], [ 325240.008324100694153, 2734773.722316947765648 ], [ 325240.476043162983842, 2734787.931107790675014 ], [ 325240.43084842764074, 2734793.306447766721249 ], [ 325240.175319430127274, 2734798.440755406394601 ], [ 325239.51497337926412, 2734803.609220976009965 ], [ 325238.956297399301548, 2734822.934390912298113 ], [ 325237.995291990519036, 2734842.243735292926431 ], [ 325238.247624668292701, 2734847.448100908659399 ], [ 325238.097056579194032, 2734852.656404135283083 ], [ 325238.821697451814543, 2734888.54937260132283 ], [ 325239.402463995094877, 2734896.919623543974012 ], [ 325239.441431778017431, 2734905.309907933697104 ], [ 325240.499169128132053, 2734915.560989882797003 ], [ 325231.874053662235383, 2734955.602247375994921 ], [ 325229.862890893244185, 2734973.16922347061336 ], [ 325219.546312312944792, 2734986.673660705331713 ], [ 325193.724286495533306, 2735028.397270887158811 ], [ 325172.116229744569864, 2735072.450971609447151 ], [ 325154.93023945868481, 2735118.410501652862877 ], [ 325142.331826119101606, 2735165.833245618268847 ], [ 325134.442319333436899, 2735214.262496558018029 ], [ 325133.556739568768535, 2735228.230799523647875 ], [ 325117.270603423006833, 2735225.205417514313012 ], [ 325068.382151011086535, 2735221.015443210490048 ], [ 325019.318420560739469, 2735221.637551078572869 ], [ 324970.551922617247328, 2735227.065749879926443 ], [ 324922.552305214223452, 2735237.247763092629611 ], [ 324875.781830906576943, 2735252.085532363504171 ], [ 324830.690924929163884, 2735271.436161863617599 ], [ 324787.713837355782744, 2735295.113294451963156 ], [ 324747.264461033395492, 2735322.888906398788095 ], [ 324709.732345567957964, 2735354.495503378100693 ], [ 324675.478945748414844, 2735389.628696581814438 ], [ 324667.847888364573009, 2735398.265861543826759 ], [ 324653.481366989959497, 2735416.231247463263571 ], [ 324639.004997488867957, 2735434.108236906118691 ], [ 324638.161127125669736, 2735435.389261735603213 ], [ 324637.203083156084176, 2735436.587299116421491 ], [ 324624.666656269750092, 2735455.874342120718211 ], [ 324624.242133418039884, 2735456.51878270925954 ], [ 324624.22926995792659, 2735456.52869427157566 ], [ 324618.765330154332332, 2735461.666857518721372 ], [ 324612.963990510615986, 2735466.42078411532566 ], [ 324600.901800543360878, 2735478.465309662278742 ], [ 324588.483930387767032, 2735490.142788977827877 ], [ 324583.549929015629459, 2735495.791770318988711 ], [ 324578.242490698525216, 2735501.091436181683093 ], [ 324567.418953421816695, 2735514.260265414603055 ], [ 324556.205471835739445, 2735527.098678595386446 ], [ 324551.848926027072594, 2735533.204075250308961 ], [ 324547.08650256722467, 2735538.998441701289266 ], [ 324537.605854563473258, 2735553.164751594886184 ], [ 324527.704753502854146, 2735567.040457704570144 ], [ 324523.967619172763079, 2735573.543471369426697 ], [ 324519.796075314108748, 2735579.77673548925668 ], [ 324511.749620408110786, 2735594.804096731822938 ], [ 324503.256252886727452, 2735609.583465138450265 ], [ 324500.174520682659931, 2735616.42146823508665 ], [ 324496.634030672023073, 2735623.033600284252316 ], [ 324490.099260622286238, 2735638.777291172649711 ], [ 324483.09542241320014, 2735654.317988479044288 ], [ 324480.698771100433078, 2735661.425127301830798 ], [ 324477.823431792610791, 2735668.352448832243681 ], [ 324473.70886225317372, 2735679.825389621779323 ], [ 324470.073596418602392, 2735691.777719421777874 ], [ 324465.866527852078434, 2735703.540963852312416 ], [ 324463.156666237220634, 2735714.365871201269329 ], [ 324462.468052434502169, 2735715.453081068117172 ], [ 324449.559701073798351, 2735738.234425058588386 ], [ 324447.6103409237694, 2735738.999787753913552 ], [ 324403.914499189646449, 2735761.322647764347494 ], [ 324362.617087778926361, 2735787.820958553813398 ], [ 324324.115823339030612, 2735818.239526903256774 ], [ 324288.781494093418587, 2735852.285405371338129 ], [ 324279.935234570642933, 2735862.665434798691422 ], [ 324270.117088925966527, 2735859.888674447312951 ], [ 324253.906560791248921, 2735854.771075657568872 ], [ 324246.521363194857258, 2735853.215349561069161 ], [ 324239.258945485111326, 2735851.161398205906153 ], [ 324222.526723427290563, 2735848.160767503082752 ], [ 324205.892641008191276, 2735844.656720959115773 ], [ 324198.390517332882155, 2735843.83236205810681 ], [ 324190.961747711990029, 2735842.500142456032336 ], [ 324174.015982629032806, 2735841.154005167074502 ], [ 324157.118541248550173, 2735839.297256756573915 ], [ 324149.57174105278682, 2735839.212204077746719 ], [ 324142.048162626859266, 2735838.614546231459826 ], [ 324125.052051502512768, 2735838.935866395477206 ], [ 324120.715012942499015, 2735838.886987832840532 ], [ 324119.00324538955465, 2735838.793891264125705 ], [ 324117.664750658615958, 2735838.852611280046403 ], [ 324108.053982755751349, 2735838.744297619443387 ], [ 324097.476194736780599, 2735839.14451742824167 ], [ 324083.748838183935732, 2735840.340508741792291 ], [ 324069.982720676460303, 2735840.944430907256901 ], [ 324059.322096223535482, 2735842.468680403660983 ], [ 324048.593696030497085, 2735843.403388655278832 ], [ 324035.0496680974029, 2735845.939137178007513 ], [ 324021.409032934578136, 2735847.88946676440537 ], [ 324010.949144880869426, 2735850.451300505548716 ], [ 324000.364022295107134, 2735852.433074988890439 ], [ 323987.133759379037656, 2735856.284160075243562 ], [ 323973.749973329890054, 2735859.562114343047142 ], [ 323963.59155611100141, 2735863.136860470287502 ], [ 323953.251651653787121, 2735866.146615613251925 ], [ 323940.462568419054151, 2735871.275949208531529 ], [ 323927.464524659444578, 2735875.849959666375071 ], [ 323917.705409390095156, 2735880.40319141978398 ], [ 323907.710301989980508, 2735884.411941635422409 ], [ 323895.485564293572679, 2735890.770125455688685 ], [ 323882.998441096220631, 2735896.596141880378127 ], [ 323873.732613391824998, 2735902.084009148180485 ], [ 323864.178561396431178, 2735907.053147981408983 ], [ 323852.635900147608481, 2735914.578949240036309 ], [ 323840.779955332516693, 2735921.600863908883184 ], [ 323832.096650179475546, 2735927.970515528228134 ], [ 323823.075664331903681, 2735933.852187456563115 ], [ 323812.326241668488365, 2735942.473128573503345 ], [ 323801.215654465195257, 2735950.623316609766334 ], [ 323793.198496835946571, 2735957.813409355934709 ], [ 323784.797454164305236, 2735964.550970661453903 ], [ 323774.944792905298527, 2735974.184027259703726 ], [ 323764.686564339674078, 2735983.383997898548841 ], [ 323756.113542166596744, 2735991.8675522422418 ], [ 323749.730672250443604, 2735998.836153720971197 ], [ 323749.71257098246133, 2735998.853851532097906 ], [ 323749.69174090976594, 2735998.87865764182061 ], [ 323744.631135632342193, 2736004.403655312489718 ], [ 323732.775804270349909, 2736016.587688228581101 ], [ 323728.068597051955294, 2736022.486074718646705 ], [ 323722.971457889652811, 2736028.050958849024028 ], [ 323712.773095257871319, 2736041.652169805485755 ], [ 323702.169094618118834, 2736054.939558953978121 ], [ 323695.497872618958354, 2736064.196546122897416 ], [ 323686.774879999808036, 2736077.645926096942276 ], [ 323677.599065715214238, 2736090.790539217181504 ], [ 323673.43207598553272, 2736098.218274251557887 ], [ 323668.797683334210888, 2736105.3637242638506 ], [ 323661.434964072657749, 2736119.603344589471817 ], [ 323653.591731231019367, 2736133.584049880504608 ], [ 323650.172852044284809, 2736141.384454754646868 ], [ 323646.261151835613418, 2736148.949747389182448 ], [ 323640.329612943460234, 2736163.842472738120705 ], [ 323633.894496164051816, 2736178.524628365878016 ], [ 323631.256653193326201, 2736186.622580922208726 ], [ 323628.105317241104785, 2736194.534858271013945 ], [ 323623.662082681315951, 2736209.93726355349645 ], [ 323618.697055655648001, 2736225.179472336079925 ], [ 323616.8656527720741, 2736233.496984861791134 ], [ 323614.505030162865296, 2736241.680047370959073 ], [ 323611.995858833251987, 2736255.262485410086811 ], [ 323588.496834883117117, 2736280.01103478204459 ], [ 323558.361050707462709, 2736318.734040553681552 ], [ 323532.165896860300563, 2736360.224407855421305 ], [ 323510.163646992878057, 2736404.082561768591404 ], [ 323498.033609592239372, 2736435.65525311185047 ], [ 323492.666077190602664, 2736432.658577748574317 ], [ 323447.684984508960042, 2736413.05403834907338 ], [ 323400.998907193774357, 2736397.952818238642067 ], [ 323353.057457690767478, 2736387.500350422225893 ], [ 323318.45862395723816, 2736383.451545998454094 ], [ 323317.790044058579952, 2736371.28617246216163 ], [ 323317.454520783037879, 2736355.2440105532296 ], [ 323316.444489113579039, 2736346.802668616641313 ], [ 323315.977967997197993, 2736338.313924556598067 ], [ 323314.384151538833976, 2736327.983526904601604 ], [ 323314.888421377574559, 2736321.756193159148097 ], [ 323316.260258174268529, 2736311.98868355806917 ], [ 323316.867465161776636, 2736297.316567399073392 ], [ 323318.052704242698383, 2736282.679802005179226 ], [ 323317.881344330613501, 2736272.817914975807071 ], [ 323318.289191998890601, 2736262.962975083384663 ], [ 323317.471922059543431, 2736157.181785911787301 ], [ 323316.780172671424225, 2736145.019047913141549 ], [ 323316.69053544633789, 2736132.836984130553901 ], [ 323316.10878172237426, 2736122.541443274822086 ], [ 323327.409611478098668, 2736120.022203712724149 ], [ 323336.12498462642543, 2736117.624914534389973 ], [ 323344.972211770655122, 2736115.7725386521779 ], [ 323359.766988774004858, 2736111.121840054634959 ], [ 323374.720148225140292, 2736107.008757719770074 ], [ 323383.158579039329197, 2736103.768756191246212 ], [ 323391.781639780325349, 2736101.05812010075897 ], [ 323414.47068763821153, 2736092.681883790995926 ], [ 323431.392404709185939, 2736085.472744998987764 ], [ 323448.486262495629489, 2736078.681852801237255 ], [ 323453.953070599003695, 2736075.861251617316157 ], [ 323459.612450229702517, 2736073.450192912947387 ], [ 323475.746065443207044, 2736064.617149775847793 ], [ 323492.091987794614397, 2736056.183466524351388 ], [ 323497.256004460155964, 2736052.84060640912503 ], [ 323502.651807552203536, 2736049.886441403999925 ], [ 323517.84194536623545, 2736039.51456095976755 ], [ 323533.282512122765183, 2736029.519307631533593 ], [ 323547.800179801590275, 2736019.076164892408997 ], [ 323586.1788158925483, 2735988.503023808822036 ], [ 323621.375956500938628, 2735954.315336597152054 ], [ 323653.052633921965025, 2735916.842349373269826 ], [ 323680.903784435824491, 2735876.444947489537299 ], [ 323704.661186238052323, 2735833.512180009391159 ], [ 323724.096042562217917, 2735788.457512953318655 ], [ 323739.021185117773712, 2735741.714847393799573 ], [ 323749.292876622930635, 2735693.734340752940625 ], [ 323754.812195073405746, 2735644.978071537800133 ], [ 323755.525986415392254, 2735595.915589274838567 ], [ 323751.427376448060386, 2735547.019392487592995 ], [ 323742.555837025982328, 2735498.760378281120211 ], [ 323728.996805923350621, 2735451.60330734308809 ], [ 323710.880864021892194, 2735406.002328045200557 ], [ 323688.382477745297365, 2735362.396602746564895 ], [ 323661.718318852246739, 2735321.206078418064862 ], [ 323631.145177768950816, 2735282.82744232704863 ], [ 323596.957490557164419, 2735247.630301718600094 ], [ 323559.484503333456814, 2735215.953624297864735 ], [ 323519.087101449724287, 2735188.102473783772439 ], [ 323496.587958418997005, 2735175.652282180730253 ], [ 323495.482665032963268, 2735173.792252995073795 ], [ 323466.402740336663555, 2735134.27017506910488 ], [ 323433.589002368040383, 2735097.788737811148167 ], [ 323397.3574653614196, 2735064.699277403764427 ], [ 323358.057058824459091, 2735035.320463439915329 ], [ 323316.066267155809328, 2735009.935229957569391 ], [ 323271.7894846337731, 2734988.788050632923841 ], [ 323225.653120878210757, 2734972.082584362477064 ], [ 323178.101494292786811, 2734959.97971391864121 ], [ 323129.592553035821766, 2734952.595996559597552 ], [ 323080.593464729376137, 2734950.002541520632803 ], [ 323031.576117379474454, 2734952.224325191229582 ], [ 322983.012574836669955, 2734959.239950579591095 ], [ 322935.370530563115608, 2734970.981853378936648 ], [ 322889.108803489070851, 2734987.336952645797282 ], [ 322844.672919335484039, 2735008.147739833686501 ], [ 322802.490819957805797, 2735033.213795686140656 ], [ 322777.697252787766047, 2735051.456638777628541 ], [ 322721.59863561700331, 2735055.017411511857063 ], [ 322710.661642405844759, 2735056.252772383391857 ], [ 322699.673810846637934, 2735056.894250684883446 ], [ 322686.297362733224872, 2735059.004779008217156 ], [ 322672.841007013747003, 2735060.524708207231015 ], [ 322662.077764958143234, 2735062.826133275870234 ], [ 322651.205718675861135, 2735064.541518512647599 ], [ 322562.968366069253534, 2735082.940998809877783 ], [ 322515.483224333729595, 2735095.302146744448692 ], [ 322469.438340906461235, 2735112.258130174130201 ], [ 322425.277153185510542, 2735133.645653709303588 ], [ 322383.424957549548708, 2735159.258743807207793 ], [ 322344.284813521313481, 2735188.850732407998294 ], [ 322308.233662083977833, 2735222.136632484849542 ], [ 322275.618695533485152, 2735258.795882624574006 ], [ 322246.754013826837763, 2735298.475434208288789 ], [ 322221.917599627864547, 2735340.793151462916285 ], [ 322201.348641182354186, 2735385.341491638217121 ], [ 322185.245228804240469, 2735431.691429865546525 ], [ 322173.76244715770008, 2735479.396590902470052 ], [ 322167.010881707188673, 2735527.997547970153391 ], [ 322165.055553718702868, 2735577.026247283443809 ], [ 322167.915294069738593, 2735626.010515666566789 ], [ 322175.562561897328123, 2735674.478607837110758 ], [ 322187.92370983195724, 2735721.963749572634697 ], [ 322204.879693261696957, 2735768.008632999844849 ], [ 322226.267216797044966, 2735812.169820720795542 ], [ 322251.880306894716341, 2735854.022016356699169 ], [ 322281.472295495565049, 2735893.162160384934396 ], [ 322297.897054167580791, 2735910.951418323908001 ], [ 322298.474770204047672, 2735915.341472175903618 ], [ 322302.341460205090698, 2735931.928924538195133 ], [ 322305.708183685259428, 2735948.625033080112189 ], [ 322307.85892367886845, 2735955.648538853041828 ], [ 322305.928344144427683, 2735973.933114105835557 ], [ 322305.885762135847472, 2735979.998295093420893 ], [ 322305.395309423853178, 2735986.043763625435531 ], [ 322305.713598114030901, 2736004.520528472494334 ], [ 322305.58386165642878, 2736022.999579188879579 ], [ 322306.135976387828123, 2736029.039728438481688 ], [ 322306.24044487712672, 2736035.104159159585834 ], [ 322308.368240573268849, 2736053.460755588021129 ], [ 322310.05039253924042, 2736071.863541019149125 ], [ 322311.742376212670933, 2736083.849124185275286 ], [ 322314.954605404287577, 2736130.345686079468578 ], [ 322317.595884616719559, 2736177.089517569635063 ], [ 322318.05282166460529, 2736236.231964848935604 ], [ 322317.079118605528492, 2736243.686246121767908 ], [ 322316.981760690396186, 2736244.888539385516196 ], [ 322316.772749458730686, 2736246.076521691866219 ], [ 322315.001792563474737, 2736269.339580047409981 ], [ 322313.118736542819533, 2736292.593832832295448 ], [ 322313.139692780212499, 2736293.799879469443113 ], [ 322313.048130623181351, 2736295.002627999521792 ], [ 322311.944297927082516, 2736336.037332647480071 ], [ 322312.174497342086397, 2736346.407826507929713 ], [ 322310.181789949710947, 2736350.764479110017419 ], [ 322302.627107610402163, 2736366.053316864650697 ], [ 322299.982186467153952, 2736373.063853932544589 ], [ 322296.865532614698168, 2736379.877788667101413 ], [ 322291.326381823280826, 2736396.006632194388658 ], [ 322285.306645499542356, 2736411.962338376324624 ], [ 322283.361613170185592, 2736419.198365398682654 ], [ 322280.92784925486194, 2736426.284974673297256 ], [ 322276.996274107310455, 2736442.879085132852197 ], [ 322272.569457151810639, 2736459.347997566685081 ], [ 322271.343045361049008, 2736466.73982764640823 ], [ 322269.615609859698452, 2736474.030863540712744 ], [ 322267.32947357458761, 2736490.930430576670915 ], [ 322266.097717350930907, 2736498.354472626466304 ], [ 322256.670867294771597, 2736506.851009045727551 ], [ 322250.384881010046229, 2736513.748019881080836 ], [ 322243.691021951613948, 2736520.249914447311312 ], [ 322222.273669255315326, 2736543.200384395662695 ], [ 322219.625249767559581, 2736546.333428452722728 ], [ 322216.729751124337781, 2736549.23965941881761 ], [ 322191.581342191551812, 2736577.090015992987901 ], [ 322179.110701131226961, 2736592.342985807918012 ], [ 322166.347269070451148, 2736607.351809185929596 ], [ 322163.587633058719803, 2736611.329410612117499 ], [ 322160.523356710968073, 2736615.077358645386994 ], [ 322149.607817676791456, 2736631.479217819403857 ], [ 322138.376966979179997, 2736647.666804718784988 ], [ 322136.020492487004958, 2736651.895744535606354 ], [ 322133.338334614993073, 2736655.925996780861169 ], [ 322124.08302021457348, 2736673.318786446005106 ], [ 322114.492910112079699, 2736690.529241554439068 ], [ 322112.562291276291944, 2736694.968792760744691 ], [ 322110.28808252728777, 2736699.242535684723407 ], [ 322102.782126502133906, 2736717.458753760904074 ], [ 322094.925114993122406, 2736735.526330994442105 ], [ 322086.529546088597272, 2736757.756079805083573 ], [ 322079.725090300780721, 2736778.851172307506204 ], [ 322072.720851799647789, 2736799.880774988327175 ], [ 322065.456223159038927, 2736825.884602617938071 ], [ 322065.347444205253851, 2736826.363544133026153 ], [ 322065.193159244081471, 2736826.82982086064294 ], [ 322059.487857407599222, 2736847.407754505053163 ], [ 322054.33451524033444, 2736870.305282028391957 ], [ 322049.083690802333876, 2736893.180651848204434 ], [ 322048.948186505993363, 2736894.238024400547147 ], [ 322048.714121710858308, 2736895.278030073735863 ], [ 322045.829944464727305, 2736918.57041559368372 ], [ 322043.629189439408947, 2736935.74343535490334 ], [ 322034.294175698829349, 2736937.074997020885348 ], [ 322025.579260436585173, 2736938.758037117309868 ], [ 322016.776027727173641, 2736939.891821013297886 ], [ 321957.222025017603301, 2736950.555054502561688 ], [ 321839.175468039000407, 2736970.619753952603787 ], [ 321832.098804098030087, 2736972.183304280973971 ], [ 321824.930963948485442, 2736973.253785379696637 ], [ 321790.289169977535494, 2736980.180023128632456 ], [ 321742.703784759680275, 2736992.149474977981299 ], [ 321696.520747619564645, 2737008.725474025122821 ], [ 321652.184826451179106, 2737029.748384338803589 ], [ 321610.123000411782414, 2737055.015743799973279 ], [ 321570.740347879414912, 2737084.284213924314827 ], [ 321534.416145326860715, 2737117.271923345047981 ], [ 321501.500214681378566, 2737153.661182387266308 ], [ 321472.309554348874371, 2737193.10154259391129 ], [ 321447.125286345544737, 2737235.213171736337245 ], [ 321426.18994893936906, 2737279.590511805377901 ], [ 321409.705160873942077, 2737325.806184756569564 ], [ 321397.829679669986945, 2737373.41510839574039 ], [ 321390.677872703119647, 2737421.958782762289047 ], [ 321388.318615784170106, 2737470.969705735798925 ], [ 321390.774629846797325, 2737519.975875335279852 ], [ 321398.022262133134063, 2737568.505335358437151 ], [ 321409.991713982250076, 2737616.090720576234162 ], [ 321422.874644485302269, 2737651.984355475753546 ], [ 321417.264499265293125, 2737660.46913642808795 ], [ 321394.343852674181107, 2737703.85439456673339 ], [ 321375.786074196454138, 2737749.277357062324882 ], [ 321361.769885383546352, 2737796.300575955305248 ], [ 321352.430269795819186, 2737844.471191942691803 ], [ 321347.857173036900349, 2737893.325295658782125 ], [ 321348.094636528461706, 2737942.392395379487425 ], [ 321353.140373367234133, 2737991.199948111083359 ], [ 321362.945790349273011, 2738039.277910440228879 ], [ 321374.687531301751733, 2738077.321474333759397 ], [ 321382.023469439824112, 2738102.517283075954765 ], [ 321386.501667888835073, 2738115.489226648584008 ], [ 321390.414316705835517, 2738128.642810211516917 ], [ 321394.502884153102059, 2738138.66625354392454 ], [ 321398.035416696511675, 2738148.898898064624518 ], [ 321403.763524209032767, 2738161.369437976740301 ], [ 321405.367869013221934, 2738165.30261492356658 ], [ 321414.941724228672683, 2738200.775732419453561 ], [ 321415.196288581646513, 2738201.563116450794041 ], [ 321421.77933588961605, 2738227.423021288122982 ], [ 321427.770071473729331, 2738243.96575881075114 ], [ 321414.109295746602584, 2738254.130371161736548 ], [ 321377.80402673088247, 2738287.138917109929025 ], [ 321344.908980789012276, 2738323.547056534793228 ], [ 321330.147041534946766, 2738343.516298199538141 ], [ 321320.960736266046297, 2738354.083286361768842 ], [ 321309.601367383438628, 2738366.352672846056521 ], [ 321304.872954675753135, 2738372.589028620161116 ], [ 321299.738300669472665, 2738378.495410621631891 ], [ 321290.057999110722449, 2738392.128637236077338 ], [ 321279.955938872648403, 2738405.452356122434139 ], [ 321275.861564523598645, 2738412.122147630900145 ], [ 321271.330561953305732, 2738418.503372890874743 ], [ 321263.033163579413667, 2738433.019787267781794 ], [ 321254.285700345644727, 2738447.269523863214999 ], [ 321250.864795418048743, 2738454.308517368510365 ], [ 321246.981080315774307, 2738461.103131198789924 ], [ 321239.325326169608161, 2738476.167868847493082 ], [ 321239.083994828688446, 2738476.706697078887373 ], [ 321238.792221102223266, 2738477.21996579086408 ], [ 321229.056199053360615, 2738499.096078602131456 ], [ 321219.268600429641083, 2738520.949164234101772 ], [ 321219.081245567649603, 2738521.509052467998117 ], [ 321218.841185942525044, 2738522.048448477406055 ], [ 321208.708367080427706, 2738548.200730233918875 ], [ 321202.676718136237469, 2738566.367906755302101 ], [ 321196.254251199949067, 2738584.400627297814935 ], [ 321194.949412602349184, 2738589.642358728218824 ], [ 321193.247361286485102, 2738594.768894935958087 ], [ 321191.410227655025665, 2738602.893402440007776 ], [ 321180.450775410223287, 2738619.735932289157063 ], [ 321175.755320425261743, 2738627.79072238644585 ], [ 321170.578367095498834, 2738635.544824220705777 ], [ 321131.51319979474647, 2738700.776143266819417 ], [ 321122.697879562678281, 2738717.283216988202184 ], [ 321113.500232645252254, 2738733.580353088211268 ], [ 321100.173544065270107, 2738760.162228769622743 ], [ 321083.224915550439619, 2738793.956128797959536 ], [ 321078.942075600731187, 2738801.123072145972401 ], [ 321039.275615016289521, 2738864.21912730904296 ], [ 321036.962069405359216, 2738867.824320139363408 ], [ 321036.937352913548239, 2738867.867343669757247 ], [ 321036.908546403283253, 2738867.907743101008236 ], [ 321033.600371141452342, 2738873.065113974735141 ], [ 321025.837642050755676, 2738885.162377454806119 ], [ 321012.368392195901833, 2738902.310045370366424 ], [ 320978.897132894431707, 2738944.259183942340314 ], [ 320971.744717580790166, 2738954.185779768042266 ], [ 320964.112336678896099, 2738963.748264347203076 ], [ 320956.222020143235568, 2738974.695333159528673 ], [ 320956.205082922067959, 2738974.721443690359592 ], [ 320956.185671004757751, 2738974.745770765934139 ], [ 320925.519034517812543, 2739017.30398683808744 ], [ 320924.133868732547853, 2739019.439949125982821 ], [ 320922.566337774216663, 2739021.44590671826154 ], [ 320910.78795525629539, 2739040.019700798206031 ], [ 320898.821228244458325, 2739058.472710452973843 ], [ 320897.652093325450551, 2739060.734157489612699 ], [ 320896.288728684885427, 2739062.884100748226047 ], [ 320894.751260245684534, 2739065.594067382626235 ], [ 320866.182476907270029, 2739115.82268026098609 ], [ 320861.784351047652308, 2739124.522832761984318 ], [ 320856.879225569427945, 2739132.947552857920527 ], [ 320853.942084007314406, 2739138.614659746177495 ], [ 320837.276439699402545, 2739158.712095074821264 ], [ 320822.967735295125749, 2739177.801080612465739 ], [ 320808.607295834866818, 2739196.851176884025335 ], [ 320808.253675262501929, 2739197.430843812879175 ], [ 320807.846412687678821, 2739197.974165498744696 ], [ 320795.477656380913686, 2739218.373730639927089 ], [ 320783.053602320665959, 2739238.739664702210575 ], [ 320775.386108464037534, 2739252.818975184578449 ], [ 320772.958375795627944, 2739257.849963861051947 ], [ 320770.156408579437993, 2739262.682531775441021 ], [ 320762.300464646425098, 2739279.936345529742539 ], [ 320754.061252757383045, 2739297.010458447504789 ], [ 320752.138333408918697, 2739302.255180950276554 ], [ 320749.823532917595003, 2739307.339119544718415 ], [ 320743.696586983918678, 2739325.279868634417653 ], [ 320737.17060487595154, 2739343.079349014442414 ], [ 320735.771017611550633, 2739348.487295799423009 ], [ 320733.965676639636513, 2739353.773643965367228 ], [ 320728.331848265894223, 2739373.365566722583026 ], [ 320722.725843303545844, 2739397.209694599732757 ], [ 320717.116060872620437, 2739421.052934675011784 ], [ 320717.110806512704585, 2739421.09223772585392 ], [ 320717.101731196627952, 2739421.130837940610945 ], [ 320713.859853901609313, 2739445.409634451847523 ], [ 320710.6141303217737, 2739469.687917588744313 ], [ 320708.34368658659514, 2739496.713873029686511 ], [ 320707.504329442919698, 2739520.875318896956742 ], [ 320706.836537671391852, 2739539.33570246770978 ], [ 320704.414648797654081, 2739542.122227026615292 ], [ 320694.354232660320122, 2739552.814597340300679 ], [ 320688.329842771112453, 2739560.628735522739589 ], [ 320681.857238880067598, 2739568.075844222679734 ], [ 320673.358875216217712, 2739580.047334143426269 ], [ 320664.394938294659369, 2739591.67431099107489 ], [ 320659.165476968162693, 2739600.041315431240946 ], [ 320653.453984732565004, 2739608.086990391369909 ], [ 320646.169954221521039, 2739620.833819617517292 ], [ 320638.388824126217514, 2739633.283428858965635 ], [ 320607.583850106806494, 2739688.417590159922838 ], [ 320598.465522418438923, 2739706.801812550984323 ], [ 320598.463138509076089, 2739706.806430995929986 ], [ 320553.053438733157236, 2739728.1103729843162 ], [ 320542.966715797840152, 2739733.461413765791804 ], [ 320532.613023920916021, 2739738.275630373973399 ], [ 320521.30679535085801, 2739744.952075140550733 ], [ 320509.707603342074435, 2739751.105485903099179 ], [ 320500.193944447499234, 2739757.419431699439883 ], [ 320490.361984174174722, 2739763.225305807311088 ], [ 320479.764604208699893, 2739770.977805859874934 ], [ 320468.824405205901712, 2739778.238505898509175 ], [ 320459.975432092149276, 2739785.454549957532436 ], [ 320450.75989057024708, 2739792.196167825721204 ], [ 320440.973417769884691, 2739800.950062351766974 ], [ 320430.79757187172072, 2739809.248127155005932 ], [ 320422.698504986765329, 2739817.296775027643889 ], [ 320414.188132919371128, 2739824.90921119088307 ], [ 320388.541357657988556, 2739850.222263275180012 ], [ 320387.675676125392783, 2739851.164915457833558 ], [ 320386.726142909436021, 2739852.023043839260936 ], [ 320371.083044057362713, 2739869.232854124624282 ], [ 320355.352141978393774, 2739886.362443497404456 ], [ 320354.583025011292193, 2739887.385408178903162 ], [ 320353.722175346279982, 2739888.33247496932745 ], [ 320339.841258688946255, 2739906.992707118857652 ], [ 320325.865098560170736, 2739925.581710883881897 ], [ 320325.199953172821552, 2739926.675136358942837 ], [ 320324.43607751413947, 2739927.702020784374326 ], [ 320312.451023855537642, 2739947.632966575212777 ], [ 320311.020562124496792, 2739949.98448750237003 ], [ 320303.38682315062033, 2739953.553321859333664 ], [ 320292.287345950317103, 2739960.138854068238288 ], [ 320280.893394397804514, 2739966.200660436414182 ], [ 320271.200501459708903, 2739972.65008239634335 ], [ 320261.18777100549778, 2739978.590826965868473 ], [ 320250.787235858326312, 2739986.232587049715221 ], [ 320240.042310220305808, 2739993.382006713189185 ], [ 320231.0282451074454, 2740000.750442591495812 ], [ 320221.646023482084274, 2740007.644000057596713 ], [ 320212.044593226688448, 2740016.268393689766526 ], [ 320202.052173011179548, 2740024.436573828570545 ], [ 320193.803746097139083, 2740032.653061561286449 ], [ 320185.142389224900398, 2740040.433043195866048 ], [ 320176.432530881429557, 2740049.957012752071023 ], [ 320167.288848559313919, 2740059.065289325546473 ], [ 320114.574726624239702, 2740117.000107137020677 ], [ 320105.692192904127296, 2740127.780792928300798 ], [ 320096.361660623224452, 2740138.17616492183879 ], [ 320090.100554198317695, 2740146.704285160638392 ], [ 320083.373004747729283, 2740154.869477554690093 ], [ 320075.589934845920652, 2740166.468891953583807 ], [ 320067.323256265197415, 2740177.72875947970897 ], [ 320061.92820073722396, 2740186.829510235693306 ], [ 320056.033375084749423, 2740195.614800155162811 ], [ 320049.424724222160876, 2740207.921234454959631 ], [ 320042.301511972269509, 2740219.937158838380128 ], [ 320037.824464674340561, 2740229.522894908674061 ], [ 320032.8191332143615, 2740238.843675207346678 ], [ 320030.555819062981755, 2740244.277958799153566 ], [ 319964.132507765374612, 2740288.62498876452446 ], [ 319964.046312713588122, 2740288.688865857198834 ], [ 319963.954295294475742, 2740288.744026220869273 ], [ 319944.335339816694614, 2740303.296196794137359 ], [ 319924.710149467515294, 2740317.839956334792078 ], [ 319924.630630517378449, 2740317.911974435672164 ], [ 319924.544462849444244, 2740317.975888470187783 ], [ 319906.446340259979479, 2740334.380980176851153 ], [ 319888.341188176127616, 2740350.778312676586211 ], [ 319888.269111139758024, 2740350.85777821065858 ], [ 319888.189623063663021, 2740350.929830390028656 ], [ 319807.813600530556869, 2740431.315164681058377 ], [ 319798.065606416959781, 2740442.071670848876238 ], [ 319787.894096842443105, 2740452.428610889706761 ], [ 319781.600337927869987, 2740460.240409974940121 ], [ 319774.863870384637266, 2740467.673821796197444 ], [ 319766.217137502564583, 2740479.334002952091396 ], [ 319757.109764171240386, 2740490.638053778558969 ], [ 319751.612001632922329, 2740499.029133167583495 ], [ 319745.636573792144191, 2740507.087040362879634 ], [ 319738.174374905356672, 2740519.538602589163929 ], [ 319730.218846801610198, 2740531.680900011677295 ], [ 319725.570027098117862, 2740540.570449022576213 ], [ 319720.413185596466064, 2740549.175249541178346 ], [ 319714.207385759276804, 2740562.298277487047017 ], [ 319707.480318967951462, 2740575.16188454348594 ], [ 319703.725212775112595, 2740584.464291959069669 ], [ 319699.436620814434718, 2740593.533116868697107 ], [ 319696.194915433530696, 2740602.594731166958809 ], [ 319685.202273676870391, 2740613.943796341307461 ], [ 319680.151009935187176, 2740620.302980181295425 ], [ 319674.693110625375994, 2740626.316782599780709 ], [ 319664.899544946558308, 2740639.503496062941849 ], [ 319654.683059014903847, 2740652.365329370833933 ], [ 319650.279427505622152, 2740659.189002426341176 ], [ 319645.437265186279546, 2740665.708814427722245 ], [ 319636.983382145117503, 2740679.791967566125095 ], [ 319628.076771507854573, 2740693.593258363194764 ], [ 319624.363181607215665, 2740700.815704936161637 ], [ 319620.183388950943481, 2740707.778737163636833 ], [ 319613.150604065100197, 2740722.622701509855688 ], [ 319605.639644248934928, 2740737.230535824783146 ], [ 319602.651859858131502, 2740744.78219980513677 ], [ 319599.174690552754328, 2740752.121394453104585 ], [ 319575.226849814062007, 2740809.82776192156598 ], [ 319574.337057472206652, 2740812.309348389040679 ], [ 319573.233472868218087, 2740814.703529422637075 ], [ 319566.058372409257572, 2740835.398188170511276 ], [ 319558.665654503041878, 2740856.016109735239297 ], [ 319558.023384763626382, 2740858.572961586061865 ], [ 319557.15978499938501, 2740861.06378419091925 ], [ 319552.04766587971244, 2740882.362075333949178 ], [ 319546.711455643409863, 2740903.605329034850001 ], [ 319546.322893915057648, 2740906.21282238792628 ], [ 319545.707595928455703, 2740908.776298580691218 ], [ 319505.790978527627885, 2741120.341117968782783 ], [ 319503.431929055193905, 2741137.402938898187131 ], [ 319500.574528262077365, 2741154.388406468555331 ], [ 319479.465195842902176, 2741333.094566416926682 ], [ 319477.156766544969287, 2741335.360224307514727 ], [ 319474.313394864555448, 2741337.719605549238622 ], [ 319459.652665781439282, 2741352.540002803783864 ], [ 319444.774698674853425, 2741367.142305591143668 ] ], [ [ 324291.817250622378197, 2737248.684441093821079 ], [ 324250.472218764887657, 2737231.23706094129011 ], [ 324253.282498854561709, 2737231.832911922130734 ], [ 324275.751923675124999, 2737236.74148404924199 ], [ 324277.279406071524136, 2737236.920867660082877 ], [ 324278.783939334971365, 2737237.239867045544088 ], [ 324301.642345845815726, 2737239.781988758593798 ], [ 324303.982178742066026, 2737240.056772726587951 ], [ 324304.444812517962418, 2737242.930405309889466 ], [ 324306.040596694219857, 2737256.408528652973473 ], [ 324291.817250622378197, 2737248.684441093821079 ] ], [ [ 324151.690125324123073, 2737205.16179308667779 ], [ 324102.891650229634251, 2737200.029007064644247 ], [ 324053.825052122818306, 2737199.704023791011423 ], [ 324004.962869166047312, 2737204.189973033033311 ], [ 323956.775670891976915, 2737213.443652646616101 ], [ 323909.727526361763012, 2737227.375944639090449 ], [ 323864.271534926374443, 2737245.852673422545195 ], [ 323820.845462632074486, 2737268.695897997822613 ], [ 323816.699405398394447, 2737271.426659121178091 ], [ 323817.416293901682366, 2737264.349473494570702 ], [ 323817.5525346614304, 2737215.281988309696317 ], [ 323812.878664803749416, 2737166.437422547955066 ], [ 323803.439696250308771, 2737118.286176078487188 ], [ 323789.771914333628956, 2737072.775013662874699 ], [ 323811.340985019865911, 2737081.061720401979983 ], [ 323858.648842815309763, 2737094.08490183763206 ], [ 323907.00539534719428, 2737102.408392158802599 ], [ 323955.944942580361385, 2737105.952031604014337 ], [ 323990.679207365668844, 2737105.05247658258304 ], [ 323994.464258412714116, 2737108.439864738844335 ], [ 324004.315553307358641, 2737115.650342057924718 ], [ 324013.799145232595038, 2737123.338025620207191 ], [ 324036.26570553984493, 2737139.791156279388815 ], [ 324051.584913965198211, 2737149.893947314936668 ], [ 324066.649291488982271, 2737160.372929306700826 ], [ 324072.056618980423082, 2737163.394733528140932 ], [ 324077.227740313683171, 2737166.805011448450387 ], [ 324093.463429254363291, 2737175.357609783764929 ], [ 324109.48238752677571, 2737184.309565404895693 ], [ 324115.159865866007749, 2737186.786808035336435 ], [ 324120.640352526970673, 2737189.673806010279804 ], [ 324137.636163413175382, 2737196.593845443800092 ], [ 324154.455431119247805, 2737203.932562473230064 ], [ 324160.348383090167772, 2737205.841386313084513 ], [ 324165.822978423617315, 2737208.070430625230074 ], [ 324151.690125324123073, 2737205.16179308667779 ] ], [ [ 323010.21505970536964, 2737803.256975170690566 ], [ 322984.856940443918575, 2737761.24980374192819 ], [ 322955.503504641004838, 2737721.93043865961954 ], [ 322933.573308475490194, 2737697.886661971919239 ], [ 322948.546278331137728, 2737700.681913145817816 ], [ 322965.289278814336285, 2737704.32400919450447 ], [ 322972.651199566898867, 2737705.181976261548698 ], [ 322979.937070305226371, 2737706.542149889748544 ], [ 322997.007728306984063, 2737708.020515309646726 ], [ 323014.02709451346891, 2737710.003972643520683 ], [ 323021.437661089177709, 2737710.136213945224881 ], [ 323028.821768692461774, 2737710.77569775050506 ], [ 323059.706904912367463, 2737711.928241597022861 ], [ 323097.176316246681381, 2737715.134682463482022 ], [ 323103.231834645092022, 2737715.3544702664949 ], [ 323109.254562663845718, 2737716.02107133064419 ], [ 323140.649551296548452, 2737717.94310969254002 ], [ 323148.384527870919555, 2737720.576118891127408 ], [ 323155.885557359026279, 2737722.33184118475765 ], [ 323163.251363719289657, 2737724.588586805388331 ], [ 323167.753343376039993, 2737725.497088197153062 ], [ 323165.254307103750762, 2737728.657537715509534 ], [ 323154.523409469402395, 2737745.366732774768025 ], [ 323143.481541053508408, 2737761.872080565895885 ], [ 323141.270863551530056, 2737766.002413248177618 ], [ 323138.739348465693183, 2737769.944262365344912 ], [ 323129.697910552902613, 2737787.624809984117746 ], [ 323120.327018742624205, 2737805.1329723787494 ], [ 323058.606250454788096, 2737935.442102062050253 ], [ 323048.009327384177595, 2737893.694539981894195 ], [ 323031.333649874781258, 2737847.547400921117514 ], [ 323010.21505970536964, 2737803.256975170690566 ] ] ], [ [ [ 322155.437790455238428, 2715165.053544118069112 ], [ 322133.746170157333836, 2715209.066159045789391 ], [ 322116.472991593647748, 2715254.992991792969406 ], [ 322103.784604916349053, 2715302.391741855069995 ], [ 322095.803206225216854, 2715350.805933357216418 ], [ 322092.605660752742551, 2715399.769311170559376 ], [ 322094.222762609831989, 2715448.810331199318171 ], [ 322100.6389382215566, 2715497.456701613031328 ], [ 322111.792396309319884, 2715545.239931271411479 ], [ 322127.57572297466686, 2715591.699841551948339 ], [ 322147.836916153784841, 2715636.388998121023178 ], [ 322172.380849480454344, 2715678.877019971609116 ], [ 322200.971151459671091, 2715718.754724226426333 ], [ 322233.332481854245998, 2715755.638066794257611 ], [ 322238.932812396145891, 2715760.880851316731423 ], [ 322232.434897647122853, 2715790.982982103712857 ], [ 322226.832551994302776, 2715839.729780840687454 ], [ 322226.035204979474656, 2715888.790976317599416 ], [ 322230.050535490212496, 2715937.694082403089851 ], [ 322238.83987369883107, 2715985.968135451897979 ], [ 322252.318573473487049, 2716033.148229944054037 ], [ 322270.356827567273285, 2716078.779995778109878 ], [ 322292.780917732510716, 2716122.423974104691297 ], [ 322319.37488772260258, 2716163.659849553834647 ], [ 322349.882623068871908, 2716202.090498103760183 ], [ 322384.010317602660507, 2716237.345811599865556 ], [ 322573.302813379152212, 2716414.597857272718102 ], [ 323018.859778791258577, 2716834.169159874785691 ], [ 323023.544181354693137, 2716838.165359023492783 ], [ 323027.922214731166605, 2716842.495030923746526 ], [ 323042.200568298983853, 2716854.080865134019405 ], [ 323056.189458408684004, 2716866.014594139996916 ], [ 323061.243000302929431, 2716869.532398751936853 ], [ 323066.024334313522559, 2716873.412099789362401 ], [ 323244.040733522328082, 2717003.911846690811217 ], [ 323244.383873607032001, 2717004.138379152398556 ], [ 323244.703582480375189, 2717004.39692954486236 ], [ 323484.557986342988443, 2717179.62365387333557 ], [ 323499.417573913873639, 2717189.398568206466734 ], [ 323514.007645081088413, 2717199.57138083036989 ], [ 323621.237638633698225, 2717266.767104563303292 ], [ 324173.854834711703006, 2717616.080140392296016 ], [ 324192.346891163324472, 2717628.229609639383852 ], [ 324196.506432943861, 2717630.679065047763288 ], [ 324200.460026067798026, 2717633.448671709746122 ], [ 324672.928738665417768, 2717930.976455710362643 ], [ 324681.97598817787366, 2717936.071688971947879 ], [ 324690.720205541641917, 2717941.671045024413615 ], [ 324703.340286570950411, 2717948.103642288595438 ], [ 324715.682488247344736, 2717955.054527904372662 ], [ 324725.185592970170546, 2717959.23844069801271 ], [ 324734.436537409259472, 2717963.953751142602414 ], [ 324747.62635409476934, 2717969.118389442097396 ], [ 324760.590430620417465, 2717974.826057326979935 ], [ 324770.457870462560095, 2717978.058356287423521 ], [ 324780.126450322568417, 2717981.844210104551166 ], [ 324792.681148784060497, 2717986.062247939407825 ], [ 324807.863453067315277, 2717990.346518099773675 ], [ 324822.886188179138117, 2717995.16053556278348 ], [ 324831.462120741722174, 2717997.005788383074105 ], [ 324839.904623905022163, 2717999.388164846226573 ], [ 324855.433753156394232, 2718002.163679026067257 ], [ 324870.856005914218258, 2718005.482030142564327 ], [ 324883.383607479452621, 2718007.540350516326725 ], [ 324897.996132346626837, 2718009.209886412136257 ], [ 324912.531672249140684, 2718011.452945261262357 ], [ 324940.286708013853058, 2718014.350493108853698 ], [ 324989.28036679700017, 2718017.044572346378118 ], [ 325038.302173664502334, 2718014.923460528254509 ], [ 325086.880021818215027, 2718008.007585119921714 ], [ 325134.546080024971161, 2717996.363549782894552 ], [ 325180.84129808738362, 2717980.103492942638695 ], [ 325225.319827747938689, 2717959.384007834363729 ], [ 325267.553316451550927, 2717934.404634427279234 ], [ 325307.135032614925876, 2717905.40593774151057 ], [ 325343.683782673731912, 2717872.66719107888639 ], [ 325376.8475821854081, 2717836.503686466719955 ], [ 325406.307045631401706, 2717797.263698222581297 ], [ 325431.778462274640333, 2717755.325128884986043 ], [ 325453.016528448672034, 2717711.091869802214205 ], [ 325469.816709966340568, 2717664.989911439828575 ], [ 325482.017211895785294, 2717617.46324085816741 ], [ 325489.500536733889021, 2717568.969565875828266 ], [ 325492.194615971704479, 2717519.975907092913985 ], [ 325490.073504153406247, 2717470.954100225120783 ], [ 325483.157628745306283, 2717422.376252071466297 ], [ 325471.513593408220913, 2717374.710193865001202 ], [ 325455.253536567732226, 2717328.414975802414119 ], [ 325434.534051459864713, 2717283.936446141917259 ], [ 325409.554678052547388, 2717241.70295743830502 ], [ 325380.555981366895139, 2717202.121241274755448 ], [ 325347.817234704329167, 2717165.57249121600762 ], [ 325311.653730091871694, 2717132.408691704273224 ], [ 325272.413741848082282, 2717102.949228258337826 ], [ 325230.47517251042882, 2717077.477811614982784 ], [ 325186.241913427598774, 2717056.239745441358536 ], [ 325140.139955064922106, 2717039.439563923515379 ], [ 325129.436931157368235, 2717036.692006347235292 ], [ 324737.415937021956779, 2716789.824574585072696 ], [ 324719.279088983254042, 2716777.908480879850686 ], [ 324715.485888575727586, 2716775.674755209125578 ], [ 324711.88479705399368, 2716773.142949624918401 ], [ 324154.723611313092988, 2716420.957627455238253 ], [ 324153.872164773929399, 2716420.47620120132342 ], [ 324153.069813725363929, 2716419.916768229100853 ], [ 324060.091724482830614, 2716361.652006748132408 ], [ 323834.938783164194319, 2716197.165502665564418 ], [ 323682.042045377194881, 2716085.08040448371321 ], [ 323469.715599136718083, 2715885.137208570260555 ], [ 323513.08602788427379, 2715886.984655955340713 ], [ 323518.406580523995217, 2715886.949985758867115 ], [ 323523.714069810288493, 2715887.3242048737593 ], [ 323542.929859742347617, 2715886.790185271762311 ], [ 323562.152660492283758, 2715886.664924171753228 ], [ 323567.444194944459014, 2715886.10891556693241 ], [ 323572.762807105435058, 2715885.961107792332768 ], [ 323591.833724674303085, 2715883.546182863414288 ], [ 323610.951684657891747, 2715881.537360970396549 ], [ 323616.163240554102231, 2715880.465368623845279 ], [ 323621.441754446248524, 2715879.796957429498434 ], [ 323989.8245328469784, 2715814.646357447374612 ], [ 324414.802734899159987, 2715763.199386028572917 ], [ 324437.688441778707784, 2715759.281285882927477 ], [ 324460.594467648654245, 2715755.48377766367048 ], [ 324461.867485345108435, 2715755.141762702725828 ], [ 324463.166742898931261, 2715754.919325998518616 ], [ 324485.558207837573718, 2715748.776901042554528 ], [ 324507.981714071182068, 2715742.752495701890439 ], [ 324509.215078513196204, 2715742.287350081373006 ], [ 324510.486277175019495, 2715741.938634961377829 ], [ 324532.167858150729444, 2715733.63104010373354 ], [ 324553.892894099350087, 2715725.437755960039794 ], [ 324555.074727309984155, 2715724.853959287516773 ], [ 324556.305624744854867, 2715724.382324068341404 ], [ 324577.068516313272994, 2715713.989565974101424 ], [ 324597.885857971792575, 2715703.706308847293258 ], [ 324599.004778250411619, 2715703.00948340492323 ], [ 324600.183520244027022, 2715702.419470190536231 ], [ 324619.827764434507117, 2715690.041636780370027 ], [ 324639.536929397494532, 2715677.767440078314394 ], [ 324640.582160928694066, 2715676.964296677615494 ], [ 324641.697395552648231, 2715676.261587616521865 ], [ 324660.03380751342047, 2715662.017884210217744 ], [ 324678.444985789828934, 2715647.870955139864236 ], [ 324679.406462427868973, 2715646.969228486530483 ], [ 324680.447449357830919, 2715646.160591054707766 ], [ 324697.299439386231825, 2715630.188192329369485 ], [ 324714.23532129637897, 2715614.304773524869233 ], [ 324715.103783494210802, 2715613.313147740904242 ], [ 324716.060497458442114, 2715612.406369557604194 ], [ 324731.26577170053497, 2715594.859098427463323 ], [ 324746.563255421293434, 2715577.392155910842121 ], [ 324747.330339412437752, 2715576.320180895272642 ], [ 324748.193566733156331, 2715575.323994729667902 ], [ 324761.60569008794846, 2715556.370841005817056 ], [ 324775.117452486592811, 2715537.488590984139591 ], [ 324775.775770833191928, 2715536.346590442117304 ], [ 324776.537198159203399, 2715535.270590111613274 ], [ 324788.027004552015569, 2715515.094083015341312 ], [ 324799.622919965360779, 2715494.978371888399124 ], [ 324800.166132701153401, 2715493.777343910653144 ], [ 324800.818427071732003, 2715492.631891885772347 ], [ 324810.275263380608521, 2715471.426342216785997 ], [ 324819.843656809651293, 2715450.270895272493362 ], [ 324820.266532500041649, 2715449.022406412754208 ], [ 324820.803411962813698, 2715447.818534024525434 ], [ 324828.136203675006982, 2715425.788162843789905 ], [ 324835.584926269948483, 2715403.796718575526029 ], [ 324835.883392390969675, 2715402.512792463414371 ], [ 324836.299686503072735, 2715401.262093661352992 ], [ 324841.437814835342579, 2715378.619065464939922 ], [ 324846.69513131614076, 2715356.003413524013013 ], [ 324846.866313475125935, 2715354.696415072772652 ], [ 324847.158013097592629, 2715353.410934767685831 ], [ 324850.051995066227391, 2715330.373314287979156 ], [ 324853.067274600325618, 2715307.351255772635341 ], [ 324857.248277710401453, 2715255.93919314770028 ], [ 325100.210126435442362, 2714810.458963237702847 ], [ 325106.451382547151297, 2714797.545571052003652 ], [ 325113.214273849618621, 2714784.897556311450899 ], [ 325117.121188180055469, 2714775.469344372861087 ], [ 325121.56223936448805, 2714766.280643471051008 ], [ 325126.507708347809967, 2714752.817682723049074 ], [ 325131.998312244773842, 2714739.567692364100367 ], [ 325134.96228734171018, 2714729.801935274153948 ], [ 325138.481303465552628, 2714720.222181340679526 ], [ 325142.08335775177693, 2714706.33930769842118 ], [ 325146.24879672518, 2714692.61494637420401 ], [ 325148.241287888784427, 2714682.60569371143356 ], [ 325150.804378902539611, 2714672.727145013865083 ], [ 325153.028328738582786, 2714658.558058144524693 ], [ 325155.828487335296813, 2714644.491498953197151 ], [ 325156.830305786570534, 2714634.335145290475339 ], [ 325158.41278772248188, 2714624.252937654498965 ], [ 325159.237215256143827, 2714609.934093607589602 ], [ 325160.645126417628489, 2714595.66080520581454 ], [ 325167.574772518419195, 2714455.025735769420862 ], [ 325167.581973205611575, 2714405.958061970304698 ], [ 325162.779666151152924, 2714357.125956641044468 ], [ 325153.214100197132211, 2714308.999699651263654 ], [ 325138.977396972768474, 2714262.042773162946105 ], [ 325120.206663712742738, 2714216.707398048602045 ], [ 325097.082672839402221, 2714173.430178752634674 ], [ 325069.828121025697328, 2714132.627898554783314 ], [ 325038.705484504520427, 2714094.693505718372762 ], [ 325004.014491278911009, 2714059.992329183034599 ], [ 324966.089234577666502, 2714028.858560248743743 ], [ 324925.294955354824197, 2714001.592034129891545 ], [ 324882.024524819804356, 2713978.455342378467321 ], [ 324836.694660872570239, 2713959.6713039833121 ], [ 324789.741914882848505, 2713945.420819502789527 ], [ 324741.618467461492401, 2713935.841128892730922 ], [ 324692.78777371410979, 2713931.024489810224622 ], [ 324643.720099915051833, 2713931.017289123032242 ], [ 324594.887994586082641, 2713935.819596177432686 ], [ 324546.761737595952582, 2713945.385162131395191 ], [ 324499.804811107926071, 2713959.621865355875343 ], [ 324454.46943599334918, 2713978.392598615959287 ], [ 324411.192216697381809, 2714001.516589489299804 ], [ 324370.389936499588657, 2714028.771141303237528 ], [ 324332.455543663119897, 2714059.893777824006975 ], [ 324297.754367128014565, 2714094.5847710496746 ], [ 324266.620598193840124, 2714132.510027751326561 ], [ 324239.354072074929718, 2714173.304306973703206 ], [ 324216.217380323272664, 2714216.574737508781254 ], [ 324197.433341928117443, 2714261.904601456131786 ], [ 324183.182857447711285, 2714308.857347446028143 ], [ 324173.603166837594472, 2714356.980794867035002 ], [ 324168.786527755262796, 2714405.811488614417613 ], [ 324167.489690885180607, 2714432.130400232505053 ], [ 324042.784732261672616, 2714660.781910459510982 ], [ 324032.730460341263097, 2714670.211369907483459 ], [ 324015.576308465853799, 2714686.156293062027544 ], [ 324014.837163822841831, 2714686.992705766111612 ], [ 324014.022992969024926, 2714687.756280802655965 ], [ 323998.592742643144447, 2714705.374818620737642 ], [ 323983.084068479423877, 2714722.92436351114884 ], [ 323982.430465800920501, 2714723.829197504092008 ], [ 323981.695058844110463, 2714724.668898416683078 ], [ 323968.066028087807354, 2714743.715027166996151 ], [ 323954.352188630378805, 2714762.700182097963989 ], [ 323953.790422467805911, 2714763.664723333436996 ], [ 323953.140861778811086, 2714764.572463343385607 ], [ 323941.444305617827922, 2714784.862758376635611 ], [ 323929.657372628164012, 2714805.100685945246369 ], [ 323929.192853095999453, 2714806.115645365789533 ], [ 323928.635394300043117, 2714807.082682439126074 ], [ 323924.965268289321102, 2714815.197227129712701 ], [ 323856.096074880333617, 2714823.534387501422316 ], [ 323842.646708882239182, 2714825.836958409752697 ], [ 323829.109762575477362, 2714827.551123917568475 ], [ 323501.073915567540098, 2714885.566138465888798 ], [ 323399.01932084094733, 2714881.218925408087671 ], [ 323386.507359159295447, 2714881.300456819590181 ], [ 323374.005966725235339, 2714880.779861375223845 ], [ 323361.988821929087862, 2714881.460226407274604 ], [ 323349.952688232937362, 2714881.538657191675156 ], [ 323337.508966541790869, 2714882.846182711422443 ], [ 323325.016744453227147, 2714883.553444812539965 ], [ 323241.348724155104719, 2714892.425432487390935 ], [ 323230.99530763446819, 2714775.66470341430977 ], [ 323266.445514709979761, 2714444.218678179662675 ], [ 323306.258702220977284, 2714137.064015809912235 ], [ 323307.408174328855239, 2714122.692593502346426 ], [ 323309.138720997143537, 2714108.379513002000749 ], [ 323309.363079183269292, 2714098.25114508299157 ], [ 323310.170797528408002, 2714088.152542981784791 ], [ 323309.906088896852452, 2714073.73765503289178 ], [ 323310.225375290028751, 2714059.32387269102037 ], [ 323309.455899470543955, 2714049.222284683957696 ], [ 323309.269892331794836, 2714039.093139869626611 ], [ 323307.593552249716595, 2714024.77360952924937 ], [ 323306.498503465147223, 2714010.397937949746847 ], [ 323304.742604112718254, 2714000.42041366873309 ], [ 323303.564662840566598, 2713990.35827534366399 ], [ 323300.492835379671305, 2713976.272007518447936 ], [ 323297.993997335492168, 2713962.072892275638878 ], [ 323295.898504875716753, 2713954.570726041682065 ], [ 323297.762738794204779, 2713926.214403640013188 ], [ 323320.650931629585102, 2713815.143724534194916 ], [ 323338.527665172237903, 2713742.911377257201821 ], [ 323341.498683298123069, 2713736.601752409245819 ], [ 323349.476423428801354, 2713717.248103551566601 ], [ 323357.732380778470542, 2713698.011491843964905 ], [ 323358.823460465180688, 2713694.572600251995027 ], [ 323360.198406496900134, 2713691.237041276413947 ], [ 323366.240742313326336, 2713671.194630250800401 ], [ 323372.571427301561926, 2713651.241422758903354 ], [ 323383.730581163894385, 2713608.977385165635496 ], [ 323399.429890472674742, 2713582.62214008718729 ], [ 323405.521287195791956, 2713571.15089074568823 ], [ 323412.136300551821478, 2713559.973401144612581 ], [ 323417.020570229156874, 2713549.49557113321498 ], [ 323422.442277626425494, 2713539.285473147872835 ], [ 323427.379963552288245, 2713527.272399721667171 ], [ 323432.867538244812749, 2713515.500348094385117 ], [ 323436.701281893649139, 2713504.594229553360492 ], [ 323441.09611768135801, 2713493.901875724550337 ], [ 323444.832540196366608, 2713481.462670674547553 ], [ 323449.139827880193479, 2713469.209428315982223 ], [ 323451.886124454264063, 2713457.98005312634632 ], [ 323455.211763960425742, 2713446.908416668418795 ], [ 323457.710939272714313, 2713434.162876341491938 ], [ 323460.796458413358778, 2713421.546448672190309 ], [ 323462.428859574894886, 2713410.101961857639253 ], [ 323464.653275073680561, 2713398.757668680511415 ], [ 323465.891134759003762, 2713385.82853959640488 ], [ 323467.72517012024764, 2713372.970429712440819 ], [ 323468.22795495390892, 2713361.421047935727984 ], [ 323469.329724107752554, 2713349.91334978537634 ], [ 323469.294346900540404, 2713336.9251465247944 ], [ 323469.85923571937019, 2713323.949185053352267 ], [ 323469.227562132291496, 2713312.406135175842792 ], [ 323469.196074302075431, 2713300.845857474952936 ], [ 323467.88780090410728, 2713287.923663535155356 ], [ 323467.178102992416825, 2713274.95481607876718 ], [ 323466.820941113051958, 2713271.52485714154318 ], [ 323675.608507540833671, 2712981.863301797769964 ], [ 323702.312205748865381, 2712940.698399685323238 ], [ 323724.852452364226338, 2712897.11429769359529 ], [ 323743.01217249018373, 2712851.530734550207853 ], [ 323756.616478094831109, 2712804.386704886797816 ], [ 323765.534352278278675, 2712756.136231480166316 ], [ 323769.67991103726672, 2712707.243992766365409 ], [ 323769.013230374606792, 2712658.180847730487585 ], [ 323763.540730789594818, 2712609.419301280751824 ], [ 323753.315115444769617, 2712561.428953764494509 ], [ 323738.434862605878152, 2712514.67197846295312 ], [ 323719.043277242046315, 2712469.598670607898384 ], [ 323695.327110920858104, 2712426.643110794015229 ], [ 323667.514763288607355, 2712386.21898454381153 ], [ 323635.874082456692122, 2712348.71559829171747 ], [ 323600.709785478189588, 2712314.494130148086697 ], [ 323562.360523755662143, 2712283.88415155839175 ], [ 323521.195621643390041, 2712257.180453350301832 ], [ 323477.6115196517203, 2712234.640206735115498 ], [ 323432.027956508274656, 2712216.480486609041691 ], [ 323384.883926844748203, 2712202.876181004568934 ], [ 323336.633453438291326, 2712193.958306821063161 ], [ 323287.741214724141173, 2712189.8127480619587 ], [ 323238.678069688437972, 2712190.479428724851459 ], [ 323189.916523238469381, 2712195.951928309630603 ], [ 323141.92617572232848, 2712206.177543654572219 ], [ 323095.169200420728885, 2712221.057796493638307 ], [ 323050.095892565848771, 2712240.449381857179105 ], [ 323007.140332751965616, 2712264.165548178367317 ], [ 322966.716206501878332, 2712291.977895810734481 ], [ 322929.212820249435026, 2712323.618576642591506 ], [ 322894.991352105804253, 2712358.782873621210456 ], [ 322864.381373516458552, 2712397.1321353437379 ], [ 322575.269020221661776, 2712798.232331860810518 ], [ 322572.36361330881482, 2712802.711141882929951 ], [ 322569.122985210444313, 2712806.953718705102801 ], [ 322559.017240063694771, 2712823.285151666495949 ], [ 322548.565322013630066, 2712839.397233973257244 ], [ 322546.112905579968356, 2712844.13925697747618 ], [ 322543.303727239079308, 2712848.679041732102633 ], [ 322534.847404374391772, 2712865.922370619140565 ], [ 322526.025075398269109, 2712882.981335964985192 ], [ 322524.049267553840764, 2712887.940903679002076 ], [ 322521.698592894303147, 2712892.734175756108016 ], [ 322514.973131323582493, 2712910.723337884061038 ], [ 322507.865355272311717, 2712928.564899108372629 ], [ 322506.385184127313551, 2712933.694248183164746 ], [ 322504.515651430585422, 2712938.69484575279057 ], [ 322499.585821024491452, 2712957.256595658138394 ], [ 322494.261049667664338, 2712975.708928771782666 ], [ 322493.290770079300273, 2712980.958660772070289 ], [ 322491.920383967284579, 2712986.118425345979631 ], [ 322488.833661686978303, 2713005.074003232643008 ], [ 322485.343175484216772, 2713023.959402178414166 ], [ 322484.892131775501184, 2713029.278959313873202 ], [ 322484.034089815395419, 2713034.548199539538473 ], [ 322465.519240147899836, 2713198.671695033553988 ], [ 322465.329424965544604, 2713201.668809888418764 ], [ 322457.789044934441335, 2713220.014071279671043 ], [ 322449.632676868117414, 2713239.01863716961816 ], [ 322448.465103707334492, 2713242.698622760828584 ], [ 322446.997373084304854, 2713246.269517307169735 ], [ 322441.047950067324564, 2713266.076188672333956 ], [ 322434.793630345026031, 2713285.78870625467971 ], [ 322417.348964279226493, 2713351.858412927947938 ], [ 322412.70911965565756, 2713361.712165980599821 ], [ 322412.6032309930888, 2713361.969047247432172 ], [ 322412.472945792134851, 2713362.214457438793033 ], [ 322403.253621438518167, 2713384.650791364256293 ], [ 322394.009396456880495, 2713407.076877113431692 ], [ 322393.929196443990804, 2713407.342900332063437 ], [ 322393.82359300745884, 2713407.599898987915367 ], [ 322386.847807523445226, 2713430.83184760203585 ], [ 322379.84623679361539, 2713454.056038156151772 ], [ 322379.792497800895944, 2713454.328641375992447 ], [ 322379.71259314706549, 2713454.594753460027277 ], [ 322347.571596506866626, 2713584.462977182585746 ], [ 322345.677005641628057, 2713594.130260157864541 ], [ 322343.217728112067562, 2713603.669536267407238 ], [ 322311.389154826058075, 2713758.125647122506052 ], [ 322309.876337149820756, 2713767.862581442575902 ], [ 322307.794180409226101, 2713777.49383943900466 ], [ 322306.111912062275223, 2713792.091515574138612 ], [ 322303.855941595858894, 2713806.611597276292741 ], [ 322303.304795007803477, 2713816.449927659705281 ], [ 322302.176692787674256, 2713826.238895565271378 ], [ 322291.12414912157692, 2713994.35593733843416 ], [ 322290.740956954017747, 2714017.491642040666193 ], [ 322290.228522621444426, 2714040.624844998586923 ], [ 322290.334716092213057, 2714042.018940385896713 ], [ 322290.311562245013192, 2714043.416882768273354 ], [ 322292.197910867282189, 2714066.478742133826017 ], [ 322293.955394446325954, 2714089.550779739860445 ], [ 322294.197721809672657, 2714090.927753396332264 ], [ 322294.311701769242063, 2714092.321233777794987 ], [ 322298.449424611055292, 2714115.087149478495121 ], [ 322299.769472463754937, 2714122.588040394242853 ], [ 322274.023453907808289, 2714321.215935604646802 ], [ 322273.577668806654401, 2714326.789420949295163 ], [ 322272.710958597599529, 2714332.313122303690761 ], [ 322231.465692556812428, 2714717.940756574738771 ], [ 322230.076131792506203, 2714742.095655725803226 ], [ 322228.653778553125449, 2714766.248646071646363 ], [ 322228.667147742118686, 2714766.588192156981677 ], [ 322228.647631778963841, 2714766.92744045285508 ], [ 322229.632356268644799, 2714791.102227919269353 ], [ 322230.584259093622677, 2714815.278330027591437 ], [ 322250.803242518566549, 2715043.29806062579155 ], [ 322244.733981571218465, 2715048.623211360536516 ], [ 322211.200207441404928, 2715084.443912868387997 ], [ 322181.338950326142367, 2715123.379012552089989 ], [ 322155.437790455238428, 2715165.053544118069112 ] ] ], [ [ [ 322559.584372394776437, 2717681.82025609491393 ], [ 322511.640188578981906, 2717692.260174779221416 ], [ 322464.950160087377299, 2717707.349174194503576 ], [ 322419.963937417778652, 2717726.94193902797997 ], [ 322377.114762486482505, 2717750.849780243821442 ], [ 322336.815296271757688, 2717778.842452262062579 ], [ 322299.453644663270097, 2717810.650370348244905 ], [ 322265.389620789850596, 2717845.967206863686442 ], [ 322234.951279822795186, 2717884.452841366175562 ], [ 322208.431759624858387, 2717925.736636157613248 ], [ 322186.08645767258713, 2717969.421005725860596 ], [ 322168.130571438989136, 2718015.085245711263269 ], [ 322154.737025924143381, 2718062.289584520738572 ], [ 322146.03480829304317, 2718110.57941856700927 ], [ 322142.107725658570416, 2718159.489690349902958 ], [ 322142.993597973254509, 2718208.549367215484381 ], [ 322148.683893802517559, 2718257.285977656487375 ], [ 322159.123812486766838, 2718305.230161472223699 ], [ 322174.212811902165413, 2718351.920189964119345 ], [ 322193.805576735758223, 2718396.906412633601576 ], [ 322217.71341795171611, 2718439.755587564781308 ], [ 322245.706089969782624, 2718480.055053779389709 ], [ 322277.514008056081366, 2718517.416705388110131 ], [ 322312.830844571464695, 2718551.480729261413217 ], [ 322351.316479074128438, 2718581.919070228468627 ], [ 322392.600273865449708, 2718608.438590426463634 ], [ 322436.284643433580641, 2718630.783892378676683 ], [ 322481.948883419216145, 2718648.739778612274677 ], [ 322529.153222228749655, 2718662.133324127178639 ], [ 322577.443056274845731, 2718670.835541758220643 ], [ 322717.62080924102338, 2718689.048967738170177 ], [ 322727.665393200644758, 2718689.855463179759681 ], [ 322737.646501027105842, 2718691.241676879115403 ], [ 322752.106264378118794, 2718691.817859160713851 ], [ 322766.531081024033483, 2718692.976050372701138 ], [ 322776.606347944412846, 2718692.794120922684669 ], [ 322786.675266710110009, 2718693.195339977741241 ], [ 323018.986217950412538, 2718691.043806761968881 ], [ 323038.38171277026413, 2718691.368746755179018 ], [ 323076.780171053833328, 2718710.285881079733372 ], [ 323147.176745935576037, 2718754.945922753307968 ], [ 323151.74908471852541, 2718757.541135972365737 ], [ 323156.107771178591065, 2718760.481079158838838 ], [ 323173.076959074882325, 2718769.64662160910666 ], [ 323189.8498024577857, 2718779.166717763990164 ], [ 323194.654499555879738, 2718781.301266748923808 ], [ 323199.280362575256731, 2718783.799827324226499 ], [ 323243.841092836286407, 2718805.113661971408874 ], [ 323255.277169534179848, 2718809.909147654660046 ], [ 323266.466875749581959, 2718815.254333139862865 ], [ 323289.962630690075457, 2718825.092812336049974 ], [ 323300.287054297397844, 2718828.831879802048206 ], [ 323310.393480153521523, 2718833.125422017648816 ], [ 323314.32326391118113, 2718834.571681112982333 ], [ 323338.083861378661823, 2718858.185299244709313 ], [ 323352.109297315822914, 2718870.818176120053977 ], [ 323365.844924900389742, 2718883.765568394213915 ], [ 323370.330898785497993, 2718887.230589172337204 ], [ 323374.542668071168009, 2718891.024179835338145 ], [ 323389.738806165230926, 2718902.221492832526565 ], [ 323404.677359315101057, 2718913.760212938301265 ], [ 323483.181544024904724, 2718968.465288111940026 ], [ 323568.257100604299922, 2719032.540439067874104 ], [ 323608.853039965324569, 2719060.101396440528333 ], [ 323651.954945008794311, 2719083.550542385317385 ], [ 323697.147720827138983, 2719102.662048807367682 ], [ 323743.996136284433305, 2719117.251861453521997 ], [ 323792.049015529744793, 2719127.179472451563925 ], [ 323840.843583067762665, 2719132.349273481406271 ], [ 323889.909920539066661, 2719132.71147653227672 ], [ 323938.775492291548289, 2719128.262593390885741 ], [ 323986.969696156564169, 2719119.045469234231859 ], [ 324034.028395605273545, 2719105.148870006203651 ], [ 324079.498389637039509, 2719086.706627554725856 ], [ 324122.941777352942154, 2719063.896350754890591 ], [ 324163.940175180672668, 2719036.93771504284814 ], [ 324202.098746137227863, 2719006.090346816927195 ], [ 324237.050002324569505, 2718971.651323096361011 ], [ 324268.457344039459713, 2718933.952310505788773 ], [ 324296.018301412055735, 2718893.356371144764125 ], [ 324319.467447356611956, 2718850.254466101527214 ], [ 324338.578953779011499, 2718805.06169028300792 ], [ 324353.16876642499119, 2718758.213274825830013 ], [ 324363.096377423207741, 2718710.160395580343902 ], [ 324368.26617845275905, 2718661.365828042384237 ], [ 324368.628381503571291, 2718612.299490571022034 ], [ 324364.179498362354934, 2718563.433918818831444 ], [ 324354.962374205642845, 2718515.239714953582734 ], [ 324341.06577497778926, 2718468.181015504989773 ], [ 324322.623532525962219, 2718422.711021473165601 ], [ 324299.813255726534408, 2718379.267633757553995 ], [ 324272.854620014375541, 2718338.269235929474235 ], [ 324242.007251788629219, 2718300.110664973035455 ], [ 324207.568228068063036, 2718265.159408785868436 ], [ 324169.86921547743259, 2718233.75206707092002 ], [ 324077.421224965772126, 2718164.12432455830276 ], [ 324069.782936371513642, 2718158.938620035536587 ], [ 324062.476458292687312, 2718153.295007520820946 ], [ 324012.116001442365814, 2718118.201686216518283 ], [ 323978.441420316405129, 2718084.735410776454955 ], [ 323968.571806946012657, 2718075.845732688903809 ], [ 323959.112555082712788, 2718066.520594680681825 ], [ 323921.078353788296226, 2718032.539843969512731 ], [ 323912.951869362674188, 2718025.967142549343407 ], [ 323905.208677940187044, 2718018.946947418153286 ], [ 323893.887562696705572, 2718010.547929401509464 ], [ 323882.927256679686252, 2718001.683232793118805 ], [ 323874.195666099840309, 2717995.93871549051255 ], [ 323865.801660809607711, 2717989.711289998609573 ], [ 323853.711812105437275, 2717982.462378892116249 ], [ 323841.935390743601602, 2717974.714666072279215 ], [ 323832.682783998956438, 2717969.853655728977174 ], [ 323823.718803701631259, 2717964.478973388206214 ], [ 323810.976653387653641, 2717958.449980167672038 ], [ 323798.49753005738603, 2717951.893865847028792 ], [ 323788.813014810788445, 2717947.963176651392132 ], [ 323779.365387534955516, 2717943.492998589295894 ], [ 323741.38953552703606, 2717927.75602344609797 ], [ 323738.906681106891483, 2717926.8672119602561 ], [ 323736.511147328477819, 2717925.764501727651805 ], [ 323702.644633249030448, 2717912.146800779271871 ], [ 323695.630575872259215, 2717909.718990547116846 ], [ 323688.799147826153785, 2717906.816775151994079 ], [ 323666.075264018611051, 2717898.453815340530127 ], [ 323664.14538759982679, 2717897.645709831733257 ], [ 323657.684393083443865, 2717894.555352739989758 ], [ 323589.746143266034778, 2717851.454888361040503 ], [ 323587.698866742954124, 2717850.292874925769866 ], [ 323585.762664814246818, 2717848.95394308725372 ], [ 323566.366795663372613, 2717838.185007271822542 ], [ 323547.073086743825115, 2717827.234093350358307 ], [ 323544.921771182271186, 2717826.278343517333269 ], [ 323542.863654325716197, 2717825.135639978107065 ], [ 323397.941277281206567, 2717753.739125750493258 ], [ 323388.164933559135534, 2717749.505520788487047 ], [ 323378.638837275793776, 2717744.735426727682352 ], [ 323365.664743215078488, 2717739.761907001025975 ], [ 323352.914235295378603, 2717734.240352611523122 ], [ 323342.770001483208034, 2717730.985382867511362 ], [ 323332.822224983945489, 2717727.17197883175686 ], [ 323319.423114552628249, 2717723.494091560598463 ], [ 323306.192796840914525, 2717719.248893288429826 ], [ 323295.778367462044116, 2717717.00390590261668 ], [ 323285.504713266156614, 2717714.183917054440826 ], [ 323271.809627223294228, 2717711.837082303594798 ], [ 323258.226914910599589, 2717708.909123728517443 ], [ 323247.64258661022177, 2717707.69573915656656 ], [ 323237.141995626559947, 2717705.89632353046909 ], [ 323154.408946168085095, 2717695.867757449392229 ], [ 323152.985854109108914, 2717695.765775307547301 ], [ 323151.578259695670567, 2717695.532817513216287 ], [ 323128.51799950748682, 2717694.012350988574326 ], [ 323105.466782015399076, 2717692.360446235165 ], [ 323104.040546537027694, 2717692.398442578967661 ], [ 323102.616896217339672, 2717692.304574919398874 ], [ 323029.234542913676705, 2717691.075172853656113 ], [ 323022.730647784133907, 2717691.285553388297558 ], [ 323016.228510987129994, 2717691.026460903696716 ], [ 322812.085220726614352, 2717692.917121104896069 ], [ 322706.290931484254543, 2717679.171170585323125 ], [ 322657.38065970124444, 2717675.244087950792164 ], [ 322608.320982835779432, 2717676.129960265476257 ], [ 322559.584372394776437, 2717681.82025609491393 ] ] ], [ [ [ 330307.142331166309305, 2730890.00195306353271 ], [ 330281.316262306761928, 2730848.280845322180539 ], [ 330251.525169355561957, 2730809.2920335335657 ], [ 330218.055956823285669, 2730773.411001268774271 ], [ 330181.230951522826217, 2730740.983302483335137 ], [ 330141.40479838574538, 2730712.321233643218875 ], [ 330098.961045037955046, 2730687.700826139654964 ], [ 330054.308448026305996, 2730667.359187955502421 ], [ 330007.877036269637756, 2730651.49222018616274 ], [ 329960.113969645113684, 2730640.252730405889452 ], [ 329911.479232594370842, 2730633.748961044475436 ], [ 329862.441204221569933, 2730632.043546956498176 ], [ 329813.472147546883207, 2730635.152912212535739 ], [ 329765.043661355332006, 2730643.047111924272031 ], [ 329717.622138442588039, 2730655.650120634119958 ], [ 329671.664273997535929, 2730672.840564478188753 ], [ 329627.61266737797996, 2730694.452890085056424 ], [ 329585.89155963662779, 2730720.278958944603801 ], [ 329546.902747848187573, 2730750.070051895920187 ], [ 329511.021715583628975, 2730783.539264427963644 ], [ 329478.594016798189841, 2730820.364269728772342 ], [ 329449.959363442030735, 2730860.152328851167113 ], [ 329449.209135387092829, 2730860.324249633122236 ], [ 329434.327014164417051, 2730865.312963959295303 ], [ 329419.277696733246557, 2730869.771982617210597 ], [ 329411.078266298165545, 2730873.106299318373203 ], [ 329402.685785212379415, 2730875.919587155338377 ], [ 329358.504599038918968, 2730893.184599465690553 ], [ 329339.067686973139644, 2730898.27417533332482 ], [ 329292.267413735738955, 2730913.017685390543193 ], [ 329247.137613300001249, 2730932.277430366259068 ], [ 329204.112910314637702, 2730955.867928388062865 ], [ 329163.607656189007685, 2730983.561990064568818 ], [ 329126.011938662850298, 2731015.092906441539526 ], [ 329091.687825047760271, 2731050.157017558813095 ], [ 329060.965875321417116, 2731088.416636858135462 ], [ 329034.141958653926849, 2731129.503303290344775 ], [ 329011.474404026346747, 2731173.021329797804356 ], [ 328993.181512380950153, 2731218.551613995805383 ], [ 328979.439454264298547, 2731265.655674358364195 ], [ 328970.380573208152782, 2731313.879873034078628 ], [ 328966.092111189267598, 2731362.759784627705812 ], [ 328966.615368441096507, 2731411.824668870307505 ], [ 328971.945305710367393, 2731460.602004105225205 ], [ 328982.030592787428759, 2731508.622037929482758 ], [ 328996.774102844588924, 2731555.422311166767031 ], [ 329016.033847820421215, 2731600.552111602388322 ], [ 329039.624345842341427, 2731643.576814587693661 ], [ 329067.318407518439926, 2731684.082068713381886 ], [ 329098.849323895759881, 2731721.677786239422858 ], [ 329133.913435012975242, 2731756.001899854745716 ], [ 329172.173054312122986, 2731786.723849581088871 ], [ 329213.259720744390506, 2731813.547766248695552 ], [ 329256.777747251850087, 2731836.215320876333863 ], [ 329302.308031449909322, 2731854.508212521672249 ], [ 329349.412091812235303, 2731868.250270638149232 ], [ 329380.435017996293027, 2731874.077905021607876 ], [ 329383.297719094029162, 2731881.793606247752905 ], [ 329383.574274715210777, 2731882.985437254421413 ], [ 329383.945268636045512, 2731889.025027588475496 ], [ 329383.996925174142234, 2731899.470800840295851 ], [ 329385.4485871042707, 2731913.498279518447816 ], [ 329386.313225071353372, 2731927.574141183868051 ], [ 329387.972545422322582, 2731937.887409492395818 ], [ 329389.047818042803556, 2731948.277820265386254 ], [ 329391.867423170071561, 2731962.095465048681945 ], [ 329394.107573377026711, 2731976.018798251170665 ], [ 329396.769780714123044, 2731986.119763518683612 ], [ 329398.858313953736797, 2731996.354746475815773 ], [ 329403.018707939132582, 2732009.829485890921205 ], [ 329406.612796515226364, 2732023.466201322153211 ], [ 329410.252252326346934, 2732033.257585730869323 ], [ 329413.333932468434796, 2732043.238572392147034 ], [ 329418.795048443891574, 2732056.240637332666665 ], [ 329423.708462351060007, 2732069.459405967500061 ], [ 329428.29011668759631, 2732078.846913133282214 ], [ 329432.335265467350837, 2732088.477781140245497 ], [ 329439.04450990020996, 2732100.881954612676054 ], [ 329445.229930277098902, 2732113.555472483858466 ], [ 329450.709659302432556, 2732122.448695580009371 ], [ 329455.679319726594258, 2732131.636694410350174 ], [ 329474.520026902027894, 2732162.720881360583007 ], [ 329484.600275716395117, 2732177.64672428322956 ], [ 329494.287240592937451, 2732192.830759140197188 ], [ 329498.324791363964323, 2732197.968639794737101 ], [ 329501.981986417842563, 2732203.383855224121362 ], [ 329513.476684514957014, 2732217.249788965564221 ], [ 329524.605299687595107, 2732231.411219954490662 ], [ 329529.127008917857893, 2732236.128611129708588 ], [ 329533.297377507959027, 2732241.159283014945686 ], [ 329546.095824666321278, 2732253.831771060358733 ], [ 329558.558915482542943, 2732266.834215851966292 ], [ 329563.521236638189293, 2732271.085686489474028 ], [ 329568.164615837333258, 2732275.683366713114083 ], [ 329582.143556016788352, 2732287.040366076398641 ], [ 329595.821096096711699, 2732298.75860401801765 ], [ 329601.176239313557744, 2732302.503210133407265 ], [ 329606.247910840553232, 2732306.623620519414544 ], [ 329621.272719199361745, 2732316.555757082998753 ], [ 329636.032986361242365, 2732326.876935143023729 ], [ 329641.729378685122356, 2732330.078614133410156 ], [ 329647.180499568290543, 2732333.682072876021266 ], [ 329663.106478993722703, 2732342.093694739509374 ], [ 329678.807323790853843, 2732350.918414326850325 ], [ 329684.790105843392666, 2732353.546332270372659 ], [ 329690.568178815068677, 2732356.59813609579578 ], [ 329707.24195342103485, 2732363.408234742004424 ], [ 329723.732168133254163, 2732370.65150898322463 ], [ 329810.497359760978725, 2732403.785353261511773 ], [ 329813.953583310532849, 2732408.108948742505163 ], [ 329816.300976797065232, 2732410.517491200938821 ], [ 329818.436107538349461, 2732413.116058045532554 ], [ 329842.851540807634592, 2732440.022727179806679 ], [ 329858.699803232273553, 2732455.852481164969504 ], [ 329874.412197688769083, 2732471.817104380577803 ], [ 329876.054652389371768, 2732473.187062411103398 ], [ 329877.567891935585067, 2732474.698534715920687 ], [ 329894.891427872062195, 2732488.898662754334509 ], [ 329901.594044111843687, 2732494.489260131958872 ], [ 329905.527083822526038, 2732498.982791041955352 ], [ 329912.778392229462042, 2732505.787558468058705 ], [ 329919.620076071703807, 2732513.004046219401062 ], [ 329930.658139064384159, 2732522.566257155034691 ], [ 329941.307362092658877, 2732532.559693085029721 ], [ 329949.190737311902922, 2732538.620941182598472 ], [ 329956.706816068559419, 2732545.132077287416905 ], [ 329968.6289883441641, 2732553.566324195824564 ], [ 329980.206460462650284, 2732562.467832610942423 ], [ 329988.64598127733916, 2732567.727188244927675 ], [ 329996.764071005163714, 2732573.470266906078905 ], [ 330009.45553552522324, 2732580.69532337738201 ], [ 330021.849759350647219, 2732588.419177887029946 ], [ 330030.764148569724057, 2732592.82599059259519 ], [ 330039.406067618983798, 2732597.745702817104757 ], [ 330052.744598640943877, 2732603.691987607162446 ], [ 330065.836211023852229, 2732610.163803271017969 ], [ 330075.139618196291849, 2732613.675633027683944 ], [ 330084.2221401722054, 2732617.724599303677678 ], [ 330098.079280359321274, 2732622.334846442565322 ], [ 330111.742201907269191, 2732627.492296134121716 ], [ 330121.345030142343603, 2732630.075322104617953 ], [ 330130.780685387086123, 2732633.214548669755459 ], [ 330145.022982890543062, 2732636.444358952809125 ], [ 330159.125632213894278, 2732640.237773617729545 ], [ 330168.935401028429624, 2732641.867119849659503 ], [ 330178.633319021726493, 2732644.066374236252159 ], [ 330193.123612741241232, 2732645.884642827324569 ], [ 330207.530173607403412, 2732648.277489805594087 ], [ 330217.452409556251951, 2732648.93746480345726 ], [ 330227.319194055395201, 2732650.175566990859807 ], [ 330241.917934536293615, 2732650.564782968722284 ], [ 330256.489663893647958, 2732651.534017836675048 ], [ 330266.428810434939805, 2732651.218265680596232 ], [ 330276.369438897061627, 2732651.48329206649214 ], [ 330290.936032285506371, 2732650.439707069192082 ], [ 330305.532596417120658, 2732649.975995564833283 ], [ 330305.873635220399592, 2732649.948363974224776 ], [ 330306.503013211593498, 2732653.359012561384588 ], [ 330320.094035093788989, 2732700.506873468402773 ], [ 330338.240910989581607, 2732746.095551439095289 ], [ 330352.239680306694936, 2732773.182447856292129 ], [ 330352.619526219146792, 2732774.278899573720992 ], [ 330355.219354170199949, 2732783.536931660957634 ], [ 330360.645948007586412, 2732797.447725846432149 ], [ 330365.53379552270053, 2732811.556838587857783 ], [ 330369.557054768956732, 2732820.290889686439186 ], [ 330373.051809668017086, 2732829.249514117371291 ], [ 330379.815769239154179, 2732842.561424817889929 ], [ 330386.063015315390658, 2732856.123505488038063 ], [ 330390.922988180245738, 2732864.421151375863701 ], [ 330395.279013627907261, 2732872.994091701693833 ], [ 330396.782748140394688, 2732875.625269914977252 ], [ 330401.625024393724743, 2732885.392924019135535 ], [ 330405.971592426125426, 2732893.17585750669241 ], [ 330407.645489471207839, 2732896.702958072070032 ], [ 330414.912999518157449, 2732913.119788663461804 ], [ 330418.159352976945229, 2732918.856921498198062 ], [ 330420.985631107934751, 2732924.812226349953562 ], [ 330430.235912883304991, 2732940.199276620522141 ], [ 330439.077558671124279, 2732955.824715133756399 ], [ 330442.870617405569647, 2732961.216023824177682 ], [ 330446.267008185503073, 2732966.865628554020077 ], [ 330456.980941990041174, 2732981.271899803075939 ], [ 330467.311573637591209, 2732995.955464725382626 ], [ 330471.61480841744924, 2733000.949028020258993 ], [ 330474.699686292733531, 2733005.097045755945146 ], [ 330476.81741476157913, 2733008.988200521562248 ], [ 330488.903206372458953, 2733028.811725688632578 ], [ 330500.884303460479714, 2733048.698701871559024 ], [ 330519.859121876303107, 2733076.957769682165235 ], [ 330533.325178783852607, 2733095.028965471778065 ], [ 330546.646270477504004, 2733113.207285540644079 ], [ 330547.981914222298656, 2733114.698029516730458 ], [ 330549.177882896154188, 2733116.302997044287622 ], [ 330564.350383999582846, 2733132.96727070491761 ], [ 330579.389117937942501, 2733149.75236187223345 ], [ 330580.86444865464, 2733151.105011528357863 ], [ 330582.211972739663906, 2733152.585025269072503 ], [ 330598.944798550568521, 2733167.681890725158155 ], [ 330615.556343513424508, 2733182.912103398237377 ], [ 330617.157152960833628, 2733184.11363197863102 ], [ 330618.643255063449033, 2733185.454438591375947 ], [ 330636.77525931794662, 2733198.838504773098975 ], [ 330654.799637050775345, 2733212.367163680959493 ], [ 330656.510508559586015, 2733213.405999809037894 ], [ 330658.120876703236718, 2733214.594686592463404 ], [ 330677.477438273490407, 2733226.137057619169354 ], [ 330696.741064180561807, 2733237.833874387666583 ], [ 330698.545521124848165, 2733238.700013504363596 ], [ 330700.264646582130808, 2733239.725132754072547 ], [ 330720.659351232403424, 2733249.314649304840714 ], [ 330740.976706032000948, 2733259.06697717262432 ], [ 330742.857370496320073, 2733259.752077881246805 ], [ 330744.668697157932911, 2733260.60375714302063 ], [ 330765.90513273444958, 2733268.148066927213222 ], [ 330768.186346571368631, 2733268.979082372039557 ], [ 330773.637519820651505, 2733271.230587200261652 ], [ 330777.92035903543001, 2733272.525051875971258 ], [ 330787.080549192498438, 2733275.861985649447888 ], [ 330793.723865292733535, 2733277.91888024751097 ], [ 330807.244780206994619, 2733281.388197428546846 ], [ 330820.606712962966412, 2733285.426768358331174 ], [ 330830.994748947559856, 2733287.482176654040813 ], [ 330841.251904549601022, 2733290.114049303345382 ], [ 330855.04776511550881, 2733292.241379359737039 ], [ 330868.741205682978034, 2733294.950805027969182 ], [ 330879.280685672769323, 2733295.978110389318317 ], [ 330889.746418903407175, 2733297.591932793613523 ], [ 330903.684363439853769, 2733298.356788373086601 ], [ 330917.577436502848286, 2733299.710975530557334 ], [ 330928.166859553137328, 2733299.700284446589649 ], [ 330938.740379671100527, 2733300.2805146118626 ], [ 330952.686178149713669, 2733299.675529737491161 ], [ 330966.645085823140107, 2733299.661436821334064 ], [ 330977.182469996216241, 2733298.61285225301981 ], [ 330987.761948227707762, 2733298.153902246151119 ], [ 331001.581294989446178, 2733296.184903252404183 ], [ 331015.471605357772205, 2733294.80266598565504 ], [ 331025.855469882895704, 2733292.726286375895143 ], [ 331036.339020070037805, 2733291.23257613601163 ], [ 331049.898827252502088, 2733287.918525559362024 ], [ 331063.586769032408483, 2733285.181455642450601 ], [ 331073.71711161948042, 2733282.097277661785483 ], [ 331084.003771441348363, 2733279.583192435093224 ], [ 331097.173450682370458, 2733274.956006395164877 ], [ 331110.527201518358197, 2733270.890463307034224 ], [ 331120.30646143539343, 2733266.828189273830503 ], [ 331130.29716472979635, 2733263.317941076587886 ], [ 331142.949884818110149, 2733257.422181905712932 ], [ 331155.840840790537186, 2733252.067319047637284 ], [ 331165.174838414473925, 2733247.066070882137865 ], [ 331174.773369251342956, 2733242.593465323094279 ], [ 331186.787277583382092, 2733235.485912402160466 ], [ 331199.091291731863748, 2733228.893300033174455 ], [ 331207.890135559544433, 2733223.001242491882294 ], [ 331217.004054843448102, 2733217.609353205189109 ], [ 331228.263450912258122, 2733209.358456154353917 ], [ 331239.862028856645338, 2733201.591584735549986 ], [ 331248.040981215192005, 2733194.865461552049965 ], [ 331256.582516918017063, 2733188.606215380132198 ], [ 331266.978966584254522, 2733179.291434848215431 ], [ 331277.760407678841148, 2733170.425103596877307 ], [ 331285.907582482148428, 2733163.025938795879483 ], [ 331287.769434290239587, 2733161.160323736257851 ], [ 331289.78743706428213, 2733159.464836636558175 ], [ 331305.095951374445576, 2733143.798785584513098 ], [ 331313.696836725226603, 2733135.180515771266073 ], [ 331362.322580299223773, 2733130.007074213121086 ], [ 331410.371108800929505, 2733120.058427434414625 ], [ 331457.213132597506046, 2733105.448106748517603 ], [ 331502.397537393320818, 2733086.316817530430853 ], [ 331545.489172669942491, 2733062.848804553505033 ], [ 331586.073042423347943, 2733035.270077611319721 ], [ 331623.758301802386995, 2733003.846234920900315 ], [ 331658.182021158398129, 2732968.87990526529029 ], [ 331689.012681256048381, 2732930.707833513151854 ], [ 331715.953365984896664, 2732889.697637582663447 ], [ 331738.744621823716443, 2732846.244268079288304 ], [ 331757.166956519708037, 2732800.76620470546186 ], [ 331771.042952919204254, 2732753.701426072046161 ], [ 331780.238977591448929, 2732705.503191725350916 ], [ 331784.666467791772448, 2732656.635677010286599 ], [ 331784.282784369250294, 2732607.569502807222307 ], [ 331779.091622404986992, 2732558.777203195728362 ], [ 331769.142975626396947, 2732510.728674693964422 ], [ 331755.672153287741821, 2732467.539986771531403 ], [ 331763.485318750375882, 2732458.742074130102992 ], [ 331792.314330584136769, 2732419.036599185317755 ], [ 331817.112705736595672, 2732376.696579656563699 ], [ 331837.641622298920993, 2732332.129773077089339 ], [ 331853.703375582350418, 2732285.765382157638669 ], [ 331865.143282122560777, 2732238.049921327270567 ], [ 331871.851169365749229, 2732189.442916558124125 ], [ 331873.762436691031326, 2732140.412479877006263 ], [ 331870.858677549113054, 2732091.430801192764193 ], [ 331863.167856727959588, 2732042.969600846525282 ], [ 331850.764041036309209, 2731995.495586689095944 ], [ 331833.766685999871697, 2731949.465959429740906 ], [ 331812.339485439355485, 2731905.324009540025145 ], [ 331786.688795009511523, 2731863.494848128873855 ], [ 331757.061644881148823, 2731824.381312886252999 ], [ 331723.743360705906525, 2731788.360088538378477 ], [ 331687.054815774085, 2731755.7780791670084 ], [ 331647.349340829299763, 2731726.949067333247513 ], [ 331605.0093213004875, 2731702.150692180730402 ], [ 331597.988587699714117, 2731698.916714578401297 ], [ 331585.070091515313834, 2731687.744794848840684 ], [ 331566.662434414727613, 2731671.802357594948262 ], [ 331566.513338159187697, 2731671.696908471174538 ], [ 331566.375208474171814, 2731671.577453874517232 ], [ 331546.483303054759745, 2731657.530559088103473 ], [ 331526.601651887234766, 2731643.469155037309974 ], [ 331526.442937752930447, 2731643.378827670589089 ], [ 331526.293764598609414, 2731643.273487354628742 ], [ 331505.120807745726779, 2731631.243979926686734 ], [ 331483.956633486261126, 2731619.199027936439961 ], [ 331483.789829968765844, 2731619.124692223966122 ], [ 331483.631049972376786, 2731619.034480679314584 ], [ 331461.380948813632131, 2731609.13821131689474 ], [ 331439.138074051123112, 2731599.225710884667933 ], [ 331438.964787569013424, 2731599.168082724325359 ], [ 331438.797929859254509, 2731599.093868731986731 ], [ 331407.70403454155894, 2731587.0547134289518 ], [ 331402.916003898251802, 2731585.46628452418372 ], [ 331398.634805703884922, 2731583.664614076260477 ], [ 331400.463175566110294, 2731575.267945915460587 ], [ 331404.623349315719679, 2731558.527146134991199 ], [ 331410.751747186877765, 2731527.414345692377537 ], [ 331411.647943848685827, 2731521.294026131741703 ], [ 331412.990848335437477, 2731515.255972844082862 ], [ 331415.200906096142717, 2731497.030083552002907 ], [ 331417.860901047184598, 2731478.86440650280565 ], [ 331418.152886055759154, 2731472.685715320985764 ], [ 331418.897491374111269, 2731466.545109251979738 ], [ 331422.617216502840165, 2731414.669896902050823 ], [ 331423.720917888509575, 2731365.61463717231527 ], [ 331420.011048373533413, 2731316.687410272657871 ], [ 331411.52333602932049, 2731268.359412144403905 ], [ 331398.339522165595554, 2731221.096067828591913 ], [ 331380.586574116896372, 2731175.352549167815596 ], [ 331358.435462477675173, 2731131.569391252472997 ], [ 331332.09951456199633, 2731090.168249827343971 ], [ 331301.832359945110511, 2731051.547840517014265 ], [ 331267.925487871514633, 2731016.080098974984139 ], [ 331230.705440054822247, 2730984.106598941143602 ], [ 331190.530665901955217, 2730955.935262699145824 ], [ 331147.788070449780207, 2730931.837395616807044 ], [ 331102.889288258040324, 2730912.045073327608407 ], [ 331056.266719143372029, 2730896.748906714841723 ], [ 331008.369363932812121, 2730886.096206224523485 ], [ 330959.658500340417959, 2730880.1895631859079 ], [ 330910.603240610682406, 2730879.08586180023849 ], [ 330861.676013711083215, 2730882.795731314923614 ], [ 330813.348015583062079, 2730891.28344365907833 ], [ 330766.084671267308295, 2730904.467257522977889 ], [ 330720.341152606415562, 2730922.220205571502447 ], [ 330676.557994690956548, 2730944.371317211072892 ], [ 330635.156853266060352, 2730970.707265126518905 ], [ 330596.536443955730647, 2731000.974419743288308 ], [ 330561.068702413758729, 2731034.881291816942394 ], [ 330529.095202379743569, 2731072.101339633576572 ], [ 330500.923866137629375, 2731112.276113786734641 ], [ 330476.825999055348802, 2731155.018709238618612 ], [ 330457.033676766150165, 2731199.917491430416703 ], [ 330441.737510153325275, 2731246.540060545317829 ], [ 330431.084809663007036, 2731294.437415755819529 ], [ 330425.178166624333244, 2731343.148279347922653 ], [ 330424.809594908088911, 2731348.288373141549528 ], [ 330421.572763580072206, 2731351.261200114153326 ], [ 330420.202828032430261, 2731352.792880033142865 ], [ 330418.700823261111509, 2731354.195288118906319 ], [ 330403.850228661380243, 2731371.076184034347534 ], [ 330388.861519541533198, 2731387.834567164070904 ], [ 330387.648311495257076, 2731389.493148787878454 ], [ 330386.290999315911904, 2731391.036026109941304 ], [ 330373.166531533119269, 2731409.291248711291701 ], [ 330359.892605934350286, 2731427.438086051959544 ], [ 330348.962548340321518, 2731444.032046809326857 ], [ 330348.118736423726659, 2731445.461161083541811 ], [ 330347.147814665397163, 2731446.807154062669724 ], [ 330335.646832543192431, 2731466.58408612664789 ], [ 330324.014951638586354, 2731486.284313999582082 ], [ 330323.315280601382256, 2731487.789254729170352 ], [ 330322.480964479444083, 2731489.22393335821107 ], [ 330312.973841052560601, 2731510.032927472610027 ], [ 330312.419166204985231, 2731511.225992106366903 ], [ 330305.009733732265886, 2731491.255703465547413 ], [ 330310.440479994169436, 2731481.672874625772238 ], [ 330312.308372462284751, 2731477.460899477824569 ], [ 330314.505913069355302, 2731473.411137484479696 ], [ 330319.519409136846662, 2731462.981419976335019 ], [ 330328.85638932522852, 2731440.835419190581888 ], [ 330338.2376975970692, 2731418.708159892819822 ], [ 330338.387163250474259, 2731418.229766979347914 ], [ 330338.581875478790607, 2731417.767937022261322 ], [ 330345.703207890037447, 2731394.813391181640327 ], [ 330352.870491917361505, 2731371.87315167998895 ], [ 330352.972347147413529, 2731371.382412163540721 ], [ 330353.120854531473015, 2731370.903720907866955 ], [ 330357.957956837723032, 2731347.361694851424545 ], [ 330362.842191761184949, 2731323.829402178991586 ], [ 330366.352914332062937, 2731301.443675606511533 ], [ 330367.502547533251345, 2731290.687208373099566 ], [ 330369.240861453930847, 2731280.010059476830065 ], [ 330370.108284665446263, 2731266.306800733320415 ], [ 330371.567486778774764, 2731252.653872387949377 ], [ 330371.657266023627017, 2731241.836516725830734 ], [ 330372.340665885945782, 2731231.040396660100669 ], [ 330373.18600666342536, 2731171.213237774558365 ], [ 330372.937247036665212, 2731164.100303723942488 ], [ 330373.184617922757752, 2731156.987321241758764 ], [ 330372.080178365868051, 2731139.593622268177569 ], [ 330371.4710183776333, 2731122.175543303135782 ], [ 330370.526267141569406, 2731115.12124268244952 ], [ 330370.075252667069435, 2731108.01826456701383 ], [ 330366.442309038946405, 2731075.861433232203126 ], [ 330358.548109326860867, 2731027.43294704053551 ], [ 330345.945100617129356, 2730980.011424127966166 ], [ 330328.754656773176976, 2730934.053559682797641 ], [ 330307.142331166309305, 2730890.00195306353271 ] ] ], [ [ [ 332487.858154267421924, 2713443.604739396367222 ], [ 332443.806131911522243, 2713421.993261190131307 ], [ 332397.84793679183349, 2713404.803701415657997 ], [ 332350.426171450642869, 2713392.201604930218309 ], [ 332301.99753341160249, 2713384.308336812071502 ], [ 332253.028416932851542, 2713381.199913547839969 ], [ 332203.990421375259757, 2713382.906270952895284 ], [ 332155.355809442931786, 2713389.410975873004645 ], [ 332107.59295903518796, 2713400.651384443510324 ], [ 332061.161852511344478, 2713416.519245385192335 ], [ 332016.509646808903199, 2713436.861742523033172 ], [ 331974.066367078339681, 2713461.482966489624232 ], [ 331934.240765305177774, 2713490.145801438484341 ], [ 331897.416383805393707, 2713522.574208600446582 ], [ 331863.947861503169406, 2713558.45588468760252 ], [ 331834.157518563966732, 2713597.445269543677568 ], [ 331808.332252275315113, 2713639.166874079499394 ], [ 331786.720774069195613, 2713683.218896435108036 ], [ 331769.531214294722304, 2713729.177091555204242 ], [ 331756.929117809282616, 2713776.598856896162033 ], [ 331749.035849691019394, 2713825.027494935318828 ], [ 331745.927426426846068, 2713873.996611414011568 ], [ 331741.938248368445784, 2714152.847863939590752 ], [ 331741.998826662544161, 2714154.588787680026144 ], [ 331741.900576453539543, 2714156.327992124017328 ], [ 331741.593069759081118, 2714198.198482733219862 ], [ 331741.476552367967088, 2714213.844474854879081 ], [ 331740.562825622968376, 2714244.099324484821409 ], [ 331739.68475338537246, 2714260.482266752980649 ], [ 331737.185550817870535, 2714265.418767552822828 ], [ 331719.420135325635783, 2714311.157445674296468 ], [ 331706.223439596651588, 2714358.417194781824946 ], [ 331697.722555024898611, 2714406.742877657525241 ], [ 331693.999349775840528, 2714455.669091557618231 ], [ 331695.089680351316929, 2714504.724650295916945 ], [ 331700.983046271896455, 2714553.437122025992721 ], [ 331711.622691202035639, 2714601.33737901551649 ], [ 331726.906149544927757, 2714647.964115604758263 ], [ 331746.686233241925947, 2714692.868290832266212 ], [ 331770.772449274081737, 2714735.617452942766249 ], [ 331798.932834214123432, 2714775.799904135987163 ], [ 331830.896188161161263, 2714813.028665442019701 ], [ 331866.35468654363649, 2714846.945203537121415 ], [ 331904.966844638576731, 2714877.222883619368076 ], [ 331946.3608062560088, 2714903.57011507730931 ], [ 331990.137924917216878, 2714925.733159670140594 ], [ 332035.876603038632311, 2714943.498575162608176 ], [ 332083.136352146451827, 2714956.695270891301334 ], [ 332131.462035022152122, 2714965.196155463345349 ], [ 332180.388248922012281, 2714968.919360712170601 ], [ 332229.44380766042741, 2714967.829030136577785 ], [ 332278.156279390212148, 2714961.935664216056466 ], [ 332326.056536379735917, 2714951.296019285917282 ], [ 332372.68327296921052, 2714936.01256094314158 ], [ 332417.587448196485639, 2714916.232477246318012 ], [ 332460.336610307043884, 2714892.146261214278638 ], [ 332479.354000752500724, 2714880.165377561468631 ], [ 332487.305578472150955, 2714874.592808372341096 ], [ 332495.57369398244191, 2714869.501700292807072 ], [ 332504.206764479517005, 2714863.582705610431731 ], [ 332508.522174164711032, 2714860.30145755270496 ], [ 332513.075749272305984, 2714857.359637826215476 ], [ 332528.04363865434425, 2714845.458193039987236 ], [ 332543.265890265698545, 2714833.883861243724823 ], [ 332547.238901523582172, 2714830.195429174695164 ], [ 332551.482201164239086, 2714826.821446704678237 ], [ 332565.211470484733582, 2714813.510200913529843 ], [ 332579.225939889322035, 2714800.499561116565019 ], [ 332582.818290446128231, 2714796.439466656651348 ], [ 332586.71044932823861, 2714792.665814735926688 ], [ 332592.072805133124348, 2714786.930095901712775 ], [ 332605.471876820141915, 2714771.108451031148434 ], [ 332613.565127692767419, 2714794.703016145154834 ], [ 332633.958078213501722, 2714839.332202032208443 ], [ 332658.627256279462017, 2714881.747627498116344 ], [ 332687.335084220278077, 2714921.540808808989823 ], [ 332719.805089959583711, 2714958.328515875153244 ], [ 332755.724569592217449, 2714991.756462967954576 ], [ 332794.747598893707618, 2715021.502720682416111 ], [ 332836.498364759783726, 2715047.28081629704684 ], [ 332880.574784491793253, 2715068.842492658179253 ], [ 332926.552378073101863, 2715085.980099036358297 ], [ 332973.988356143701822, 2715098.528590913396329 ], [ 333022.425884303520434, 2715106.367119452916086 ], [ 333030.910989057272673, 2715106.896102386061102 ], [ 333033.861295429931488, 2715129.593684357125312 ], [ 333036.099734395626001, 2715142.011434914544225 ], [ 333037.743372318800539, 2715154.521814296487719 ], [ 333040.449465578596573, 2715166.141588852275163 ], [ 333042.565999438927975, 2715177.883070271927863 ], [ 333046.010812108404934, 2715190.021620580926538 ], [ 333048.872767076944001, 2715202.310654376633465 ], [ 333065.548017270746641, 2715260.763367238454521 ], [ 333068.639525815902743, 2715269.878621586132795 ], [ 333071.181775396806188, 2715279.162061357870698 ], [ 333112.274240590108093, 2715404.681622959207743 ], [ 333129.810429012984969, 2715450.50867566280067 ], [ 333151.754012551216874, 2715494.396211540326476 ], [ 333177.893662499729544, 2715535.921569630037993 ], [ 333207.977639740216546, 2715574.684838033281267 ], [ 333241.716219126130454, 2715610.312705285381526 ], [ 333278.784479694731999, 2715642.462055548094213 ], [ 333318.825433833117131, 2715670.823273004032671 ], [ 333361.453465264290571, 2715695.123223625589162 ], [ 333406.258042742789257, 2715715.127885604277253 ], [ 333452.807673694798723, 2715730.644603108987212 ], [ 333500.654059727618005, 2715741.523941669147462 ], [ 333549.336413988203276, 2715747.661127306055278 ], [ 333598.385898792650551, 2715748.997055567800999 ], [ 333647.330140789097641, 2715745.518860734533519 ], [ 333695.697780171409249, 2715737.260039723943919 ], [ 333743.023010131902993, 2715724.300129497423768 ], [ 333788.850062835495919, 2715706.763941074255854 ], [ 333832.737598713079933, 2715684.820357535965741 ], [ 333874.262956802675035, 2715658.680707587860525 ], [ 333913.026225205860101, 2715628.596730347257107 ], [ 333948.654092457785737, 2715594.858150961343199 ], [ 333980.803442720614839, 2715557.789890392683446 ], [ 334009.164660176669713, 2715517.748936254531145 ], [ 334011.312418249202892, 2715513.9812455275096 ], [ 334035.355270821833983, 2715505.946457294281572 ], [ 334080.144552198122256, 2715485.907571654301137 ], [ 334122.754006676550489, 2715461.575061447918415 ], [ 334162.77328191784909, 2715433.183262049686164 ], [ 334199.816970424726605, 2715401.005602008663118 ], [ 334233.528321226593107, 2715365.351969781331718 ], [ 334263.582675586862024, 2715326.56572933588177 ], [ 334289.690593643521424, 2715285.020413370802999 ], [ 334311.600641873781569, 2715241.116125989239663 ], [ 334329.101814535853919, 2715195.275689480360597 ], [ 334342.025565769930836, 2715147.940572305582464 ], [ 334350.2474327867385, 2715099.566637519747019 ], [ 334353.688234512461349, 2715050.619752558879554 ], [ 334352.314834145421628, 2715001.57130268169567 ], [ 334346.140458282025065, 2714952.893651274032891 ], [ 334335.224569537094794, 2714905.055590727832168 ], [ 334327.170754150254652, 2714880.95580236101523 ], [ 334319.468438354379032, 2714830.921557656489313 ], [ 334323.715173289529048, 2714824.02518405392766 ], [ 334345.224601636175066, 2714779.923243551049381 ], [ 334362.307710115215741, 2714733.925373289734125 ], [ 334374.799979053321294, 2714686.474557904992253 ], [ 334382.581101071671583, 2714638.027774688322097 ], [ 334385.57613971165847, 2714589.051592645701021 ], [ 334383.756251113954931, 2714540.017679183743894 ], [ 334377.138961800548714, 2714491.398257693741471 ], [ 334365.78799988492392, 2714443.661559782456607 ], [ 334349.812681335373782, 2714397.267315946053714 ], [ 334329.366857202548999, 2714352.6623281147331 ], [ 334304.647431949677411, 2714310.27616670448333 ], [ 334275.892467155004852, 2714270.517033621203154 ], [ 334243.378888848470524, 2714233.767831049859524 ], [ 334222.483357800811063, 2714214.367863250430673 ], [ 334224.383824597636703, 2714209.056681326590478 ], [ 334224.550984701374546, 2714208.505659939721227 ], [ 334224.770124946022406, 2714207.973170855548233 ], [ 334231.67276297241915, 2714185.029650691896677 ], [ 334238.628167203743942, 2714162.102071674074978 ], [ 334238.740512845455669, 2714161.537319049239159 ], [ 334238.906404812412802, 2714160.985914546530694 ], [ 334244.456644135643728, 2714138.611358352936804 ], [ 334248.170672657550313, 2714119.714138883166015 ], [ 334252.283047802979127, 2714100.899589131120592 ], [ 334252.900073021650314, 2714095.650641224347055 ], [ 334253.919297455344349, 2714090.464760798495263 ], [ 334255.763190502300858, 2714071.294498149771243 ], [ 334258.011615073948633, 2714052.167462346609682 ], [ 334260.581884910992812, 2714014.387397315353155 ], [ 334260.642005735891871, 2714011.196712679695338 ], [ 334260.974128507019486, 2714008.022791220806539 ], [ 334261.104079247801565, 2713986.673914511688054 ], [ 334261.506283855182119, 2713965.328431259375066 ], [ 334261.253373398154508, 2713962.147217770572752 ], [ 334261.272798202349804, 2713958.956025886815041 ], [ 334260.207636418926995, 2713934.2003527386114 ], [ 334260.03935209964402, 2713928.833534537814558 ], [ 334260.24570963246515, 2713919.87267992598936 ], [ 334262.6213750289171, 2713911.108454344328493 ], [ 334263.575423467729706, 2713906.752476261463016 ], [ 334264.876028710510582, 2713902.487129911780357 ], [ 334268.822533778497018, 2713882.795309535693377 ], [ 334273.119356300681829, 2713863.1769505799748 ], [ 334273.641850220330525, 2713858.748434623237699 ], [ 334274.518115641840268, 2713854.376145475078374 ], [ 334276.515481288079172, 2713834.392321454361081 ], [ 334278.868677992548328, 2713814.447268004063517 ], [ 334278.954585491213948, 2713809.98886320181191 ], [ 334279.398072176147252, 2713805.551738790236413 ], [ 334279.427062677510548, 2713785.468366276938468 ], [ 334279.813970993738621, 2713765.38870009733364 ], [ 334279.462464735144749, 2713760.94334332505241 ], [ 334279.468901664367877, 2713756.484115583822131 ], [ 334277.529237826471217, 2713736.494608431123197 ], [ 334275.946131615841296, 2713716.47370768757537 ], [ 334275.160596797475591, 2713712.084210162051022 ], [ 334274.729921979829669, 2713707.645823891274631 ], [ 334260.241460774093866, 2713608.991600452456623 ], [ 334258.09291644138284, 2713598.10805531963706 ], [ 334256.532873927790206, 2713587.124701335094869 ], [ 334238.08620174479438, 2713491.301376704592258 ], [ 334221.296587850083597, 2713383.667551893275231 ], [ 334220.133560294518247, 2713378.04088213853538 ], [ 334219.396592532109935, 2713372.342731199227273 ], [ 334218.419890503457282, 2713366.904601240996271 ], [ 334218.416682643641252, 2713366.890700291376561 ], [ 334218.414851955429185, 2713366.876551957800984 ], [ 334215.254899909719825, 2713349.288176095113158 ], [ 334215.234310183441266, 2713348.883398914244026 ], [ 334217.693231850222219, 2713307.130093918181956 ], [ 334218.170963777170982, 2713258.064745288807899 ], [ 334213.837150132341776, 2713209.188833807129413 ], [ 334204.733527910371777, 2713160.973061218392104 ], [ 334190.947769969701767, 2713113.88177176984027 ], [ 334172.612640695413575, 2713068.368480322416872 ], [ 334149.904717405384872, 2713024.871504751965404 ], [ 334123.042689814290497, 2712983.809744711965322 ], [ 334092.285253932175692, 2712945.578647397458553 ], [ 334057.928620680293534, 2712910.546399175189435 ], [ 334020.303663218102884, 2712879.050379746593535 ], [ 333979.772730453812983, 2712851.393912995234132 ], [ 333936.72615742648486, 2712827.843345815315843 ], [ 333891.57850616594078, 2712808.625483042094857 ], [ 333844.764573234133422, 2712793.925403200555593 ], [ 333796.735202396172099, 2712783.884676094632596 ], [ 333747.952942748845089, 2712778.599999415688217 ], [ 333698.887594119587447, 2712778.122267488855869 ], [ 333650.011682637617923, 2712782.456081133335829 ], [ 333601.795910048764199, 2712791.559703355655074 ], [ 333554.704620600503404, 2712805.345461296383291 ], [ 333509.191329152847175, 2712823.680590570438653 ], [ 333465.694353582628537, 2712846.388513860292733 ], [ 333424.632593542453833, 2712873.250541451387107 ], [ 333386.401496228121687, 2712904.007977333851159 ], [ 333351.369248005968984, 2712938.364610585384071 ], [ 333319.873228577023838, 2712975.989568047691137 ], [ 333292.216761825839058, 2713016.520500812213868 ], [ 333268.666194645746145, 2713059.567073839250952 ], [ 333249.448331872816198, 2713104.714725099969655 ], [ 333234.748252031102311, 2713151.528658031951636 ], [ 333224.707524925237522, 2713199.558028869796544 ], [ 333219.422848246234935, 2713248.340288517065346 ], [ 333215.350782535912003, 2713317.485314103774726 ], [ 333215.322833137470298, 2713320.355850696563721 ], [ 333215.046416859433521, 2713323.213184338994324 ], [ 333215.084026609023567, 2713344.88242075452581 ], [ 333214.87305060896324, 2713366.550662733148783 ], [ 333215.126597582595423, 2713369.410116428043693 ], [ 333215.131579997076187, 2713372.280784760601819 ], [ 333218.160478138306644, 2713431.826445291750133 ], [ 333218.878225162217859, 2713438.986433111131191 ], [ 333219.097685249405913, 2713446.178958649747074 ], [ 333221.324112541216891, 2713463.385731550864875 ], [ 333223.054697068349924, 2713480.649424358736724 ], [ 333224.47078947495902, 2713487.7045833687298 ], [ 333225.394183586875442, 2713494.840964080765843 ], [ 333234.130201847350691, 2713543.465870561543852 ], [ 333251.400416919728741, 2713654.180703863501549 ], [ 333253.194615919841453, 2713662.860949830152094 ], [ 333254.441083662386518, 2713671.636605831328779 ], [ 333268.702742193476297, 2713745.720403799787164 ], [ 333268.204344244499225, 2713748.196631814353168 ], [ 333267.913785299751908, 2713751.079626163933426 ], [ 333267.37497359153349, 2713753.926688309758902 ], [ 333265.172241726890206, 2713769.792606675997376 ], [ 333263.665607841860037, 2713786.702147423289716 ], [ 333261.648002071073279, 2713803.558356396388263 ], [ 333261.489396732591558, 2713811.126614967826754 ], [ 333260.817581021925434, 2713818.666665173601359 ], [ 333260.975626819243189, 2713835.642457806505263 ], [ 333260.619933772075456, 2713852.615259473212063 ], [ 333260.960868833004497, 2713864.730404412839562 ], [ 333257.744523725938052, 2713868.928682272788137 ], [ 333250.515273729455657, 2713880.574146462604403 ], [ 333242.788106152962428, 2713891.895355450920761 ], [ 333237.583398692193441, 2713901.405863131396472 ], [ 333231.865390714607202, 2713910.616895696613938 ], [ 333225.812406630138867, 2713922.914874205831438 ], [ 333219.232120008033235, 2713934.9389633461833 ], [ 333214.98466740117874, 2713944.913825876545161 ], [ 333210.1970322674606, 2713954.640967590734363 ], [ 333205.378607642196584, 2713967.473024159204215 ], [ 333200.008573730301578, 2713980.084194903727621 ], [ 333194.36417809460545, 2713995.381890474818647 ], [ 333192.170571839669719, 2714002.364582115784287 ], [ 333189.501344413554762, 2714009.179647478740662 ], [ 333184.821293739427347, 2714025.758818270638585 ], [ 333179.658204943290912, 2714042.193972436711192 ], [ 333178.159584968758281, 2714049.358051519840956 ], [ 333176.171203820034862, 2714056.401930520310998 ], [ 333173.300173386815004, 2714068.886356390547007 ], [ 333169.958482755348086, 2714087.573618337977678 ], [ 333168.467346255725715, 2714094.960808637551963 ], [ 333166.16878529387759, 2714102.175550218205899 ], [ 333147.67563839169452, 2714102.298277364112437 ], [ 333126.232109428441618, 2714102.175226441584527 ], [ 333116.964500411122572, 2714102.577220574487001 ], [ 333101.74047772178892, 2714102.964469796512276 ], [ 333088.791120688838419, 2714103.931228186469525 ], [ 333075.81091749900952, 2714104.298372234217823 ], [ 333061.283915656385943, 2714105.424498007167131 ], [ 333049.307222644041758, 2714106.947100849356502 ], [ 333037.269497923203744, 2714107.870506742969155 ], [ 333024.983937031880487, 2714110.039332049433142 ], [ 333012.608018532628193, 2714111.61268862336874 ], [ 333000.838237749994732, 2714114.301880915649235 ], [ 332988.948987566167489, 2714116.400743711274117 ], [ 332975.802070152712986, 2714119.393449284136295 ], [ 332961.951341069419868, 2714123.270163448993117 ], [ 332947.954520296596456, 2714126.580845694523305 ], [ 332939.159290925890673, 2714129.122809833846986 ], [ 332930.815373076533433, 2714131.984885065350682 ], [ 332928.550345694355201, 2714132.618849074468017 ], [ 332925.448834390146658, 2714133.825679489877075 ], [ 332892.746148074162193, 2714145.043137548025697 ], [ 332848.116962186875753, 2714165.436088068876415 ], [ 332805.701536721026059, 2714190.105266134720296 ], [ 332765.908355410327204, 2714218.813094075303525 ], [ 332741.121719685557764, 2714240.690570776816458 ], [ 332741.192472346534487, 2714238.347845086362213 ], [ 332741.084960407228209, 2714232.658723602071404 ], [ 332741.40647731727222, 2714226.9776771357283 ], [ 332741.565532715001609, 2714205.619668032042682 ], [ 332741.564460870344192, 2714205.593942422419786 ], [ 332741.565913093218114, 2714205.568235480226576 ], [ 332741.860828735632822, 2714165.412158041261137 ], [ 332745.82511479902314, 2713888.300904053729028 ], [ 332744.118757393851411, 2713839.26290849596262 ], [ 332737.614052473916672, 2713790.62829656386748 ], [ 332726.373643903469201, 2713742.865446156356484 ], [ 332710.505782961612567, 2713696.434339632280171 ], [ 332690.163285823538899, 2713651.7821339298971 ], [ 332665.542061857006047, 2713609.338854199275374 ], [ 332636.87922690808773, 2713569.513252425938845 ], [ 332604.450819746125489, 2713532.688870926387608 ], [ 332568.56914365926059, 2713499.220348624046892 ], [ 332529.579758803010918, 2713469.430005684960634 ], [ 332487.858154267421924, 2713443.604739396367222 ] ] ], [ [ [ 334588.37097985582659, 2712538.333405213896185 ], [ 334543.645026997546665, 2712558.513241804204881 ], [ 334501.112411701993551, 2712582.979816963430494 ], [ 334461.182746305246837, 2712611.497504197992384 ], [ 334424.240575312753208, 2712643.791662590112537 ], [ 334390.641672025900334, 2712679.551281741354614 ], [ 334360.709612250386272, 2712718.431976970285177 ], [ 334334.732658084249124, 2712760.059305928181857 ], [ 334312.960981796728447, 2712804.032374680507928 ], [ 334295.604256531922147, 2712849.92769853817299 ], [ 334282.829637042363174, 2712897.30328044295311 ], [ 334274.76014989707619, 2712945.702867642510682 ], [ 334271.473508668423165, 2712994.660345654934645 ], [ 334273.0013655081857, 2713043.704227203968912 ], [ 334279.329006319690961, 2713092.362192899920046 ], [ 334290.395492462965194, 2713140.165639934130013 ], [ 334306.094247626839206, 2713186.654194979462773 ], [ 334326.274084217322525, 2713231.380147837568074 ], [ 334350.740659376606345, 2713273.912763133179396 ], [ 334379.25834661105182, 2713313.842428530100733 ], [ 334411.552505003346596, 2713350.784599522128701 ], [ 334447.312124154297635, 2713384.383502809330821 ], [ 334486.192819383344613, 2713414.315562584903091 ], [ 334527.82014834106667, 2713440.292516750749201 ], [ 334571.793217093800195, 2713462.064193038269877 ], [ 334718.317456308170222, 2713525.860363222192973 ], [ 334873.474397681828123, 2713597.752134861890227 ], [ 334873.508821046329103, 2713597.766076422762126 ], [ 334873.541714695922565, 2713597.783320048358291 ], [ 335028.907786880095955, 2713669.743991700001061 ], [ 335035.766709979157895, 2713672.520690552424639 ], [ 335042.419192692148499, 2713675.760961598716676 ], [ 335199.409046397369821, 2713742.907954479102045 ], [ 335206.626578448340297, 2713745.584196123294532 ], [ 335213.647480411280412, 2713748.740455586463213 ], [ 335372.579986188386101, 2713811.005868420470506 ], [ 335518.875808641023468, 2713868.774698470719159 ], [ 335825.65923857485177, 2714012.438206989318132 ], [ 336143.672867713205051, 2714174.18622339470312 ], [ 336153.913792083098087, 2714178.777142776641995 ], [ 336163.895616584515665, 2714183.907079648692161 ], [ 336594.004263369424734, 2714378.898891757708043 ], [ 336639.634144779294729, 2714396.941912192851305 ], [ 336686.812831104267389, 2714410.425540063530207 ], [ 336735.085965804406442, 2714419.219920662697405 ], [ 336783.988652203930542, 2714423.240359297022223 ], [ 336833.049930699751712, 2714422.448136945720762 ], [ 336881.797314360446762, 2714416.850883142091334 ], [ 336929.761339233256876, 2714406.502502500545233 ], [ 336976.480085538816638, 2714391.502655583433807 ], [ 337021.503626211255323, 2714371.995799116324633 ], [ 337064.398359941493254, 2714348.16979479091242 ], [ 337104.75118699495215, 2714320.254100053105503 ], [ 337142.173487588122953, 2714288.517558303661644 ], [ 337176.3048645092058, 2714253.265809788834304 ], [ 337206.816613940231036, 2714214.838348116725683 ], [ 337233.414891054795589, 2714173.605250750202686 ], [ 337255.843539904279169, 2714129.963614956941456 ], [ 337273.886560339364223, 2714084.333733547013253 ], [ 337287.370188210101333, 2714037.155047222506255 ], [ 337296.1645688090357, 2713988.881912522017956 ], [ 337300.185007443651557, 2713939.979226122610271 ], [ 337299.39278509200085, 2713890.917947626672685 ], [ 337293.795531288429629, 2713842.170563966035843 ], [ 337283.447150646825321, 2713794.206539093516767 ], [ 337268.44730372983031, 2713747.487792787607759 ], [ 337248.940447262953967, 2713702.464252115227282 ], [ 337225.114442937483545, 2713659.569518384989351 ], [ 337197.198748199734837, 2713619.216691331472248 ], [ 337165.46220645023277, 2713581.794390738476068 ], [ 337130.210457935114391, 2713547.663013817276806 ], [ 337091.782996263005771, 2713517.151264386251569 ], [ 337050.549898896482773, 2713490.552987271919847 ], [ 337006.908263103512581, 2713468.124338422436267 ], [ 336587.020075505191926, 2713277.766020367387682 ], [ 336271.752526566444431, 2713117.414714619982988 ], [ 336264.320951279485598, 2713114.0832025622949 ], [ 336257.123805371578783, 2713110.271592065691948 ], [ 335928.954139357432723, 2712956.593130294699222 ], [ 335914.639784408034757, 2712950.728015488479286 ], [ 335900.547701913164929, 2712944.347299196291715 ], [ 335739.234070001170039, 2712880.648284210823476 ], [ 335738.596889489563182, 2712880.432171447202563 ], [ 335737.983216077671386, 2712880.156293429899961 ], [ 335585.589046610635705, 2712820.452422098256648 ], [ 335442.473738152591977, 2712759.239787196740508 ], [ 335293.852527720795479, 2712690.403123090974987 ], [ 335133.453897736675572, 2712616.082621694076806 ], [ 335128.061551594291814, 2712613.898706111591309 ], [ 335122.847796251182444, 2712611.317303521558642 ], [ 334970.992800154373981, 2712545.200139383785427 ], [ 334925.097476296883542, 2712527.843414118979126 ], [ 334877.721894392278045, 2712515.068794629536569 ], [ 334829.322307192487642, 2712506.999307483900338 ], [ 334780.36482918006368, 2712503.712666255421937 ], [ 334731.320947631204035, 2712505.240523095242679 ], [ 334682.662981935311109, 2712511.568163906689733 ], [ 334634.859534901217557, 2712522.634650049731135 ], [ 334588.37097985582659, 2712538.333405213896185 ] ] ] ] } }
]
}
