{
"type": "FeatureCollection",
"name": "lost_access_zone_500m_wgs84",
"crs": { "type": "name", "properties": { "name": "urn:ogc:def:crs:OGC:1.3:CRS84" } },
"features": [
{ "type": "Feature", "properties": { }, "geometry": { "type": "MultiPolygon", "coordinates": [ [ [ [ 91.208495184766818, 24.704179638531812 ], [ 91.208013097491843, 24.704131984614186 ], [ 91.20752821880437, 24.704127725524064 ], [ 91.207045217848844, 24.704166902245937 ], [ 91.206568745687775, 24.704249137498309 ], [ 91.206103390528725, 24.704373639366661 ], [ 91.205653633555812, 24.704539208927887 ], [ 91.205223805790325, 24.704744251792807 ], [ 91.204818046395417, 24.704986793455785 ], [ 91.204440262825742, 24.705264498303798 ], [ 91.204094093205356, 24.705574692102132 ], [ 91.203782871295942, 24.705914387740503 ], [ 91.203509594392372, 24.706280313991858 ], [ 91.203276894455016, 24.706668947007376 ], [ 91.203087012756498, 24.707076544244536 ], [ 91.202941778287638, 24.707499180501955 ], [ 91.202842590130786, 24.707932785714164 ], [ 91.202790403970653, 24.708373184142744 ], [ 91.20278572287333, 24.708816134586417 ], [ 91.202828592422918, 24.709257371223249 ], [ 91.202918600263104, 24.709692644691533 ], [ 91.203054880049237, 24.710117763013944 ], [ 91.203231566128849, 24.710518308929661 ], [ 91.203096983895108, 24.710762963224482 ], [ 91.203085072682313, 24.710781843112244 ], [ 91.203069395102062, 24.710802336814737 ], [ 91.202964034060813, 24.710973695179057 ], [ 91.202856603119841, 24.711143977800237 ], [ 91.202845326806724, 24.711166759021886 ], [ 91.202831923618518, 24.711188557736158 ], [ 91.20274545615905, 24.711368524480608 ], [ 91.202656813378809, 24.711547605989278 ], [ 91.202648035739472, 24.711571287139471 ], [ 91.2026370360378, 24.71159418094329 ], [ 91.202570295025211, 24.711781022974687 ], [ 91.20250129422601, 24.711967178799323 ], [ 91.202495099814513, 24.71199153182533 ], [ 91.202486609551471, 24.712015300248783 ], [ 91.202440237906416, 24.712207218248611 ], [ 91.202391543776585, 24.712398655675024 ], [ 91.202387992272577, 24.712423446051659 ], [ 91.202382093236764, 24.712447860200029 ], [ 91.202356537737316, 24.712643005950181 ], [ 91.202328619425316, 24.712837881383638 ], [ 91.202327745058312, 24.712862870371616 ], [ 91.202324494086341, 24.712887695129446 ], [ 91.202320001057856, 24.71308418930921 ], [ 91.202313127646448, 24.713280626027338 ], [ 91.202314938865129, 24.713305572972278 ], [ 91.202314367293212, 24.713330569267391 ], [ 91.202330980227941, 24.713526519550904 ], [ 91.202345218134582, 24.713722625776192 ], [ 91.202349697524426, 24.713747290426085 ], [ 91.20235181088556, 24.713772217531854 ], [ 91.20238937001524, 24.713965736811602 ], [ 91.202424582343909, 24.714159623929472 ], [ 91.202431686793744, 24.714183768748448 ], [ 91.202436464763309, 24.714208386602056 ], [ 91.202494608589276, 24.714397611162649 ], [ 91.20255045644025, 24.714587411910099 ], [ 91.202560117556402, 24.71461080436611 ], [ 91.202567514146878, 24.714634875880495 ], [ 91.202645682913101, 24.714817983348002 ], [ 91.202721628638557, 24.71500186979727 ], [ 91.202733753402512, 24.715024284601647 ], [ 91.202743697405253, 24.715047577948951 ], [ 91.202841138481418, 24.715222804842892 ], [ 91.202936450855674, 24.715399006006983 ], [ 91.202950185389582, 24.715419146356464 ], [ 91.202953712004955, 24.715425243552662 ], [ 91.202963318189092, 24.715442518128771 ], [ 91.202968438879751, 24.715450704968521 ], [ 91.203199109726356, 24.715849512256071 ], [ 91.203446417677284, 24.716230552313458 ], [ 91.20373342390883, 24.716587614882734 ], [ 91.203986406174877, 24.716845053073683 ], [ 91.203727559198839, 24.71695230078587 ], [ 91.203307679721675, 24.717173943986456 ], [ 91.202913604178093, 24.717432111530787 ], [ 91.202549127539896, 24.717724317329456 ], [ 91.202217759819959, 24.718047747501515 ], [ 91.201922692272618, 24.718399287465285 ], [ 91.201666766660054, 24.718775551924693 ], [ 91.201452447880769, 24.719172917462863 ], [ 91.201281800223711, 24.719587557429335 ], [ 91.201156467477247, 24.720015478785161 ], [ 91.201102720295594, 24.72031356060058 ], [ 91.201098444658285, 24.720330263121539 ], [ 91.20107298335121, 24.720407603963118 ], [ 91.201010775370165, 24.720636801535225 ], [ 91.200917315520968, 24.721071468003043 ], [ 91.200870948971541, 24.721512408783372 ], [ 91.200872122745452, 24.721955377446637 ], [ 91.200920826042406, 24.722396107990008 ], [ 91.201016590322723, 24.722830355920234 ], [ 91.201158493800577, 24.723253939131133 ], [ 91.201345170302858, 24.723662778181879 ], [ 91.201574822409498, 24.724052935588215 ], [ 91.201845238749158, 24.724420653747966 ], [ 91.202153815284191, 24.724762391135481 ], [ 91.202497580380523, 24.725074856416086 ], [ 91.202873223421264, 24.725355040151751 ], [ 91.203277126688647, 24.725600243792389 ], [ 91.203705400207255, 24.725808105673021 ], [ 91.204153919213041, 24.725976623766478 ], [ 91.204618363886865, 24.726104174971752 ], [ 91.205094260969716, 24.726189530752269 ], [ 91.205577026857995, 24.726231868973137 ], [ 91.206062011763677, 24.72623078182302 ], [ 91.206544544513108, 24.726186279744308 ], [ 91.207019977552278, 24.726098791333648 ], [ 91.207110472903665, 24.726073495515877 ], [ 91.207122804279734, 24.7260832035739 ], [ 91.207270016011819, 24.726177822500954 ], [ 91.207055159148339, 24.726516290788044 ], [ 91.206854190624952, 24.726919440782726 ], [ 91.206697452450186, 24.727338640995232 ], [ 91.206586454477758, 24.727769854459403 ], [ 91.206522266115826, 24.728208928480296 ], [ 91.206505506011325, 24.728651634621997 ], [ 91.206530876621159, 24.729015426006228 ], [ 91.206392780905105, 24.729253332527321 ], [ 91.206304746675684, 24.729424836494491 ], [ 91.20621404991897, 24.729595179238981 ], [ 91.20615014611694, 24.729731877101102 ], [ 91.206149783505055, 24.729732772007388 ], [ 91.206149326997306, 24.729733630318453 ], [ 91.206043520689676, 24.729960226777422 ], [ 91.206005441927033, 24.730054324624973 ], [ 91.205961884328843, 24.730146418584052 ], [ 91.205921421548481, 24.730261949922156 ], [ 91.205875379485548, 24.730375725512818 ], [ 91.205847582173547, 24.730472779127233 ], [ 91.205814117354024, 24.730568328976361 ], [ 91.205759510949065, 24.730755426887654 ], [ 91.205754040727371, 24.730778704949234 ], [ 91.205746360782612, 24.730801456397948 ], [ 91.205448123860862, 24.731868344854202 ], [ 91.205416476318646, 24.732010289693985 ], [ 91.205379565474956, 24.732151170269905 ], [ 91.205293750217592, 24.732568166646988 ], [ 91.205286925598131, 24.73261347843999 ], [ 91.205276259610287, 24.73265816751708 ], [ 91.205186411633804, 24.733149344641593 ], [ 91.205084995323261, 24.733652164495403 ], [ 91.20505174478113, 24.733728504077224 ], [ 91.204894796923, 24.734147640763631 ], [ 91.204783585947268, 24.734578809001441 ], [ 91.204719183313372, 24.735017856531481 ], [ 91.204702209731835, 24.735460555173194 ], [ 91.204732829168037, 24.735902641541017 ], [ 91.204810747243997, 24.736339858101342 ], [ 91.204935214053947, 24.736767994174972 ], [ 91.205105031367665, 24.737182926489897 ], [ 91.205318564152549, 24.737580658894096 ], [ 91.205573756304602, 24.737957360845481 ], [ 91.205868150436856, 24.73830940430836 ], [ 91.206198911535793, 24.738633398700706 ], [ 91.206562854257669, 24.738926223555396 ], [ 91.206956473602631, 24.739185058580649 ], [ 91.207375978670981, 24.739407410829752 ], [ 91.207817329176663, 24.739591138718122 ], [ 91.208276274365957, 24.739734472656018 ], [ 91.20874839396636, 24.739836032097973 ], [ 91.209229140770873, 24.739894838844407 ], [ 91.209713884446785, 24.739910326467076 ], [ 91.210197956146814, 24.739882345767434 ], [ 91.210676693491791, 24.739811166215244 ], [ 91.211145485491443, 24.739697473353353 ], [ 91.21159981696934, 24.739542362193852 ], [ 91.212035312064046, 24.739347326669169 ], [ 91.212447776386455, 24.739114245239723 ], [ 91.21283323742685, 24.738845362797154 ], [ 91.213187982822006, 24.738543269037478 ], [ 91.213320052354149, 24.738406346388196 ], [ 91.213374050067756, 24.738520400803861 ], [ 91.213472568915492, 24.738703292373536 ], [ 91.213569516138747, 24.7388868831619 ], [ 91.213579605237399, 24.738901995246522 ], [ 91.213588160349502, 24.738917876979503 ], [ 91.21370583426588, 24.739091068653575 ], [ 91.213822019214632, 24.739265096867172 ], [ 91.213833681699697, 24.739279233026007 ], [ 91.213843900184827, 24.739294272446376 ], [ 91.213979596026817, 24.739456096209178 ], [ 91.214113899890236, 24.739618885772035 ], [ 91.214127023453273, 24.739631909858048 ], [ 91.214138806911052, 24.739645962120001 ], [ 91.214291217933635, 24.739794859424979 ], [ 91.21444234736407, 24.739944842485993 ], [ 91.214456805621836, 24.739956629061471 ], [ 91.214470040576671, 24.739969558825234 ], [ 91.214637699014347, 24.740104095608288 ], [ 91.214721887537564, 24.740172726954317 ], [ 91.214335157770677, 24.740135720642805 ], [ 91.213994993503974, 24.740118519645804 ], [ 91.213886971390011, 24.740103389246144 ], [ 91.213753125207788, 24.740072707209951 ], [ 91.213572783643869, 24.74001771200161 ], [ 91.213105729579993, 24.739898197848042 ], [ 91.212628098296335, 24.739821066373544 ], [ 91.212144489180432, 24.739787060292009 ], [ 91.211659559159102, 24.739796507037799 ], [ 91.211177977868616, 24.739849315614819 ], [ 91.210704382702957, 24.739944977473566 ], [ 91.210243334172247, 24.74008257140774 ], [ 91.209799272000708, 24.740260772423319 ], [ 91.209376472385884, 24.740477864494665 ], [ 91.20897900683056, 24.740731757085165 ], [ 91.208610702943119, 24.741020005273398 ], [ 91.208275107583248, 24.7413398332912 ], [ 91.20797545270797, 24.741688161247446 ], [ 91.207714624246492, 24.742061634780352 ], [ 91.207495134303727, 24.742456657353074 ], [ 91.207319096960219, 24.742869424881953 ], [ 91.207188207902036, 24.7432959623643 ], [ 91.207103728076817, 24.743732162153094 ], [ 91.207066471534375, 24.744173823510437 ], [ 91.207076797569002, 24.744616693058912 ], [ 91.207134607240434, 24.745056505741548 ], [ 91.207239344307254, 24.74548902589585 ], [ 91.207390000564658, 24.745910088046632 ], [ 91.207585125535971, 24.746315637024423 ], [ 91.207822840425194, 24.746701767023236 ], [ 91.208100856196722, 24.747064759221292 ], [ 91.208416495609072, 24.747401117602188 ], [ 91.208766718990276, 24.747707602631241 ], [ 91.209148153507442, 24.747981262462414 ], [ 91.209557125648644, 24.74821946137498 ], [ 91.209989696604225, 24.74841990516564 ], [ 91.210441700206815, 24.748580663251381 ], [ 91.210801110645093, 24.748690267567003 ], [ 91.210982765906522, 24.74873675187731 ], [ 91.211163267015721, 24.748786845670434 ], [ 91.211705084222714, 24.748911050959439 ], [ 91.211932198727865, 24.748952414629166 ], [ 91.212159110235945, 24.748994697616254 ], [ 91.21273312987131, 24.749075101572359 ], [ 91.21297117647336, 24.749097595647449 ], [ 91.21320919084809, 24.749120372953897 ], [ 91.213788611550356, 24.749149675169633 ], [ 91.214273679276999, 24.749152435219258 ], [ 91.214756707391359, 24.749111762490152 ], [ 91.215233043567054, 24.749028048696424 ], [ 91.215698099946422, 24.748902100105443 ], [ 91.216147397342525, 24.748735129770743 ], [ 91.216576608393098, 24.748528745845899 ], [ 91.216981599250062, 24.748284936091739 ], [ 91.217358469402754, 24.74800604872663 ], [ 91.217703589250704, 24.747694769804177 ], [ 91.218013635063812, 24.747354097336874 ], [ 91.218285620993171, 24.746987312414806 ], [ 91.218516927823984, 24.746597947598261 ], [ 91.218705328193977, 24.746189752888711 ], [ 91.218849008034539, 24.74576665960636 ], [ 91.218946584028529, 24.745332742522404 ], [ 91.218997116916995, 24.744892180610915 ], [ 91.219000120527468, 24.744449216798625 ], [ 91.21895556643733, 24.744008117100339 ], [ 91.218863884228213, 24.743573129533701 ], [ 91.218725957329582, 24.743148443208984 ], [ 91.218543114492391, 24.742738147987879 ], [ 91.218317116975669, 24.742346195099763 ], [ 91.218050141569876, 24.741976359094458 ], [ 91.217744759621283, 24.741632201497843 ], [ 91.21740391225984, 24.741317036519987 ], [ 91.217244701973527, 24.741196192990941 ], [ 91.217463556627024, 24.741224290348573 ], [ 91.217482920712229, 24.741225024442368 ], [ 91.21750213331417, 24.74122735098193 ], [ 91.217704722806914, 24.741233579460246 ], [ 91.2177858092859, 24.741290450002822 ], [ 91.217962190006816, 24.741416119039592 ], [ 91.218646998457189, 24.741856432414977 ], [ 91.218695187124638, 24.741884290664377 ], [ 91.218740950810457, 24.741915372842936 ], [ 91.219316658907218, 24.742267683784938 ], [ 91.219318226488596, 24.742268544417129 ], [ 91.219319694958159, 24.742269540234481 ], [ 91.219526079548146, 24.742382659482367 ], [ 91.219732372902158, 24.742495917762604 ], [ 91.219734025310757, 24.742496633925839 ], [ 91.219735593594294, 24.742497493495474 ], [ 91.219953125988482, 24.742591593170594 ], [ 91.220170582492472, 24.742685839373411 ], [ 91.220172303813683, 24.742686404169937 ], [ 91.220173956806875, 24.742687119212885 ], [ 91.220870417405663, 24.742951001138593 ], [ 91.221110821694921, 24.743217187492682 ], [ 91.221454648449026, 24.743529647431391 ], [ 91.221830357309642, 24.743809824946599 ], [ 91.22223432992466, 24.744055021547982 ], [ 91.222662675650284, 24.744262875638327 ], [ 91.223111269026532, 24.744431385265479 ], [ 91.223575789517426, 24.744558927410058 ], [ 91.224051763133147, 24.744644273622946 ], [ 91.224534605532469, 24.744686601861574 ], [ 91.224688616291118, 24.74468625358222 ], [ 91.225078834719881, 24.744831676144859 ], [ 91.225543744084064, 24.74495803700518 ], [ 91.226019977948894, 24.745042172945958 ], [ 91.226502949465569, 24.745083273581351 ], [ 91.226988006864488, 24.74508094302017 ], [ 91.227470478273148, 24.745035203681155 ], [ 91.2279457167283, 24.744946496078086 ], [ 91.228409144947875, 24.744815674576671 ], [ 91.228856299431044, 24.744643999164072 ], [ 91.229282873460889, 24.744433123310586 ], [ 91.229684758594786, 24.744185078040292 ], [ 91.230058084242543, 24.743902252364506 ], [ 91.230399254950655, 24.743587370266606 ], [ 91.230704985033256, 24.743243464460207 ], [ 91.23097233021592, 24.742873847173787 ], [ 91.231198715987986, 24.742482078243327 ], [ 91.23138196238979, 24.742071930820732 ], [ 91.231520304997062, 24.741647355028505 ], [ 91.231612411900159, 24.741212439911074 ], [ 91.231657396515573, 24.740771374049348 ], [ 91.231654826106606, 24.740328405218197 ], [ 91.231604725932158, 24.739887799475348 ], [ 91.231507578983923, 24.73945380007596 ], [ 91.231364321315866, 24.739030586608493 ], [ 91.231176333011106, 24.738622234745389 ], [ 91.23094542487442, 24.738232676996166 ], [ 91.230673820978737, 24.737865664840641 ], [ 91.230364137234545, 24.737524732606857 ], [ 91.23001935618899, 24.737213163441208 ], [ 91.229642798297476, 24.736933957698316 ], [ 91.22860340956349, 24.736237678443302 ], [ 91.228474531399101, 24.736159926995057 ], [ 91.228348771625591, 24.736078027065776 ], [ 91.228272292309654, 24.736037916919571 ], [ 91.228198705594124, 24.735993522209853 ], [ 91.228062104007407, 24.735927681775394 ], [ 91.227928160576027, 24.735857433690072 ], [ 91.22747967033817, 24.735648240911221 ], [ 91.227261329574333, 24.735558447148488 ], [ 91.227043111108159, 24.735468406113647 ], [ 91.226709176847848, 24.735348267031373 ], [ 91.226447840690781, 24.735254226998688 ], [ 91.226447701154967, 24.735254183882713 ], [ 91.2264475669147, 24.735254128490521 ], [ 91.226109875955146, 24.735132633046895 ], [ 91.226097859742239, 24.73512892078265 ], [ 91.226086273169699, 24.735124204909784 ], [ 91.224897090318791, 24.734702769551312 ], [ 91.224413239891277, 24.734519448987967 ], [ 91.224290826857612, 24.734444539252141 ], [ 91.224092913006515, 24.734317291072792 ], [ 91.223878269238455, 24.733961138210212 ], [ 91.22384308279193, 24.73390898737771 ], [ 91.223812038725953, 24.73385468677656 ], [ 91.223715921070095, 24.733720516965739 ], [ 91.223623823307705, 24.733584015556907 ], [ 91.223583209643635, 24.733535265677741 ], [ 91.223546487695188, 24.733484005561717 ], [ 91.223436434266759, 24.733359086110159 ], [ 91.223330131164246, 24.733231486432345 ], [ 91.223284481439919, 24.733186606966367 ], [ 91.223242435290601, 24.733138880970095 ], [ 91.223119506019671, 24.733024414844188 ], [ 91.223000021388088, 24.732906945674006 ], [ 91.222949775247656, 24.732866368804793 ], [ 91.222914559360873, 24.732833577204914 ], [ 91.222888863842599, 24.732739901116126 ], [ 91.222840711049784, 24.732553793415597 ], [ 91.222829947751052, 24.732525114967629 ], [ 91.222821881206201, 24.732495707294238 ], [ 91.222751335495587, 24.732315654867538 ], [ 91.222683441966495, 24.732134753960342 ], [ 91.222643103639228, 24.73204232933147 ], [ 91.22263612626206, 24.731912707981646 ], [ 91.222627716946675, 24.731714708306399 ], [ 91.222624220966509, 24.731691538608771 ], [ 91.22262296350064, 24.73166817815158 ], [ 91.222614598539877, 24.731616686717533 ], [ 91.222662744402342, 24.731624373070492 ], [ 91.222692303037135, 24.73162639820783 ], [ 91.22272156107347, 24.731630739806043 ], [ 91.222934066655483, 24.731642961828573 ], [ 91.223146396679226, 24.731657508581694 ], [ 91.223176030327878, 24.731656877731954 ], [ 91.223205613433535, 24.731658579099452 ], [ 91.223404020584368, 24.731661079590339 ], [ 91.223472066755704, 24.731658885435696 ], [ 91.223540112794012, 24.731661083081423 ], [ 91.223714303490652, 24.731651074239373 ], [ 91.223888729875227, 24.731645449420494 ], [ 91.223956212884062, 24.731637174001531 ], [ 91.224024167096914, 24.73163326924649 ], [ 91.224196444770158, 24.731607714187327 ], [ 91.224369427479644, 24.731586500940278 ], [ 91.224435697357748, 24.731572223957446 ], [ 91.224502905238339, 24.731562254407507 ], [ 91.224728313045958, 24.731518353307909 ], [ 91.224789939396842, 24.731503429254815 ], [ 91.22485258618687, 24.73149261522023 ], [ 91.225024235335809, 24.731446689540206 ], [ 91.22519712370341, 24.731404820694827 ], [ 91.225256851556864, 24.731384451408278 ], [ 91.22531803602908, 24.731368080994056 ], [ 91.225483929588933, 24.73130700957492 ], [ 91.225651491770449, 24.731249864513714 ], [ 91.225708745860132, 24.731224246177167 ], [ 91.225767878718074, 24.731202477052982 ], [ 91.225926418897714, 24.731126848095098 ], [ 91.226087041033367, 24.731054977204398 ], [ 91.226141269925193, 24.731024356557221 ], [ 91.22619778163839, 24.730997398390205 ], [ 91.226347441489068, 24.73090794030357 ], [ 91.226499576581404, 24.730822035799882 ], [ 91.226550257985849, 24.730786707760323 ], [ 91.226603604276619, 24.730754820195106 ], [ 91.226812807703467, 24.730615916363714 ], [ 91.226929314221749, 24.730530273607616 ], [ 91.227294252150017, 24.730332017143294 ], [ 91.22734062370678, 24.730313366394725 ], [ 91.227552465497709, 24.730229237217898 ], [ 91.227562536463779, 24.73022411228219 ], [ 91.227573087391761, 24.730219868649193 ], [ 91.227686066593833, 24.730161743634099 ], [ 91.227850305532172, 24.730177044184043 ], [ 91.228049661223437, 24.730198732724276 ], [ 91.228091474180019, 24.73019951119829 ], [ 91.228133079962788, 24.730203387108848 ], [ 91.228333843806325, 24.730204023408533 ], [ 91.228534567192071, 24.73020775999148 ], [ 91.228576262351694, 24.730204791369928 ], [ 91.228618083755009, 24.73020492381692 ], [ 91.228817949115992, 24.7301875834677 ], [ 91.229018106911838, 24.730173332094292 ], [ 91.229059282683735, 24.730166644966662 ], [ 91.229100916901103, 24.730163032672575 ], [ 91.229297958758877, 24.730127882675877 ], [ 91.229495623128301, 24.730095780599431 ], [ 91.229535882925077, 24.730085439370299 ], [ 91.229576928953264, 24.730078117125363 ], [ 91.229769249486907, 24.730025496017689 ], [ 91.229962516615686, 24.729975852421799 ], [ 91.230001472674104, 24.729961956690452 ], [ 91.230041535176767, 24.729950995017546 ], [ 91.230227282050393, 24.729881409609167 ], [ 91.230414290488355, 24.729814702629305 ], [ 91.230451567605243, 24.729797386230302 ], [ 91.230490260721893, 24.729782890705497 ], [ 91.230667644930136, 24.729697011198212 ], [ 91.230846593525627, 24.729613883315324 ], [ 91.23088183267275, 24.729593313029071 ], [ 91.230918783735945, 24.729575423264606 ], [ 91.231086096839491, 24.72947407679521 ], [ 91.23125526209121, 24.729375328646064 ], [ 91.231288123873938, 24.729351702592233 ], [ 91.231322976999735, 24.729330590891369 ], [ 91.231478607583611, 24.729214753563173 ], [ 91.231636360243897, 24.729101336227107 ], [ 91.231666528170678, 24.729074881955867 ], [ 91.23169894768678, 24.729050751653045 ], [ 91.232122751099894, 24.72870234257131 ], [ 91.232268040074572, 24.728570552911666 ], [ 91.232415517694179, 24.728440807186839 ], [ 91.232440047967074, 24.728414526317636 ], [ 91.232466876264468, 24.72839019058905 ], [ 91.232597321750063, 24.728246028357166 ], [ 91.232730164704819, 24.728103704275664 ], [ 91.233189859403012, 24.727559192073905 ], [ 91.233204367432307, 24.727540142420764 ], [ 91.233220650452452, 24.727522329622005 ], [ 91.233342811897899, 24.727358358625768 ], [ 91.233466810564991, 24.727195542222113 ], [ 91.233479204333719, 24.727175285443106 ], [ 91.233493497277223, 24.72715610065352 ], [ 91.233597473220073, 24.726981982517636 ], [ 91.233703401477598, 24.726808848932968 ], [ 91.233713561638382, 24.726787580123233 ], [ 91.233725726865728, 24.726767208114079 ], [ 91.233810516066001, 24.726584619785605 ], [ 91.233897353878845, 24.726402836481814 ], [ 91.233905182599599, 24.72638076048182 ], [ 91.233915102967018, 24.726359397457021 ], [ 91.234141585831679, 24.725796289547105 ], [ 91.234161619113877, 24.725737753180951 ], [ 91.234186149447396, 24.7256806627367 ], [ 91.234233933080958, 24.725526454430586 ], [ 91.234286283447886, 24.725373488066285 ], [ 91.234299938387011, 24.725313440046779 ], [ 91.234318223881587, 24.725254428378445 ], [ 91.234349228495049, 24.725096684695814 ], [ 91.23438491115401, 24.724939768127335 ], [ 91.234392056306461, 24.724878786767388 ], [ 91.234403920921665, 24.724818422207829 ], [ 91.23447680138905, 24.724303418752601 ], [ 91.234488553309788, 24.724168609483996 ], [ 91.234505941761611, 24.724034309408236 ], [ 91.234507789395707, 24.723947946578534 ], [ 91.234515295650823, 24.723861839781691 ], [ 91.234512524233907, 24.72372662753278 ], [ 91.234515416860731, 24.723591417399614 ], [ 91.234507987824898, 24.723505305013568 ], [ 91.234506217630496, 24.723418940824999 ], [ 91.234488949720074, 24.723284627772813 ], [ 91.234477318818136, 24.723149809737873 ], [ 91.234361886656586, 24.72232881168409 ], [ 91.234340621191777, 24.722220102492003 ], [ 91.234325241428166, 24.722110568793749 ], [ 91.23429799539376, 24.722002198657695 ], [ 91.234276583655046, 24.721892741227272 ], [ 91.234243755109716, 24.721786459350373 ], [ 91.234216695446676, 24.721678830001423 ], [ 91.234031673670785, 24.721079434606974 ], [ 91.233977190073347, 24.720931201803008 ], [ 91.233927416734588, 24.720781593414557 ], [ 91.233900053165385, 24.720721335857544 ], [ 91.233877322485398, 24.720659492496711 ], [ 91.233807194847614, 24.720516851300939 ], [ 91.233741607196222, 24.720372419441265 ], [ 91.233707909383099, 24.720314901856888 ], [ 91.233678651972753, 24.720255391328628 ], [ 91.233593555792353, 24.720119715403474 ], [ 91.233512785602713, 24.719981850977845 ], [ 91.233040668226437, 24.719263163242921 ], [ 91.233013816949793, 24.719226495244598 ], [ 91.2329902024712, 24.719188013713623 ], [ 91.232475185290497, 24.718437627019846 ], [ 91.232470459374781, 24.71843143829032 ], [ 91.232466396270368, 24.718424868600831 ], [ 91.232203587653302, 24.718044775383749 ], [ 91.232168677705957, 24.717999383224125 ], [ 91.23213751712332, 24.717951768782395 ], [ 91.232029355806588, 24.717818227536227 ], [ 91.231968638730862, 24.71773927892238 ], [ 91.231971672442967, 24.717667997726405 ], [ 91.231966613413604, 24.717590186958471 ], [ 91.231966983340882, 24.7175122398234 ], [ 91.231952246141759, 24.717369209832398 ], [ 91.231942922105816, 24.717225800447142 ], [ 91.231884338483297, 24.716734107419896 ], [ 91.231880576204347, 24.716180462371426 ], [ 91.231875668683813, 24.716099475076117 ], [ 91.231876286474375, 24.716018365775803 ], [ 91.231862275365785, 24.715878449043529 ], [ 91.231853774583684, 24.71573816292408 ], [ 91.231840200381825, 24.715658004986224 ], [ 91.231832111785323, 24.71557723093305 ], [ 91.231803154495296, 24.715439242387731 ], [ 91.231789014204338, 24.715355741270709 ], [ 91.231768791182446, 24.715176225296805 ], [ 91.23175526276772, 24.715095352510108 ], [ 91.231747240849245, 24.715013869861139 ], [ 91.231718657908857, 24.714876528443522 ], [ 91.231711075866741, 24.714831202872183 ], [ 91.231705735598993, 24.714748570727952 ], [ 91.23168827933911, 24.714601574087673 ], [ 91.231676087184894, 24.714454135155414 ], [ 91.231662144437237, 24.714381495387677 ], [ 91.231653437785155, 24.714308177647542 ], [ 91.231620292412032, 24.714163451755084 ], [ 91.231597815681468, 24.714046350634341 ], [ 91.231600145558801, 24.71403420066023 ], [ 91.23162894024216, 24.713823714964057 ], [ 91.231658691884448, 24.713613340344565 ], [ 91.231705371115993, 24.713077337660177 ], [ 91.231708665674631, 24.712978034206795 ], [ 91.231717841204798, 24.712879039343775 ], [ 91.231753904663776, 24.711948236118833 ], [ 91.231753024277964, 24.711889583928421 ], [ 91.231756778051093, 24.711831026534497 ], [ 91.231767337583079, 24.710805223922414 ], [ 91.231763873746246, 24.710725533445324 ], [ 91.23176589639472, 24.710645801580299 ], [ 91.23172143437877, 24.709079099558647 ], [ 91.23171763391143, 24.709032900687774 ], [ 91.231717768649048, 24.708986571719585 ], [ 91.231621193476897, 24.707087870660413 ], [ 91.231612153718743, 24.707001680088307 ], [ 91.231608771420255, 24.706915149970904 ], [ 91.231551046925617, 24.706294650477936 ], [ 91.231533308840355, 24.706174328609521 ], [ 91.2315214329345, 24.706053406215986 ], [ 91.231472520432419, 24.705733007098456 ], [ 91.231456823457947, 24.705657490922064 ], [ 91.231446456745601, 24.705581210981389 ], [ 91.231411617335283, 24.705440009495774 ], [ 91.23138205883258, 24.705297806607817 ], [ 91.231358334970693, 24.705224059567495 ], [ 91.231339833747398, 24.705149075167917 ], [ 91.231290012013687, 24.705011673123195 ], [ 91.231245338328733, 24.704872801644299 ], [ 91.231213816131245, 24.704801533949237 ], [ 91.231187358653727, 24.704728567217025 ], [ 91.231007644611282, 24.704303971907574 ], [ 91.230915125163449, 24.704113708870882 ], [ 91.230823836131933, 24.703922950542037 ], [ 91.230545521405858, 24.703411357860958 ], [ 91.230427322939136, 24.703218459398432 ], [ 91.230309164597273, 24.703025540519597 ], [ 91.230308898333803, 24.703025191228797 ], [ 91.230308670752606, 24.703024819817188 ], [ 91.230170345336361, 24.702843433780977 ], [ 91.230032057719015, 24.702662023841835 ], [ 91.229839154158739, 24.702433728632119 ], [ 91.229785705991034, 24.702376514244754 ], [ 91.229736429805101, 24.702316255239612 ], [ 91.229628404560074, 24.702208128186957 ], [ 91.229524381326755, 24.702096774378148 ], [ 91.229465052097439, 24.702044621290277 ], [ 91.229409548094822, 24.701989064681438 ], [ 91.229290442295962, 24.70189113096739 ], [ 91.229174973039747, 24.701789627690065 ], [ 91.229110334127185, 24.70174303812658 ], [ 91.229049136851316, 24.701692718915869 ], [ 91.228920097550699, 24.701605921621216 ], [ 91.228794294301977, 24.701515246331375 ], [ 91.228724968202883, 24.701474668937138 ], [ 91.228658667009753, 24.701430071686808 ], [ 91.228474469660426, 24.701318475162218 ], [ 91.228402895984388, 24.701279590998919 ], [ 91.228334213895138, 24.701236574164483 ], [ 91.22819462545435, 24.701166442577868 ], [ 91.228057702264621, 24.701092055206196 ], [ 91.227982301516207, 24.701059767060716 ], [ 91.227909335035505, 24.701023107227609 ], [ 91.227762894636996, 24.700965812235633 ], [ 91.227618650048115, 24.700904043301179 ], [ 91.227540148329439, 24.700878662092762 ], [ 91.227463600119478, 24.700848712279971 ], [ 91.227221006817047, 24.700766415415469 ], [ 91.227058596556788, 24.70071946491468 ], [ 91.226897757061934, 24.700668200019948 ], [ 91.226582066639992, 24.700583203473919 ], [ 91.226505988514788, 24.700566378080861 ], [ 91.226431302596566, 24.700544970894121 ], [ 91.226345472103333, 24.700524536351868 ], [ 91.226331685561178, 24.700518564281829 ], [ 91.22628618913194, 24.700498263706969 ], [ 91.226301753115052, 24.700352243144732 ], [ 91.22632327305638, 24.700196819323441 ], [ 91.226349161135275, 24.699889217809748 ], [ 91.226352695410398, 24.699772464802269 ], [ 91.226362157853174, 24.699655987499419 ], [ 91.226359393535333, 24.699551194335118 ], [ 91.22636256544213, 24.699446410804853 ], [ 91.226353556145128, 24.699329903514194 ], [ 91.226350476053184, 24.699213139761788 ], [ 91.226336481739111, 24.699109098732229 ], [ 91.226328396096775, 24.699004535730168 ], [ 91.226306930124949, 24.698889396187116 ], [ 91.226291337294157, 24.698773470485584 ], [ 91.226266247874818, 24.698671183559 ], [ 91.226246982671015, 24.698567848080373 ], [ 91.226213266882525, 24.698455185131834 ], [ 91.22618531161018, 24.698341213898932 ], [ 91.226149368822789, 24.698241666140149 ], [ 91.226119109705465, 24.698140553348047 ], [ 91.226073468922309, 24.698031451978636 ], [ 91.226037322136293, 24.697931338746148 ], [ 91.225993886996818, 24.697663895384142 ], [ 91.2258760540834, 24.697234198354092 ], [ 91.225712687755802, 24.696817121849115 ], [ 91.225505361729404, 24.696416682422342 ], [ 91.225256073010058, 24.696036736367542 ], [ 91.224967222648687, 24.695680942586847 ], [ 91.224641592607668, 24.695352727360742 ], [ 91.224282318962352, 24.695055251359111 ], [ 91.223892861695774, 24.694791379210749 ], [ 91.223476971377906, 24.694563651924167 ], [ 91.223038653050097, 24.694374262424983 ], [ 91.222582127662363, 24.694225034444933 ], [ 91.222111791434699, 24.694117404965805 ], [ 91.221632173533223, 24.694052410386817 ], [ 91.221254532989292, 24.694035462556418 ], [ 91.221247418756192, 24.694034861905308 ], [ 91.221241834093689, 24.6940348926362 ], [ 91.22114789246838, 24.694030676548596 ], [ 91.221034696550134, 24.694030676778453 ], [ 91.22089871036755, 24.694036780354288 ], [ 91.220762562649028, 24.694037529162447 ], [ 91.220656713680654, 24.694047641776468 ], [ 91.220550415720936, 24.694052412572841 ], [ 91.220415739105803, 24.694070663753646 ], [ 91.220280327248375, 24.694083600415457 ], [ 91.220176072818191, 24.694103142668432 ], [ 91.220070798468782, 24.694117409030579 ], [ 91.219938728291723, 24.694147632056861 ], [ 91.219805356246411, 24.694172631992028 ], [ 91.219703700276, 24.694201415694007 ], [ 91.219600463279846, 24.694225040238752 ], [ 91.219472271318125, 24.694266944067799 ], [ 91.21934222339911, 24.694303766532357 ], [ 91.219244144794047, 24.694341514502423 ], [ 91.219143939281025, 24.694374269731519 ], [ 91.219020859975672, 24.694427450839548 ], [ 91.218895388496762, 24.694475741243568 ], [ 91.218834884854914, 24.69450571521719 ], [ 91.218725908854978, 24.694543804498974 ], [ 91.218292213285395, 24.694741876772913 ], [ 91.217881855106853, 24.694977830868805 ], [ 91.217498786047443, 24.695249394611242 ], [ 91.217146695116611, 24.695553952904852 ], [ 91.216828973084006, 24.69588857291091 ], [ 91.216548679826701, 24.696250032283629 ], [ 91.216308514859421, 24.696634850194336 ], [ 91.216110791331474, 24.697039320845203 ], [ 91.215957413740966, 24.697459549150043 ], [ 91.215849859581567, 24.697891488238952 ], [ 91.215819046091141, 24.698114609939751 ], [ 91.215605831587879, 24.698121421681439 ], [ 91.215125242424747, 24.698180219940735 ], [ 91.21465327527828, 24.698281768403284 ], [ 91.214194474986158, 24.698425089177324 ], [ 91.2137532596293, 24.698608802121402 ], [ 91.213333877999347, 24.698831138131396 ], [ 91.212940368694063, 24.699089956172163 ], [ 91.212576521234098, 24.699382763889865 ], [ 91.212245839575004, 24.699706741606789 ], [ 91.211951508365914, 24.700058769467944 ], [ 91.211696362279525, 24.700435457478189 ], [ 91.21155858162966, 24.70069211963003 ], [ 91.211509868792575, 24.700749902991614 ], [ 91.211253083131894, 24.701125660687811 ], [ 91.211037848285898, 24.701522602196953 ], [ 91.210866237363774, 24.701936904952433 ], [ 91.21073990342893, 24.70236457916328 ], [ 91.21066834359938, 24.702756193562447 ], [ 91.2104575292704, 24.702984993633734 ], [ 91.210183135575576, 24.703350219522022 ], [ 91.209949248142266, 24.70373825612543 ], [ 91.209758119676906, 24.704145366645676 ], [ 91.209694169078276, 24.704329659054793 ], [ 91.209677814423813, 24.704344228889411 ], [ 91.209606306969633, 24.704421818730175 ], [ 91.208969838350072, 24.704270228419894 ], [ 91.208495184766818, 24.704179638531812 ] ] ], [ [ [ 91.214132875035688, 24.776385908223762 ], [ 91.213756575196555, 24.776748299283252 ], [ 91.213440446250971, 24.777084333170688 ], [ 91.213161913904244, 24.777447038283686 ], [ 91.212923660717976, 24.777832921796705 ], [ 91.212727981435478, 24.778238267649435 ], [ 91.212576760872963, 24.7786591723264 ], [ 91.212471455755619, 24.779091582442788 ], [ 91.212413080673656, 24.779531333774699 ], [ 91.212402198294114, 24.779974191358257 ], [ 91.212438913923506, 24.780415890271421 ], [ 91.212522874474359, 24.780852176706059 ], [ 91.212653271846264, 24.781278848934683 ], [ 91.212828850689633, 24.781691797777302 ], [ 91.213047920478175, 24.782087046178653 ], [ 91.213308371774446, 24.78246078751452 ], [ 91.213607696532407, 24.782809422257955 ], [ 91.21394301224197, 24.783129592652131 ], [ 91.214311089683349, 24.783418215055622 ], [ 91.214708384024064, 24.783672509648198 ], [ 91.215131068959465, 24.783890027210795 ], [ 91.215505668385049, 24.784040747624264 ], [ 91.215539304011372, 24.784069329141666 ], [ 91.215654956250091, 24.784174156891581 ], [ 91.21571679513427, 24.784220150013802 ], [ 91.215775180801074, 24.784269762385829 ], [ 91.215904784548314, 24.784359968161024 ], [ 91.216031135254966, 24.784453941885719 ], [ 91.216097614679541, 24.784494179828076 ], [ 91.2161610460997, 24.784538328606139 ], [ 91.216299711242158, 24.784616502303802 ], [ 91.21643554356082, 24.784698716907666 ], [ 91.216506023268181, 24.784732812120694 ], [ 91.216573889542019, 24.784771072090386 ], [ 91.216720280597059, 24.784836460782657 ], [ 91.216777716718283, 24.784864245876925 ], [ 91.217064517010627, 24.785129489359818 ], [ 91.217421922224474, 24.785429089000061 ], [ 91.217809774834805, 24.785695263539239 ], [ 91.218224339498406, 24.78592544934504 ], [ 91.218661623526046, 24.786117429387691 ], [ 91.219117415342254, 24.786269354599337 ], [ 91.21958732505621, 24.786379761689194 ], [ 91.220066826752856, 24.786447587242183 ], [ 91.220551302096425, 24.786472177965464 ], [ 91.22103608482567, 24.786453296983609 ], [ 91.221516505711691, 24.786391126121941 ], [ 91.221987937544654, 24.786286264155759 ], [ 91.222445839715277, 24.786139721042449 ], [ 91.22288580196124, 24.785952908191998 ], [ 91.223303586856318, 24.785727624869693 ], [ 91.223695170632539, 24.785466040862296 ], [ 91.224056781941698, 24.785170675574641 ], [ 91.224384938182453, 24.784844373758435 ], [ 91.224676479043111, 24.784490278107157 ], [ 91.224928596936593, 24.784111798981431 ], [ 91.225138864034747, 24.783712581556703 ], [ 91.225305255641899, 24.78329647070996 ], [ 91.225426169682464, 24.782867473983959 ], [ 91.225500442115745, 24.782429722985992 ], [ 91.225527358129824, 24.781987433593045 ], [ 91.225506659007522, 24.781544865346945 ], [ 91.225438544598703, 24.781106280430617 ], [ 91.225323671376259, 24.780675902620597 ], [ 91.225163146094872, 24.780257876611127 ], [ 91.22495851511465, 24.779856228101519 ], [ 91.224759790020528, 24.7795490770879 ], [ 91.224758990521039, 24.779539483995539 ], [ 91.224724780749312, 24.77929098456066 ], [ 91.224693310593409, 24.779127642658025 ], [ 91.22466626511239, 24.778963641483941 ], [ 91.224286654270941, 24.77724085400866 ], [ 91.224493616606424, 24.775801920971769 ], [ 91.224634815335648, 24.77516423006103 ], [ 91.224710234438945, 24.775079817473053 ], [ 91.22485398218798, 24.774921181577877 ], [ 91.224863551035497, 24.774908217872891 ], [ 91.224874373998276, 24.774896104246789 ], [ 91.224999101586704, 24.774724576012183 ], [ 91.225125125770859, 24.774553839700047 ], [ 91.22513325674754, 24.774540082082371 ], [ 91.225142727060287, 24.77452705821668 ], [ 91.225248438668174, 24.774345193800173 ], [ 91.225355525686126, 24.774164001456324 ], [ 91.225362140494369, 24.774149582426887 ], [ 91.225370166959507, 24.774135773756065 ], [ 91.225443790348649, 24.773972119691006 ], [ 91.225550485549732, 24.773934588105856 ], [ 91.22559343165419, 24.773917226263286 ], [ 91.225637747451259, 24.773903020610341 ], [ 91.225815163970537, 24.773827586151775 ], [ 91.2259941168344, 24.773755240222322 ], [ 91.226034992120816, 24.773734118566246 ], [ 91.226077569347225, 24.773716015322307 ], [ 91.226246032686134, 24.773625066400253 ], [ 91.226416356538991, 24.773537053640613 ], [ 91.226454767326445, 24.77351237560131 ], [ 91.226495195908086, 24.773490549125935 ], [ 91.226653083558546, 24.77338496170222 ], [ 91.226813137977842, 24.773282129796804 ], [ 91.226848714328128, 24.773254133056941 ], [ 91.22688660489132, 24.773228793569196 ], [ 91.22763461418289, 24.772675078656231 ], [ 91.227811318630501, 24.772530590633682 ], [ 91.227988366855215, 24.772386454032336 ], [ 91.227992018175939, 24.772382835306114 ], [ 91.227996032581061, 24.772379552780095 ], [ 91.228143143719919, 24.772233115982484 ], [ 91.228287221196908, 24.772209611359163 ], [ 91.228293192156599, 24.772208073252941 ], [ 91.228299296731649, 24.772207062931223 ], [ 91.228526648642742, 24.772147935149853 ], [ 91.228754161995525, 24.772089327577426 ], [ 91.228759939069036, 24.77208726250463 ], [ 91.228765905776172, 24.772085710716897 ], [ 91.228985814826899, 24.772006520718595 ], [ 91.229205940361012, 24.771927833975145 ], [ 91.229211467906751, 24.771925261825196 ], [ 91.229217239277773, 24.771923183517316 ], [ 91.229427587429868, 24.771824694009123 ], [ 91.229638205029005, 24.771726685957375 ], [ 91.229643429809329, 24.771723631503569 ], [ 91.229648950257996, 24.771721046692566 ], [ 91.229847711582892, 24.77160420626323 ], [ 91.230046792732765, 24.771487820856521 ], [ 91.230051664426867, 24.771484313517373 ], [ 91.230056880784389, 24.771481247098588 ], [ 91.230242140981133, 24.771347181079641 ], [ 91.230427768310037, 24.771213539268388 ], [ 91.230432239998635, 24.77120961282424 ], [ 91.230437102025874, 24.771206094331461 ], [ 91.23060707686048, 24.771056093956663 ], [ 91.230777462610021, 24.77090648288867 ], [ 91.230781491227361, 24.770902175156202 ], [ 91.230785952098785, 24.770898238477223 ], [ 91.230939004591164, 24.770733748442733 ], [ 91.231092507834944, 24.770569609063788 ], [ 91.231096054583531, 24.770564961531836 ], [ 91.231100071338219, 24.770560644581845 ], [ 91.231234727528587, 24.77038324912828 ], [ 91.231369869975765, 24.770206162301321 ], [ 91.231372900700038, 24.770201219731089 ], [ 91.231376434655431, 24.770196564087538 ], [ 91.231491397797072, 24.770007971740338 ], [ 91.231606878029453, 24.769819643014852 ], [ 91.231609363544649, 24.769814453008731 ], [ 91.231612380669006, 24.769809503510803 ], [ 91.231706543715177, 24.769611530621134 ], [ 91.231801249716568, 24.769413773804526 ], [ 91.231828980927645, 24.769347137109357 ], [ 91.23183006357695, 24.769346418355042 ], [ 91.231863636955381, 24.76932777577478 ], [ 91.232026197509796, 24.769216207760461 ], [ 91.232190678022178, 24.769107011009403 ], [ 91.232768785358289, 24.768682099545181 ], [ 91.232816983554287, 24.768642963754324 ], [ 91.2328681441128, 24.768607099690904 ], [ 91.232998166587436, 24.768495847059263 ], [ 91.233131321711355, 24.768387727608967 ], [ 91.233175086321452, 24.768344466661869 ], [ 91.233222150255543, 24.768304196564177 ], [ 91.233339602922996, 24.768181842990753 ], [ 91.233460509515609, 24.768062327146946 ], [ 91.233499419061062, 24.768015357700968 ], [ 91.233541933113727, 24.76797106942168 ], [ 91.233645684847957, 24.767838793323154 ], [ 91.233753178521894, 24.767709032171851 ], [ 91.233786858294039, 24.767658806599073 ], [ 91.233824413039301, 24.767610926688494 ], [ 91.233913464697793, 24.76747000203968 ], [ 91.234006510275492, 24.767331245333349 ], [ 91.234034635943985, 24.767278247362938 ], [ 91.234066869729617, 24.767227236959826 ], [ 91.234140363774131, 24.767079021021281 ], [ 91.23421806525532, 24.766932605140028 ], [ 91.234240365990601, 24.766877345198562 ], [ 91.234266968420272, 24.766823695587973 ], [ 91.23432419717227, 24.766669615831979 ], [ 91.234385806360009, 24.766516950910322 ], [ 91.234402067440257, 24.766459961204912 ], [ 91.234422782361463, 24.766404189085932 ], [ 91.234498074246872, 24.766163186262318 ], [ 91.234500455559939, 24.766153848957948 ], [ 91.23450378553288, 24.766144756751476 ], [ 91.234555464409624, 24.765938154739739 ], [ 91.234559218017083, 24.765923436504682 ], [ 91.234652147816789, 24.765858109558081 ], [ 91.234829106237257, 24.765720572841591 ], [ 91.235006684232033, 24.765583703685582 ], [ 91.235013802692009, 24.765577021353266 ], [ 91.23502157697483, 24.765570978940456 ], [ 91.235182918099937, 24.765418266837496 ], [ 91.235344947491129, 24.765266163627889 ], [ 91.23541684573226, 24.765191682843099 ], [ 91.235823247150378, 24.765175146545637 ], [ 91.23630345924191, 24.765112143289276 ], [ 91.23677459508049, 24.765006464174945 ], [ 91.237232116908871, 24.764859127030554 ], [ 91.237671618129397, 24.7646715509138 ], [ 91.238088865757661, 24.764445542441251 ], [ 91.238479841202064, 24.76418327838369 ], [ 91.238840778975103, 24.763887284695425 ], [ 91.239168202964237, 24.763560412180006 ], [ 91.239458959911843, 24.763205809026836 ], [ 91.239710249782306, 24.762826890483645 ], [ 91.239919652723529, 24.762427305957093 ], [ 91.240085152363534, 24.762010903858805 ], [ 91.240205155217907, 24.761581694535515 ], [ 91.24027031776258, 24.7611926933454 ], [ 91.240443640295823, 24.760959024840378 ], [ 91.240675007725301, 24.760569672916901 ], [ 91.240863465034792, 24.760161487968869 ], [ 91.241007197607829, 24.759738401222371 ], [ 91.241104821619871, 24.75930448738545 ], [ 91.241155397350013, 24.758863925400671 ], [ 91.241158438213645, 24.758420958195188 ], [ 91.241113915429736, 24.75797985181617 ], [ 91.241022258278747, 24.757544854345262 ], [ 91.240884349949042, 24.757120154987767 ], [ 91.240701519012916, 24.75670984373053 ], [ 91.240475526614802, 24.756317871957062 ], [ 91.240349673123021, 24.756143520758474 ], [ 91.240479017781482, 24.755967016897166 ], [ 91.240545099704889, 24.755866497071551 ], [ 91.240616198822622, 24.75576887366439 ], [ 91.24067759699534, 24.755674871836668 ], [ 91.240682128472827, 24.755667089771066 ], [ 91.240687442062665, 24.755659731781311 ], [ 91.24079599253966, 24.755471546616686 ], [ 91.24090534574114, 24.755283749440363 ], [ 91.240909020045777, 24.7552755992537 ], [ 91.24091351821518, 24.755267801097151 ], [ 91.241001345611139, 24.755070806189998 ], [ 91.241090013566151, 24.754874125552995 ], [ 91.241092795318721, 24.754865685739819 ], [ 91.24109643475343, 24.754857522520844 ], [ 91.241162693400909, 24.754653615128451 ], [ 91.241195922991565, 24.754552796337315 ], [ 91.241426839914652, 24.754209836760118 ], [ 91.241639186923493, 24.75381155542599 ], [ 91.241697267993942, 24.753668441413062 ], [ 91.241878419790481, 24.753674767071757 ], [ 91.242362648911978, 24.753648223833615 ], [ 91.242841696887155, 24.753578465581121 ], [ 91.243310949733129, 24.753466164168316 ], [ 91.243765887833817, 24.753312401206021 ], [ 91.244202129483767, 24.753118657641998 ], [ 91.24451335843456, 24.752944079190662 ], [ 91.244495295066756, 24.753011395171121 ], [ 91.244426580817546, 24.753449905425072 ], [ 91.244405265748227, 24.753892454425827 ], [ 91.244431555634378, 24.754334780232302 ], [ 91.244505197794865, 24.754772623008428 ], [ 91.244625483505871, 24.755201766047541 ], [ 91.244791254807396, 24.755618076383161 ], [ 91.245000915637604, 24.756017544594979 ], [ 91.245252447187994, 24.756396323426493 ], [ 91.24554342733262, 24.756750764842405 ], [ 91.245871053944512, 24.757077455168275 ], [ 91.246232171875093, 24.757373247974286 ], [ 91.246315965312164, 24.757429387250859 ], [ 91.246316425952458, 24.757431496548779 ], [ 91.246457472942197, 24.757855336746161 ], [ 91.246643337455822, 24.758264511777636 ], [ 91.246872229894606, 24.758655080923187 ], [ 91.247141946204621, 24.759023282615271 ], [ 91.247449889091257, 24.759365570671381 ], [ 91.247641905933804, 24.759540732718246 ], [ 91.24762502577417, 24.75964015695391 ], [ 91.247598052231169, 24.760082448803391 ], [ 91.247618685640134, 24.760525025039406 ], [ 91.24768672779544, 24.760963623419389 ], [ 91.247801523907256, 24.76139401996496 ], [ 91.24796196888849, 24.761812069642623 ], [ 91.248166517979655, 24.762213746285664 ], [ 91.248413201609779, 24.762595181372983 ], [ 91.248699644351191, 24.762952701291052 ], [ 91.249023087785588, 24.763282862719894 ], [ 91.249380417062326, 24.763582485802178 ], [ 91.24976819089261, 24.76384868477545 ], [ 91.250182674691629, 24.764078895772467 ], [ 91.250619876548782, 24.764270901521254 ], [ 91.250746804926194, 24.764313224562724 ], [ 91.250796763431879, 24.764665235493702 ], [ 91.250905969371431, 24.765096844332959 ], [ 91.251060982593529, 24.765516601091495 ], [ 91.251260310656363, 24.765920463167053 ], [ 91.251502034278914, 24.766304540995595 ], [ 91.251783825811103, 24.766665135515712 ], [ 91.252102971639502, 24.766998773799582 ], [ 91.252456398313441, 24.767302242507121 ], [ 91.252840702140318, 24.767572618840664 ], [ 91.253252181964925, 24.767807298701861 ], [ 91.253686874817532, 24.768004021779305 ], [ 91.254140594086849, 24.768160893324843 ], [ 91.254608969850167, 24.768276402408667 ], [ 91.25502824037882, 24.768340393468957 ], [ 91.254929871393685, 24.768490303030681 ], [ 91.254722515197372, 24.768890783771017 ], [ 91.254559148298569, 24.769307893088477 ], [ 91.254441344380851, 24.769737614157624 ], [ 91.254370238391388, 24.770175808661001 ], [ 91.254346515594122, 24.77061825663835 ], [ 91.254370404952041, 24.77106069712358 ], [ 91.254441676903085, 24.771498869178295 ], [ 91.254559645551396, 24.77192855292671 ], [ 91.254723175254028, 24.772345610196908 ], [ 91.254930691540139, 24.772746024376865 ], [ 91.255082943285018, 24.772977854688595 ], [ 91.255050132278498, 24.773070877545674 ], [ 91.254995097485107, 24.773211295831786 ], [ 91.254975808953404, 24.773281591851728 ], [ 91.254951478323264, 24.773350571522226 ], [ 91.254916887547154, 24.7734963271858 ], [ 91.254897044137337, 24.7735686450422 ], [ 91.254767068142073, 24.773691528997805 ], [ 91.254602743045396, 24.773846045934008 ], [ 91.254284364930058, 24.774176414644277 ], [ 91.254001090218054, 24.774441233292848 ], [ 91.25397939909341, 24.774463609598964 ], [ 91.253955706772004, 24.774484224932291 ], [ 91.253818664383502, 24.774629421248044 ], [ 91.253679530096974, 24.774772949686675 ], [ 91.253660345540155, 24.774797159346939 ], [ 91.253638980370923, 24.774819795597402 ], [ 91.253307676751518, 24.775207786839669 ], [ 91.25330055128326, 24.775217033761383 ], [ 91.253292514447509, 24.775225635323185 ], [ 91.253160978158476, 24.775398161388591 ], [ 91.253028497566362, 24.775570084211996 ], [ 91.253022399088351, 24.775579924251318 ], [ 91.253015324346322, 24.775589203594691 ], [ 91.252781661018034, 24.775930227390642 ], [ 91.25260435711391, 24.776134557761946 ], [ 91.252247499403381, 24.776531446207997 ], [ 91.252174822611437, 24.77662088740038 ], [ 91.252097449572432, 24.776706982403642 ], [ 91.252030367982144, 24.776798662955379 ], [ 91.251958415939569, 24.776887211710076 ], [ 91.251895690925892, 24.776982725846281 ], [ 91.251827933041938, 24.777075330158301 ], [ 91.251544724696416, 24.777506821740996 ], [ 91.251433186266127, 24.777697384246849 ], [ 91.251321145627188, 24.777887701092073 ], [ 91.251318854269215, 24.777892718799333 ], [ 91.251316047874695, 24.777897513474088 ], [ 91.251225504444477, 24.778097139571081 ], [ 91.251134434905921, 24.778296566129061 ], [ 91.251019125899532, 24.778588662079915 ], [ 91.250960068582145, 24.778764939724731 ], [ 91.250897837434721, 24.778940304909799 ], [ 91.250889133352132, 24.778976670473892 ], [ 91.250877207820878, 24.77901226626803 ], [ 91.250837359654483, 24.779192979914182 ], [ 91.250794255021503, 24.779373069507752 ], [ 91.250722240422419, 24.779765366377987 ], [ 91.250665617405019, 24.780205316232905 ], [ 91.250656500240822, 24.780648214570025 ], [ 91.250694977236762, 24.781089796072621 ], [ 91.250780678342068, 24.781525808060987 ], [ 91.250912778692523, 24.781952051448538 ], [ 91.251090006535875, 24.7823644211832 ], [ 91.251310655462291, 24.782758945785051 ], [ 91.251572600823039, 24.783131825598947 ], [ 91.251873320179556, 24.78347946939374 ], [ 91.252209917586853, 24.783798528955259 ], [ 91.252579151477349, 24.7840859313397 ], [ 91.252977465877009, 24.784338908476432 ], [ 91.253401024653272, 24.784555023834802 ], [ 91.253845748464769, 24.784732195897828 ], [ 91.254307354056749, 24.784868718216352 ], [ 91.254781395523466, 24.784963275850181 ], [ 91.255263307139913, 24.785014958037674 ], [ 91.255748447349191, 24.785023266971496 ], [ 91.256232143482038, 24.784988122595824 ], [ 91.256709736776443, 24.784909863378708 ], [ 91.257176627263561, 24.78478924305216 ], [ 91.257628318086432, 24.78462742335121 ], [ 91.258060458824389, 24.784425962822116 ], [ 91.258468887405016, 24.784186801807582 ], [ 91.25884967019951, 24.783912243753694 ], [ 91.259199139914841, 24.783604933019031 ], [ 91.25951393091735, 24.783267829399779 ], [ 91.25967877113392, 24.783051488061695 ], [ 91.259682288053583, 24.783052180986552 ], [ 91.260164336618615, 24.783102737213248 ], [ 91.260649492134291, 24.783109912680956 ], [ 91.261133081783697, 24.783073638251011 ], [ 91.261610447830677, 24.782994263275729 ], [ 91.262076992495707, 24.782872552233687 ], [ 91.262528222253621, 24.782709677365233 ], [ 91.262959791125795, 24.782507207379446 ], [ 91.263367542549318, 24.782267092341456 ], [ 91.263747549419151, 24.781991644885757 ], [ 91.2640961519174, 24.781683517936756 ], [ 91.264409992764911, 24.781345679151389 ], [ 91.264686049555422, 24.780981382330303 ], [ 91.264921663861031, 24.780594136073162 ], [ 91.265114566828515, 24.780187669980396 ], [ 91.26526290102025, 24.77976589872716 ], [ 91.26536523829013, 24.779332884355735 ], [ 91.26542059352208, 24.778892797149972 ], [ 91.265428434100102, 24.778449875468549 ], [ 91.265388685019062, 24.778008384924306 ], [ 91.265301729587634, 24.777572577302696 ], [ 91.265168405717446, 24.777146649615158 ], [ 91.26510359093929, 24.776996991831766 ], [ 91.265118699573293, 24.776992499284237 ], [ 91.265315003971452, 24.776937094555379 ], [ 91.265475936819811, 24.776883642828391 ], [ 91.265541590438346, 24.776888127012256 ], [ 91.265624199950864, 24.776898687733098 ], [ 91.265783380990896, 24.776904641210571 ], [ 91.26594225165141, 24.776915491799173 ], [ 91.266025644045399, 24.776913701685693 ], [ 91.26610898959575, 24.7769168186624 ], [ 91.266268043306297, 24.776908498042726 ], [ 91.266427313878125, 24.776905078728916 ], [ 91.266510112503568, 24.776895834283774 ], [ 91.266562889089798, 24.776893073244011 ], [ 91.266972792704735, 24.776902612684928 ], [ 91.26745670772911, 24.77687043937134 ], [ 91.267934838100842, 24.776795114457467 ], [ 91.268402578677055, 24.776677363413498 ], [ 91.268855424411072, 24.776518320338994 ], [ 91.269289013755824, 24.776319517037386 ], [ 91.26969917068304, 24.776082868258712 ], [ 91.270081944913315, 24.775810653253227 ], [ 91.270433649968709, 24.775505493813569 ], [ 91.270750898681484, 24.775170329017172 ], [ 91.27103063581653, 24.774808386912778 ], [ 91.271270167493242, 24.774423153423712 ], [ 91.271467187123662, 24.774018338768002 ], [ 91.271619797617191, 24.77359784171891 ], [ 91.271726529638485, 24.773165712050439 ], [ 91.27178635574306, 24.772726111529735 ], [ 91.271798700255118, 24.772283273832308 ], [ 91.271763444793038, 24.771841463766261 ], [ 91.2716809293902, 24.771404936198387 ], [ 91.271551949200841, 24.77097789507765 ], [ 91.271377746823688, 24.770564452950854 ], [ 91.271160000317735, 24.770168591360051 ], [ 91.27090080702655, 24.769794122503271 ], [ 91.270602663367058, 24.769444652527248 ], [ 91.270268440778437, 24.769123546805709 ], [ 91.269901358062683, 24.768833897537196 ], [ 91.269504950383663, 24.768578493974104 ], [ 91.269083035223204, 24.76835979556947 ], [ 91.268639675622069, 24.76817990829964 ], [ 91.268179141059662, 24.768040564390596 ], [ 91.267977670732066, 24.767999076960237 ], [ 91.267971561315335, 24.767954909252353 ], [ 91.267863883443084, 24.767522976680993 ], [ 91.267710356865862, 24.767102760556742 ], [ 91.267512460550336, 24.766698307676474 ], [ 91.267272100705526, 24.766313512991992 ], [ 91.266991592411046, 24.765952082105311 ], [ 91.266673637310888, 24.765617495588611 ], [ 91.26632129758751, 24.765312975472352 ], [ 91.265937966467476, 24.765041454223791 ], [ 91.265847606336706, 24.764989542443917 ], [ 91.265611422737635, 24.764734181474989 ], [ 91.265263577811552, 24.764425385840791 ], [ 91.264884261120415, 24.764149207636084 ], [ 91.26447712560838, 24.763908306380717 ], [ 91.264046092034405, 24.763705001867258 ], [ 91.263595311219987, 24.763541251828421 ], [ 91.263129124084784, 24.763418633090765 ], [ 91.262652019854514, 24.76333832639575 ], [ 91.262168592842968, 24.763301105034088 ], [ 91.262115407376456, 24.763301787327453 ], [ 91.262098933588078, 24.76330093466073 ], [ 91.262111544483048, 24.762996715207819 ], [ 91.262108882440586, 24.762780756349894 ], [ 91.262106799257495, 24.762564792184104 ], [ 91.262085185744354, 24.762224292148854 ], [ 91.262079477339398, 24.762175756589407 ], [ 91.262144804628448, 24.76213232362359 ], [ 91.262216752508451, 24.762090617603434 ], [ 91.262340791420456, 24.762002021086495 ], [ 91.262468099637999, 24.761917379457795 ], [ 91.262531744562949, 24.761865629686447 ], [ 91.26259886875809, 24.761817685000388 ], [ 91.262712799419035, 24.761718413348461 ], [ 91.262830408188421, 24.761622784929834 ], [ 91.262888191255527, 24.761565587989015 ], [ 91.262949845300056, 24.761511866408121 ], [ 91.263052570472581, 24.761402875735001 ], [ 91.26315934713368, 24.761297181552234 ], [ 91.263210711858633, 24.761235088320387 ], [ 91.263266301984558, 24.76117610725208 ], [ 91.263356832378378, 24.761058447272539 ], [ 91.263451748622444, 24.760943705291798 ], [ 91.263535287622346, 24.76083168346937 ], [ 91.263669813236348, 24.76085832827793 ], [ 91.264023634240985, 24.760895786589472 ], [ 91.264236102095651, 24.761067271429805 ], [ 91.264614920978588, 24.761344007934845 ], [ 91.265021623547668, 24.761585506527467 ], [ 91.265452292857788, 24.761789441225702 ], [ 91.26590278106201, 24.761953847825666 ], [ 91.266368749367828, 24.762077142825586 ], [ 91.266845709835366, 24.762158138682654 ], [ 91.267329068614458, 24.762196055255188 ], [ 91.267814170203636, 24.762190527320033 ], [ 91.268296342304097, 24.762141608092321 ], [ 91.26877094083585, 24.762049768713851 ], [ 91.269233394682047, 24.761915893714871 ], [ 91.269679249729407, 24.761741272492948 ], [ 91.270104211780406, 24.761527586891265 ], [ 91.270504187922882, 24.761276894995927 ], [ 91.270875325958414, 24.760991611308651 ], [ 91.271214051509091, 24.760674483486071 ], [ 91.271267370598849, 24.760613622582124 ], [ 91.271462058084893, 24.760585044285467 ], [ 91.27193118792276, 24.760472202004426 ], [ 91.272385944856097, 24.760317914183741 ], [ 91.272821948925156, 24.760123666826725 ], [ 91.273235000838085, 24.759891330803455 ], [ 91.273621122425283, 24.759623143827007 ], [ 91.273771605930108, 24.759495528087548 ], [ 91.273933734390482, 24.759612190817233 ], [ 91.274342369506101, 24.759850949246548 ], [ 91.274774667540299, 24.760051983486637 ], [ 91.275226464954287, 24.760213357268309 ], [ 91.275693410341631, 24.760333516299792 ], [ 91.276171006348292, 24.760411303242115 ], [ 91.276654653000449, 24.760445968860342 ], [ 91.277139692022658, 24.760437179243148 ], [ 91.277621451718502, 24.760385019020944 ], [ 91.278095291981003, 24.760289990551584 ], [ 91.278556648998645, 24.760153009081304 ], [ 91.279001079225296, 24.759975393927778 ], [ 91.27942430219052, 24.759758855770048 ], [ 91.27982224173671, 24.759505480168038 ], [ 91.28019106528599, 24.759217707470654 ], [ 91.280527220757605, 24.75889830930597 ], [ 91.280827470780793, 24.758550361880594 ], [ 91.280894563903132, 24.758464230203398 ], [ 91.280997089332914, 24.758484934419506 ], [ 91.28147875901162, 24.758537733750913 ], [ 91.281963777175477, 24.75854716680703 ], [ 91.282447472331526, 24.758513142705425 ], [ 91.28292518572772, 24.758435989124493 ], [ 91.283392316238647, 24.758316449147518 ], [ 91.283844364695426, 24.758155674104319 ], [ 91.284276977232395, 24.757955212479715 ], [ 91.284685987232265, 24.757716994995612 ], [ 91.28506745546531, 24.757443316010708 ], [ 91.285417708035482, 24.757136811417073 ], [ 91.285733371767776, 24.75680043324688 ], [ 91.286011406695721, 24.756437421234025 ], [ 91.286249135336007, 24.756051271604939 ], [ 91.286444268468642, 24.755645703399512 ], [ 91.286594927174164, 24.755224622646711 ], [ 91.286699660916526, 24.754792084740192 ], [ 91.286757461497416, 24.754352255376769 ], [ 91.28676777274876, 24.753909370433757 ], [ 91.28673049587033, 24.753467695172134 ], [ 91.286645990361933, 24.753031483158338 ], [ 91.286515070541853, 24.752604935300354 ], [ 91.286338997685974, 24.752192159392742 ], [ 91.28611946786387, 24.751797130559925 ], [ 91.285858595589588, 24.751423652978701 ], [ 91.285558893445469, 24.751075323248333 ], [ 91.285223247875308, 24.750755495760842 ], [ 91.285148518536658, 24.750697018930371 ], [ 91.28511179578561, 24.750649393906244 ], [ 91.284994409207542, 24.750512008623293 ], [ 91.284991063394841, 24.750507918926061 ], [ 91.285180756983721, 24.750337162867179 ], [ 91.285221313568925, 24.750296885073837 ], [ 91.285265017909921, 24.750259453554818 ], [ 91.285434209318538, 24.75009958945666 ], [ 91.28576300516194, 24.749806561612338 ], [ 91.285914805899836, 24.749657307667277 ], [ 91.286067891620974, 24.749509152373001 ], [ 91.286274490506415, 24.749288447175427 ], [ 91.286340538733711, 24.749210443040567 ], [ 91.286411141840091, 24.74913584023372 ], [ 91.286488814750427, 24.749035325933736 ], [ 91.286571219138963, 24.748938004320326 ], [ 91.286628576454362, 24.748854463757365 ], [ 91.286690831795852, 24.748773900431779 ], [ 91.286757341647913, 24.748666917559575 ], [ 91.286828902883997, 24.748562688480277 ], [ 91.28687701694416, 24.748474416079887 ], [ 91.286930325003311, 24.748388668152867 ], [ 91.286985031331099, 24.74827624707159 ], [ 91.287045060299121, 24.748166114367862 ], [ 91.287083467798155, 24.748073960287019 ], [ 91.287127315244803, 24.747983853602985 ], [ 91.287234607722951, 24.747730549922391 ], [ 91.287307400482803, 24.747529952158128 ], [ 91.287381182977185, 24.747329656197657 ], [ 91.287477672448858, 24.747017852590364 ], [ 91.287480035048958, 24.747008483091061 ], [ 91.287483349427745, 24.746999357223913 ], [ 91.287687226708442, 24.746329649568803 ], [ 91.287730547297812, 24.746154441879508 ], [ 91.28777742377666, 24.745979999188378 ], [ 91.287783947225549, 24.745938468080439 ], [ 91.287794066206985, 24.745897542179961 ], [ 91.28781837262909, 24.745719300452674 ], [ 91.287846299966915, 24.745541501744249 ], [ 91.287975251411311, 24.744284094916402 ], [ 91.287979114985291, 24.744204489954274 ], [ 91.287988448935394, 24.744125264078448 ], [ 91.287989848448674, 24.743983337103266 ], [ 91.287996730241801, 24.743841543580448 ], [ 91.287992031217684, 24.743761976096 ], [ 91.287992816907106, 24.743682296203261 ], [ 91.287978976737278, 24.743540927365633 ], [ 91.287970606787454, 24.743399200602621 ], [ 91.287957390510329, 24.743320436876939 ], [ 91.287949620463294, 24.743241070331621 ], [ 91.287920674060089, 24.743101621089728 ], [ 91.287897133135857, 24.742961325990329 ], [ 91.287875526974744, 24.742884124555793 ], [ 91.287859276110808, 24.742805835696522 ], [ 91.287815502399397, 24.742669649007567 ], [ 91.287777017368427, 24.742532136673617 ], [ 91.287747229486158, 24.742457241009109 ], [ 91.287722654395267, 24.742380783787858 ], [ 91.287664475084114, 24.742249171175221 ], [ 91.287611416722285, 24.742115765895424 ], [ 91.287573734067607, 24.74204389726669 ], [ 91.287541071498723, 24.741970007988353 ], [ 91.287176849739964, 24.741250017624282 ], [ 91.287143422308574, 24.741191645115052 ], [ 91.287114481549565, 24.741131306620439 ], [ 91.28703108251446, 24.740995471800883 ], [ 91.286952057117219, 24.740857473341105 ], [ 91.286912525911703, 24.740802374108743 ], [ 91.286877248765862, 24.740744916740208 ], [ 91.286779673112079, 24.740617201319715 ], [ 91.28668621783693, 24.740486941177704 ], [ 91.286640963601201, 24.740435645829887 ], [ 91.286599689847023, 24.740381622905289 ], [ 91.286488877357598, 24.74026325678377 ], [ 91.286381892305272, 24.740141989364577 ], [ 91.286331350885675, 24.740094991872439 ], [ 91.286284478039136, 24.740044923630744 ], [ 91.28616149594238, 24.739937046663091 ], [ 91.286042011479893, 24.739825939760749 ], [ 91.285986669626823, 24.739783692702908 ], [ 91.285934649112022, 24.739738061295135 ], [ 91.28580068180176, 24.739641712316665 ], [ 91.285669848637838, 24.739541835870707 ], [ 91.285610239317805, 24.739504746075966 ], [ 91.285553572119014, 24.739463990923113 ], [ 91.285409909747827, 24.739380097748043 ], [ 91.285268987850685, 24.739292413542493 ], [ 91.285205685113709, 24.739260838173159 ], [ 91.285144916950671, 24.739225351735602 ], [ 91.284992943006287, 24.739154722224921 ], [ 91.284843289470288, 24.739080074628717 ], [ 91.28477690292226, 24.73905431774218 ], [ 91.2847126189953, 24.739024441741414 ], [ 91.284553796978756, 24.738967756025495 ], [ 91.284396852957471, 24.73890686386391 ], [ 91.284328021890744, 24.738887173485669 ], [ 91.284260841245995, 24.738863195614464 ], [ 91.284096700581031, 24.738820999545919 ], [ 91.283933977411493, 24.738774449180454 ], [ 91.283863364649775, 24.738761014916484 ], [ 91.283793934219247, 24.738743166069483 ], [ 91.283626055527805, 24.73871586596869 ], [ 91.283459120179984, 24.738684105652514 ], [ 91.283387405697169, 24.738677056864205 ], [ 91.283316394070511, 24.738665508915169 ], [ 91.283146393955818, 24.738653367659126 ], [ 91.282976853947488, 24.738636703222184 ], [ 91.282951555010129, 24.738636494368009 ], [ 91.282870949143827, 24.738620264749457 ], [ 91.282751111559179, 24.73860719899336 ], [ 91.282632125638443, 24.738588750204908 ], [ 91.282510441272692, 24.73858095868885 ], [ 91.282389318332278, 24.738567752493577 ], [ 91.28226865559752, 24.738565476725686 ], [ 91.282148262703444, 24.738557767609993 ], [ 91.280908050042243, 24.738534072896272 ], [ 91.280892842393342, 24.738529668310854 ], [ 91.280725989054375, 24.73847682435704 ], [ 91.280661774469792, 24.738462743973901 ], [ 91.280598824759991, 24.738444511739868 ], [ 91.280336748637509, 24.738381348339018 ], [ 91.280417490635116, 24.737966217759368 ], [ 91.280455103003291, 24.737524566876051 ], [ 91.280445134364399, 24.737081675680969 ], [ 91.280387681226728, 24.736641809476456 ], [ 91.280326037143851, 24.736386333995988 ], [ 91.280658110729291, 24.736220444804211 ], [ 91.281058787467202, 24.735970791666826 ], [ 91.281430739750903, 24.735686471646783 ], [ 91.281770385358357, 24.735370223119489 ], [ 91.282074453296502, 24.735025091958111 ], [ 91.282340015303518, 24.734654402191516 ], [ 91.282564514046541, 24.734261723983295 ], [ 91.282745787743451, 24.733850839240709 ], [ 91.282882090971881, 24.733425705185169 ], [ 91.282972111465483, 24.732990416235211 ], [ 91.283014982735978, 24.732549164569416 ], [ 91.283010292400334, 24.732106199749303 ], [ 91.282958086133476, 24.731665787791204 ], [ 91.282858867208859, 24.731232170081253 ], [ 91.282713591632614, 24.730809522529409 ], [ 91.282523658918464, 24.730401915355642 ], [ 91.282290898593132, 24.730013273895661 ], [ 91.281817181978624, 24.729306986199276 ], [ 91.281781921377842, 24.729259781772569 ], [ 91.28175051732498, 24.729210357832745 ], [ 91.281645312725814, 24.729076899265529 ], [ 91.281543838801198, 24.728941052368956 ], [ 91.281503682376552, 24.728897231830171 ], [ 91.281467125736057, 24.728850857220618 ], [ 91.281105636173905, 24.728436756326548 ], [ 91.280783348814467, 24.728051706636499 ], [ 91.280852404834988, 24.72806683997203 ], [ 91.28099495072351, 24.728103397813108 ], [ 91.281088081832578, 24.728118487327841 ], [ 91.281180056630944, 24.72813864300317 ], [ 91.281326722042877, 24.728157152593521 ], [ 91.281472504979618, 24.728180772623865 ], [ 91.281566807078605, 24.728187451685802 ], [ 91.281660502126542, 24.728199276034157 ], [ 91.281901910649765, 24.728218777192019 ], [ 91.281986092024525, 24.728221787025834 ], [ 91.28206988945152, 24.728229715624586 ], [ 91.282217394719709, 24.728237016171416 ], [ 91.282702399193056, 24.728239251533463 ], [ 91.283185307993222, 24.728198054924629 ], [ 91.283661469943837, 24.728113823105851 ], [ 91.284126298866468, 24.72798736733478 ], [ 91.284575317766453, 24.727819905550671 ], [ 91.285004201965563, 24.727613050641036 ], [ 91.285408820765781, 24.727368794903327 ], [ 91.285785277241928, 24.727089490851455 ], [ 91.286129945779876, 24.726777828552141 ], [ 91.286439506998292, 24.726436809709842 ], [ 91.286710979717427, 24.726069718749972 ], [ 91.286941749667037, 24.72568009117936 ], [ 91.287129594657003, 24.725271679528923 ], [ 91.287272705968704, 24.724848417206886 ], [ 91.287369705761165, 24.724414380610934 ], [ 91.287419660325057, 24.72397374986457 ], [ 91.2874220890575, 24.723530768555822 ], [ 91.287376969071801, 24.723089702866368 ], [ 91.287284735398529, 24.722654800484776 ], [ 91.287146276776724, 24.722230249699496 ], [ 91.286962927076402, 24.721820139065628 ], [ 91.286736452435946, 24.721428418033842 ], [ 91.286469034238493, 24.721058858920269 ], [ 91.286163248092308, 24.720715020583697 ], [ 91.285822039017503, 24.720400214159366 ], [ 91.285448693078891, 24.720117471179222 ], [ 91.285046805738006, 24.719869514385326 ], [ 91.284936199626856, 24.719814858820172 ], [ 91.28491723015081, 24.719780833738163 ], [ 91.284836681258497, 24.71966584179383 ], [ 91.284760933670327, 24.719548159000706 ], [ 91.284706066943102, 24.719479375720958 ], [ 91.28465585240275, 24.719407688859658 ], [ 91.284563352270041, 24.719300462063757 ], [ 91.284475341581739, 24.719190127520815 ], [ 91.284413358362968, 24.719126587594147 ], [ 91.284355693352055, 24.719059741562532 ], [ 91.284252132856054, 24.718961312503534 ], [ 91.28415270671006, 24.718859388727136 ], [ 91.284084203952688, 24.718801704036252 ], [ 91.284019643841233, 24.718740342555844 ], [ 91.283906020346748, 24.718651659091233 ], [ 91.283816986935932, 24.718576685582338 ], [ 91.28381641329014, 24.71857617950565 ], [ 91.283816219289236, 24.718576039159611 ], [ 91.283796136292992, 24.718559127593398 ], [ 91.283729136670857, 24.718508029017272 ], [ 91.283683771286221, 24.718476748960246 ], [ 91.283814843702828, 24.718330470829805 ], [ 91.284083746958927, 24.717961816376842 ], [ 91.284311794649682, 24.717570861297887 ], [ 91.284496790807239, 24.717161370907146 ], [ 91.284636954153342, 24.716737288999905 ], [ 91.284730935241242, 24.716302699864706 ], [ 91.284777829435953, 24.715861788943794 ], [ 91.284777185609045, 24.715418802520713 ], [ 91.284729010464432, 24.714978006823593 ], [ 91.284633768454498, 24.714543646937983 ], [ 91.284492377287904, 24.714119905925095 ], [ 91.284306199073342, 24.713710864538992 ], [ 91.284077027184978, 24.713320461930707 ], [ 91.28380706897677, 24.712952457717446 ], [ 91.283498924512855, 24.712610395782104 ], [ 91.283155561519095, 24.71229757015141 ], [ 91.282780286797376, 24.712016993280912 ], [ 91.282376714378231, 24.711771367052126 ], [ 91.28194873071844, 24.711563056760607 ], [ 91.281500457278739, 24.711394068345378 ], [ 91.281036210841705, 24.711266029078317 ], [ 91.280560461951666, 24.711180171899631 ], [ 91.280077791876465, 24.711137323549551 ], [ 91.279923141314427, 24.711130566746888 ], [ 91.27967437567591, 24.711085163168804 ], [ 91.279522833554907, 24.711057472725173 ], [ 91.279085897937932, 24.710960694935437 ], [ 91.27860957217132, 24.710877557087496 ], [ 91.278126619785738, 24.71083746672732 ], [ 91.277641691387018, 24.710840809879269 ], [ 91.27715945659709, 24.710887554322955 ], [ 91.276684559102236, 24.710977249904484 ], [ 91.276221571951041, 24.711109032870912 ], [ 91.275774953531567, 24.711281634186104 ], [ 91.275349004651318, 24.711493391748274 ], [ 91.274947827132337, 24.711742266391358 ], [ 91.274575284319909, 24.712025861516643 ], [ 91.274234963884595, 24.712341446165556 ], [ 91.273930143275706, 24.712685981312024 ], [ 91.27366375815852, 24.713056149121165 ], [ 91.273438374139261, 24.713448384893205 ], [ 91.273256162050373, 24.713858911385035 ], [ 91.273118877034122, 24.714283775179407 ], [ 91.2730278416266, 24.714718884751633 ], [ 91.272998648502409, 24.715012198641197 ], [ 91.272794448779408, 24.715337009750399 ], [ 91.272595327551869, 24.715740931171776 ], [ 91.272440506640351, 24.716160735342761 ], [ 91.272331477437447, 24.716592379478509 ], [ 91.272269290393325, 24.71703170673387 ], [ 91.272254544882429, 24.717474486231382 ], [ 91.272257612655764, 24.71751577488773 ], [ 91.2722557204591, 24.717537922638581 ], [ 91.272258571699254, 24.717666243038792 ], [ 91.272257454994843, 24.717714762747097 ], [ 91.27225428962835, 24.717761082632599 ], [ 91.272247119246032, 24.717807664778231 ], [ 91.272239188940304, 24.717982055437297 ], [ 91.272227284388734, 24.71815625741722 ], [ 91.272229129402803, 24.718203267561361 ], [ 91.272226992096193, 24.7182502673746 ], [ 91.272229679278752, 24.718574366763512 ], [ 91.272234375521066, 24.718649993724142 ], [ 91.27223371470258, 24.718725739838995 ], [ 91.272242890360147, 24.718818399949775 ], [ 91.272152656925641, 24.719178882521302 ], [ 91.272130590557992, 24.719337235974194 ], [ 91.272026948191524, 24.719457969800342 ], [ 91.271766546242503, 24.71983168057551 ], [ 91.271547498980041, 24.720226905285706 ], [ 91.271371916222833, 24.720639837899579 ], [ 91.271241489279959, 24.72106650182338 ], [ 91.271157474649314, 24.721502788191046 ], [ 91.27114697970967, 24.721628783324565 ], [ 91.270986398593593, 24.72159961637794 ], [ 91.270503749029899, 24.721556220022702 ], [ 91.270018766880199, 24.721556242223436 ], [ 91.269536122284109, 24.721599682738844 ], [ 91.269060462873185, 24.72168612323016 ], [ 91.268596369030817, 24.721814731289374 ], [ 91.268148309798988, 24.72198426845339 ], [ 91.267720599855622, 24.722193102127189 ], [ 91.26731735797641, 24.722439221301176 ], [ 91.266942467380503, 24.722720255911689 ], [ 91.266599538341424, 24.723033499658396 ], [ 91.266523038183223, 24.72311059779673 ], [ 91.26637880251667, 24.723271134632817 ], [ 91.266233491875383, 24.723430860773561 ], [ 91.266224991382884, 24.723442328493974 ], [ 91.266215372862064, 24.723453034015147 ], [ 91.26608905838124, 24.723625710632458 ], [ 91.266084782055358, 24.723631479652717 ], [ 91.266084653681688, 24.723631567656863 ], [ 91.266030008967121, 24.72367732674811 ], [ 91.265972077671051, 24.723719578642989 ], [ 91.265851356011709, 24.723826929060202 ], [ 91.265727164783684, 24.723930925280943 ], [ 91.265677693425744, 24.723981356102414 ], [ 91.265624574951133, 24.72402859084654 ], [ 91.265515953979289, 24.724146231958802 ], [ 91.265403520210157, 24.724260845638224 ], [ 91.26535969864571, 24.72431546254888 ], [ 91.265311904548994, 24.72436722528003 ], [ 91.265216430357583, 24.724494024219215 ], [ 91.265116836860301, 24.724618151643313 ], [ 91.265079087130601, 24.724676428687488 ], [ 91.265037077706722, 24.724732220936506 ], [ 91.264955669811826, 24.724866956637829 ], [ 91.264869875774323, 24.72499940246821 ], [ 91.26483856146001, 24.725060778439484 ], [ 91.264802741308941, 24.725120062929495 ], [ 91.26473618379255, 24.72526143788809 ], [ 91.264665015538412, 24.725400926670726 ], [ 91.264640438256862, 24.725464810515483 ], [ 91.26461115238618, 24.725527016334819 ], [ 91.264569049269454, 24.725630114874537 ], [ 91.264531623208953, 24.725737595802606 ], [ 91.264488569371508, 24.725843304374031 ], [ 91.264460430598461, 24.725940713611163 ], [ 91.264453488516025, 24.725950449353849 ], [ 91.264323055295421, 24.726154625569752 ], [ 91.264303692936892, 24.726161311649228 ], [ 91.263869028436943, 24.726357825473471 ], [ 91.263457544210013, 24.72659230539405 ], [ 91.263073202825453, 24.726862493432289 ], [ 91.26271970554275, 24.727165787741434 ], [ 91.2626309713376, 24.72725847767882 ], [ 91.262534281277794, 24.727232286591146 ], [ 91.262374705348776, 24.727184231849442 ], [ 91.262301908441046, 24.727169341900485 ], [ 91.262230387547376, 24.727149968379447 ], [ 91.262065390113932, 24.727120963950863 ], [ 91.261901425892006, 24.727087426130382 ], [ 91.261827381710233, 24.727079124791803 ], [ 91.26175412625733, 24.727066247238991 ], [ 91.261586810916654, 24.727052153344626 ], [ 91.261420037310984, 24.727033455392114 ], [ 91.261345458868107, 24.727031822596931 ], [ 91.261271174274398, 24.727025565014113 ], [ 91.261103152196398, 24.727026517360571 ], [ 91.261060293037914, 24.727025578930593 ], [ 91.26104338640053, 24.727024542287459 ], [ 91.261030149964711, 24.727024918920481 ], [ 91.260935175159489, 24.72702283932075 ], [ 91.260830578944635, 24.727025239442813 ], [ 91.26069475394867, 24.727034461975133 ], [ 91.260558620179935, 24.727038335187171 ], [ 91.260453064114103, 24.727050872432564 ], [ 91.260346912194009, 24.727058079898807 ], [ 91.260212730850029, 24.72707941732552 ], [ 91.260077668166602, 24.727095458831421 ], [ 91.25997396569916, 24.727117385280113 ], [ 91.259869098294914, 24.727134060955159 ], [ 91.259737852705243, 24.72716730779791 ], [ 91.259605161696641, 24.72719536311941 ], [ 91.259504311435137, 24.727226467622927 ], [ 91.259401738372105, 24.727252450923199 ], [ 91.259274692375556, 24.727297287021489 ], [ 91.259145650799837, 24.727337085992819 ], [ 91.259048623893136, 24.727377069022069 ], [ 91.258949332909722, 24.727412109735642 ], [ 91.258827709915082, 24.727468103329276 ], [ 91.258703560398331, 24.727519262698092 ], [ 91.258611291187435, 24.727567739227077 ], [ 91.258516238426452, 24.727611499922546 ], [ 91.258401209634826, 24.727678111808299 ], [ 91.258283147708283, 24.727740138925331 ], [ 91.258196524731261, 24.727796642137957 ], [ 91.258106625534879, 24.727848701412899 ], [ 91.257999298663975, 24.727925290135619 ], [ 91.257888461254211, 24.727997587697462 ], [ 91.257808318691531, 24.728061573481764 ], [ 91.257724438788728, 24.728121430019581 ], [ 91.257625847407724, 24.728207258047767 ], [ 91.257523301890231, 24.728289129847195 ], [ 91.257437502303929, 24.728364727922056 ], [ 91.257373539836394, 24.728426901747483 ], [ 91.257373358703973, 24.728427059429965 ], [ 91.257373149706893, 24.728427280967139 ], [ 91.257322437551295, 24.728476574944654 ], [ 91.257203731027118, 24.728585200800666 ], [ 91.257156464627442, 24.72863790598382 ], [ 91.257105386194084, 24.728687555743214 ], [ 91.257002877887288, 24.728809164995532 ], [ 91.256896399673167, 24.72892789460894 ], [ 91.256829298717903, 24.729010692792784 ], [ 91.256741391065361, 24.729131100780375 ], [ 91.256649046042668, 24.7292487054604 ], [ 91.256606926030187, 24.729315278297381 ], [ 91.256560221826305, 24.729379249144298 ], [ 91.256485658732572, 24.729506946979392 ], [ 91.256406378806375, 24.72963225224559 ], [ 91.256371605738977, 24.729702275172134 ], [ 91.25633199131363, 24.729770119022135 ], [ 91.256271490940833, 24.729903876973193 ], [ 91.256206039698597, 24.730035676134165 ], [ 91.256178948510723, 24.73010847482546 ], [ 91.256146805419917, 24.730179538339179 ], [ 91.256100950525195, 24.730318068304985 ], [ 91.256049958403437, 24.73045509212216 ], [ 91.25603081006183, 24.730529965516471 ], [ 91.256006447921948, 24.730603564343038 ], [ 91.255979937732562, 24.730725887406216 ], [ 91.255744561643624, 24.730946595504431 ], [ 91.255441828065941, 24.731292690161336 ], [ 91.255177692887059, 24.731664219017883 ], [ 91.254954700050277, 24.732057604266206 ], [ 91.254830829963652, 24.732341221732415 ], [ 91.254778155242505, 24.732313552452418 ], [ 91.254336036336511, 24.732131401308557 ], [ 91.253876499212325, 24.731989705004576 ], [ 91.253403969081347, 24.731889827994003 ], [ 91.253062508903767, 24.73184929364383 ], [ 91.25305743502976, 24.731739397374749 ], [ 91.253056141977751, 24.731594542924665 ], [ 91.253047223578406, 24.731518224899983 ], [ 91.253043683139978, 24.73144154157184 ], [ 91.253029232962831, 24.731348103417091 ], [ 91.253035002464543, 24.73129194611445 ], [ 91.253049793318397, 24.731203930865977 ], [ 91.253057645228992, 24.731071552673043 ], [ 91.253071205813015, 24.730939560174811 ], [ 91.253070755838266, 24.730850515201812 ], [ 91.253076029751512, 24.730761599655604 ], [ 91.253081292014187, 24.72980659739741 ], [ 91.253075988754887, 24.729696722227018 ], [ 91.253076639031576, 24.72958674194733 ], [ 91.253072187473535, 24.729493735010269 ], [ 91.253184199072336, 24.729472294877421 ], [ 91.253270641408918, 24.729451657780871 ], [ 91.253358318219142, 24.729435954860367 ], [ 91.253505131536571, 24.729395675716322 ], [ 91.253653442397137, 24.729360267831371 ], [ 91.253737253613892, 24.729331991232286 ], [ 91.253822822892488, 24.729308514531045 ], [ 91.254048129923689, 24.729235512456142 ], [ 91.254216287224139, 24.729172381849978 ], [ 91.254386093044616, 24.72911304645627 ], [ 91.254440480576321, 24.729088213456556 ], [ 91.254496719797856, 24.729067099623169 ], [ 91.254657291932119, 24.72898921847337 ], [ 91.254819911935598, 24.728914966673841 ], [ 91.254871372406569, 24.728885384126571 ], [ 91.254925074787309, 24.728859337060982 ], [ 91.255076515238031, 24.728767455469278 ], [ 91.25523038318704, 24.728679002411898 ], [ 91.255375185732703, 24.728586399836839 ], [ 91.255758355449473, 24.728314823345919 ], [ 91.256110533905968, 24.728010250699835 ], [ 91.256428329373364, 24.727675615324241 ], [ 91.256708681348712, 24.727314140168826 ], [ 91.256948890027729, 24.726929306659745 ], [ 91.257146642300029, 24.726524821163039 ], [ 91.257300034016779, 24.726104579282246 ], [ 91.257407588316696, 24.725672628334472 ], [ 91.257468269834078, 24.725233128366376 ], [ 91.257481494653192, 24.724790312085997 ], [ 91.257447135913083, 24.724348444096204 ], [ 91.257365525010087, 24.723911779822764 ], [ 91.257237448387031, 24.723484524532406 ], [ 91.257064139940638, 24.723070792835699 ], [ 91.256847269121238, 24.72267456906463 ], [ 91.256588924839846, 24.722299668906309 ], [ 91.256291595338311, 24.72194970266214 ], [ 91.255958144216677, 24.721628040486038 ], [ 91.255591782849294, 24.721337779936139 ], [ 91.255196039455342, 24.721081716152248 ], [ 91.25497524726768, 24.72096673793223 ], [ 91.254964557834086, 24.720949819910697 ], [ 91.254682137509008, 24.720589700478296 ], [ 91.254362434627524, 24.720256599542004 ], [ 91.254008528199194, 24.719953724825203 ], [ 91.253623826533968, 24.719683992949371 ], [ 91.253212034418368, 24.71945000135414 ], [ 91.252777117440374, 24.719254003291251 ], [ 91.252323263806005, 24.719097886132666 ], [ 91.251854844015483, 24.718983153201837 ], [ 91.251376368786794, 24.718910909302299 ], [ 91.25089244563101, 24.718881850083125 ], [ 91.250407734497543, 24.718896255343289 ], [ 91.249926902915149, 24.718953986339148 ], [ 91.249454581060562, 24.719054487121252 ], [ 91.248995317186299, 24.719196789887114 ], [ 91.2485535338364, 24.719379524298851 ], [ 91.248133485270913, 24.71960093067587 ], [ 91.247886147018704, 24.719762749423801 ], [ 91.247331279985886, 24.719788414093692 ], [ 91.247223034591258, 24.719798302521507 ], [ 91.247114361867986, 24.719802823908896 ], [ 91.246981896877472, 24.719820330633318 ], [ 91.24684871684839, 24.719832496558631 ], [ 91.246742053701922, 24.719852028268168 ], [ 91.246634389367856, 24.719866257037754 ], [ 91.245760019902647, 24.720022153253115 ], [ 91.24528916372978, 24.7201282486621 ], [ 91.24483195888763, 24.720275987533995 ], [ 91.244392808098056, 24.720463947183287 ], [ 91.243975940277465, 24.720690317611801 ], [ 91.243585369823407, 24.720952918934003 ], [ 91.243224857964009, 24.721249222363383 ], [ 91.242897876542102, 24.721576374558044 ], [ 91.242607574582763, 24.721931225091421 ], [ 91.242356747965871, 24.722310356783858 ], [ 91.242147812495887, 24.722710118603285 ], [ 91.241982780628433, 24.723126660818405 ], [ 91.24186324207794, 24.723555972066343 ], [ 91.241790348493822, 24.723993917977818 ], [ 91.24176480235289, 24.724436280988279 ], [ 91.241786850176098, 24.724878800951767 ], [ 91.241856280135224, 24.725317216166417 ], [ 91.241972424073566, 24.725747304416753 ], [ 91.242134163921719, 24.726164923637306 ], [ 91.242339942447487, 24.726566051806085 ], [ 91.242587778237095, 24.726946825683466 ], [ 91.24287528476404, 24.727303578023335 ], [ 91.243035362330232, 24.727466066987596 ], [ 91.243040515440725, 24.72750576360696 ], [ 91.24307662826574, 24.727655949007076 ], [ 91.243107785964654, 24.727807057347512 ], [ 91.243128152146866, 24.727870708743723 ], [ 91.243106752483683, 24.728035542848986 ], [ 91.243105562462816, 24.728090289251998 ], [ 91.243099948394232, 24.728144805831082 ], [ 91.243100751042917, 24.728311635333256 ], [ 91.243097125305837, 24.72847843357221 ], [ 91.2431018161613, 24.728533022890041 ], [ 91.24310207959779, 24.728587779549301 ], [ 91.243120781862174, 24.728753733859147 ], [ 91.243135073742138, 24.728920053502591 ], [ 91.243150276637451, 24.729028445202193 ], [ 91.243176128466843, 24.729448548938237 ], [ 91.243196305936607, 24.729870818665049 ], [ 91.243193321631907, 24.730404759570508 ], [ 91.243182752449329, 24.730471937725802 ], [ 91.243181637711146, 24.730482779734373 ], [ 91.24317942123767, 24.73049347962252 ], [ 91.243158967223039, 24.730703273678404 ], [ 91.243137406273348, 24.730912975247527 ], [ 91.243137460436586, 24.730923864842289 ], [ 91.243136402913976, 24.730934711630585 ], [ 91.243120288376304, 24.731305010298559 ], [ 91.243121248288745, 24.7313986529911 ], [ 91.243101000208043, 24.731437750317298 ], [ 91.243024392030151, 24.731574889798409 ], [ 91.24299736090299, 24.73163786856475 ], [ 91.242965692167161, 24.731699017913769 ], [ 91.24290889826834, 24.731843973677613 ], [ 91.242847376163411, 24.731987310791684 ], [ 91.242827233829928, 24.732052406136209 ], [ 91.242802279881246, 24.732116096032946 ], [ 91.242761315596212, 24.732265438008774 ], [ 91.242715472181018, 24.73241359239913 ], [ 91.242702412684167, 24.732480177441438 ], [ 91.2426844139015, 24.732545794541114 ], [ 91.242659673885171, 24.732698084532682 ], [ 91.242646557408349, 24.732764959727341 ], [ 91.242552305339359, 24.732840566817973 ], [ 91.242489300123452, 24.732902098685809 ], [ 91.24242231360509, 24.732960016480639 ], [ 91.242207713798379, 24.733164711421232 ], [ 91.242181139397175, 24.733192686887055 ], [ 91.242152151657024, 24.733218586233022 ], [ 91.24190005144807, 24.733467080172581 ], [ 91.241774856026865, 24.733603325130449 ], [ 91.241646797388441, 24.733737332072899 ], [ 91.241619016255427, 24.733772918467107 ], [ 91.241588253206018, 24.733806396417506 ], [ 91.24147828182744, 24.733953192588938 ], [ 91.241365220853211, 24.734098017830377 ], [ 91.241341392489161, 24.734135919783618 ], [ 91.241314370285068, 24.734171990381292 ], [ 91.241220682089747, 24.734327924129317 ], [ 91.241123707678767, 24.734482173011635 ], [ 91.241104061584323, 24.734522025528818 ], [ 91.241081040481433, 24.734560341415403 ], [ 91.241004537831046, 24.734723911097539 ], [ 91.240924583996545, 24.734886098201944 ], [ 91.240838778126459, 24.735085795263512 ], [ 91.240768842792761, 24.735275434149973 ], [ 91.240696940877058, 24.735464458623383 ], [ 91.240621833079103, 24.73569835583324 ], [ 91.240620697050659, 24.735702666681778 ], [ 91.240619112844357, 24.735706857923731 ], [ 91.240560106659146, 24.735891955727372 ], [ 91.240506261227793, 24.73609805682413 ], [ 91.240451454881963, 24.73630394655402 ], [ 91.240449981190338, 24.736313475873157 ], [ 91.240447535516736, 24.736322836982268 ], [ 91.2404160683366, 24.736532765762362 ], [ 91.240392133647475, 24.736687533506814 ], [ 91.240299695365636, 24.736698470386347 ], [ 91.240213341581281, 24.736712652016347 ], [ 91.240126184633795, 24.736721865137412 ], [ 91.239536185808646, 24.736811210403587 ], [ 91.238366838164239, 24.736978627009908 ], [ 91.238296692054661, 24.736991919192672 ], [ 91.23822570745601, 24.73700074975223 ], [ 91.237882419501204, 24.737059248361994 ], [ 91.237410552174282, 24.737161767309203 ], [ 91.236951958808532, 24.737306031613699 ], [ 91.236511055492755, 24.737490652048741 ], [ 91.236092088014729, 24.737713850771886 ], [ 91.235699090985406, 24.737973478440729 ], [ 91.235335848994069, 24.738267034905206 ], [ 91.235005860167803, 24.738591693277463 ], [ 91.234712302486116, 24.738944327147856 ], [ 91.234458003175078, 24.739321540685179 ], [ 91.234245411475541, 24.739719701331783 ], [ 91.234076575047894, 24.740134974778734 ], [ 91.233953120241083, 24.740563361884853 ], [ 91.233876236415952, 24.741000737184109 ], [ 91.233846664474953, 24.741442888610873 ], [ 91.233864689708625, 24.74188555806067 ], [ 91.233930139029169, 24.742324482395915 ], [ 91.234042382617901, 24.742755434501824 ], [ 91.234165147599057, 24.743080950414996 ], [ 91.234108610928615, 24.743156889834946 ], [ 91.233876513177194, 24.743545862455139 ], [ 91.233687279713294, 24.743953737518346 ], [ 91.233542733287152, 24.744376587147066 ], [ 91.233444266357012, 24.744810339220226 ], [ 91.233392827663607, 24.745250816584118 ], [ 91.233388913076084, 24.745693777276202 ], [ 91.233432560797738, 24.746134955374639 ], [ 91.233523350978757, 24.746570102080202 ], [ 91.233634562693808, 24.746914893003595 ], [ 91.233703863084003, 24.747143192647034 ], [ 91.233746474748344, 24.747260813359443 ], [ 91.233783472848543, 24.747380007840828 ], [ 91.233822609374116, 24.747470966764443 ], [ 91.233856222843997, 24.747563749366645 ], [ 91.233911254134497, 24.747676989470403 ], [ 91.233926611282271, 24.747712681541003 ], [ 91.234016723218801, 24.748034015999604 ], [ 91.234019139140912, 24.748041153444788 ], [ 91.23408091362154, 24.748275360085266 ], [ 91.234138021954067, 24.748425390809157 ], [ 91.234001687058765, 24.748515555997567 ], [ 91.233638593541968, 24.748809296321205 ], [ 91.233308774909759, 24.749134121590185 ], [ 91.233160301860863, 24.749312664763838 ], [ 91.233068144794771, 24.749406982891905 ], [ 91.232954289139329, 24.749516415283452 ], [ 91.232906751741709, 24.749572160071182 ], [ 91.232855240665572, 24.749624878774448 ], [ 91.23275780836552, 24.749746818261539 ], [ 91.232656246228146, 24.74986591453985 ], [ 91.232614920805418, 24.749925645812798 ], [ 91.232569316034372, 24.749982721242667 ], [ 91.232485440663808, 24.750112794392816 ], [ 91.232397150180759, 24.750240407671701 ], [ 91.232362434746349, 24.750303550220611 ], [ 91.232323175502344, 24.750364432744469 ], [ 91.232245572372364, 24.750499530320663 ], [ 91.232243117928448, 24.750504366214706 ], [ 91.232240168113862, 24.750508965497236 ], [ 91.232141130740516, 24.750705307154234 ], [ 91.232041586132624, 24.750901434838607 ], [ 91.232039662553973, 24.75090646713516 ], [ 91.232037220592005, 24.750911308298413 ], [ 91.231933713785352, 24.75114620477612 ], [ 91.231871768100589, 24.751309497515368 ], [ 91.231805976060656, 24.75147153087384 ], [ 91.231792407584763, 24.751518696121583 ], [ 91.231774927239584, 24.751564775145706 ], [ 91.231755728488366, 24.751637901309451 ], [ 91.231645238532082, 24.751788661252721 ], [ 91.231597793073846, 24.751860824510207 ], [ 91.2315456262032, 24.751930217226441 ], [ 91.231151115479264, 24.752514505635872 ], [ 91.231061862475784, 24.752662487132561 ], [ 91.230968856631023, 24.752808528808995 ], [ 91.230833718334466, 24.753046929394721 ], [ 91.230661852835496, 24.753350010345969 ], [ 91.230618598592471, 24.753414206740636 ], [ 91.230218407545763, 24.753979146708339 ], [ 91.230195075872757, 24.754011420803725 ], [ 91.23019482603496, 24.754011806293089 ], [ 91.230194536100868, 24.754012167616864 ], [ 91.230161173465092, 24.754058337146951 ], [ 91.230082887569893, 24.754166633215014 ], [ 91.229947543516047, 24.75431985296871 ], [ 91.22961129517499, 24.754694620132984 ], [ 91.229539319424973, 24.754783392422571 ], [ 91.229462645426352, 24.754868821736252 ], [ 91.229383244301687, 24.754966719584473 ], [ 91.229383073526236, 24.754966953306592 ], [ 91.229382878515167, 24.754967170640185 ], [ 91.229074274138767, 24.755347762275854 ], [ 91.229060307550881, 24.755366881835609 ], [ 91.229044554806663, 24.755384806520397 ], [ 91.228925740853597, 24.755551096519689 ], [ 91.228805080131821, 24.755716274060113 ], [ 91.228793232998939, 24.755736551599238 ], [ 91.22877948005079, 24.75575579988238 ], [ 91.228763934280181, 24.755780083172688 ], [ 91.228475082519438, 24.756230159611224 ], [ 91.22843049010477, 24.756308182109453 ], [ 91.22838092085982, 24.756383658968517 ], [ 91.228351159542157, 24.756434472803413 ], [ 91.228183834471082, 24.756613944613132 ], [ 91.228039938110641, 24.756784588519857 ], [ 91.227895534892696, 24.756954875156559 ], [ 91.227891964849633, 24.756960066478573 ], [ 91.227887869171099, 24.756964923436399 ], [ 91.227762981940629, 24.75714762457984 ], [ 91.227637551981715, 24.757330015536642 ], [ 91.227559949297031, 24.757456213171213 ], [ 91.227535304765667, 24.757501344128169 ], [ 91.227506986037881, 24.757544640146669 ], [ 91.227427113380202, 24.757699472028722 ], [ 91.227343474629478, 24.757852636845268 ], [ 91.227323793032909, 24.75789975620301 ], [ 91.227300257961375, 24.757945378303273 ], [ 91.227237389300626, 24.758106613337134 ], [ 91.227170593764114, 24.758266526401997 ], [ 91.227156064685616, 24.758315180396067 ], [ 91.227137539961859, 24.758362689233262 ], [ 91.22707933413534, 24.758538887083365 ], [ 91.227020858239655, 24.758753472982271 ], [ 91.22696234488987, 24.758968050384961 ], [ 91.226962287908719, 24.75896840456026 ], [ 91.226962193244105, 24.758968751943883 ], [ 91.226927032721377, 24.759187538212572 ], [ 91.226891834091973, 24.759406319375643 ], [ 91.226865924690074, 24.759650018006433 ], [ 91.226854529975256, 24.759868026075363 ], [ 91.226845562031301, 24.760034590508063 ], [ 91.226821262142508, 24.760059461110625 ], [ 91.226720434559908, 24.760154804013236 ], [ 91.226659875878553, 24.760224637366946 ], [ 91.226594933142493, 24.760291105036114 ], [ 91.226509383652157, 24.760398177283481 ], [ 91.226419275523781, 24.760502085035622 ], [ 91.226366504285011, 24.760577002054784 ], [ 91.226309008817481, 24.760648961963259 ], [ 91.22623536433278, 24.760763175208815 ], [ 91.226156843479856, 24.760874647188967 ], [ 91.225845233338887, 24.761368737779364 ], [ 91.225752730895891, 24.761533624832623 ], [ 91.225752706735975, 24.761533666244265 ], [ 91.225301049594222, 24.761720658522904 ], [ 91.225200644745769, 24.761767780827778 ], [ 91.22509766942521, 24.761810025855159 ], [ 91.224985038198952, 24.761868969581712 ], [ 91.224869577723553, 24.76192315744623 ], [ 91.224774714360422, 24.761979038765613 ], [ 91.224676769359476, 24.762030296341315 ], [ 91.22457100739571, 24.76209903638177 ], [ 91.224461919294725, 24.762163296669048 ], [ 91.224373510944133, 24.762227398880256 ], [ 91.224281539464755, 24.762287175408559 ], [ 91.224183665252482, 24.7623650498134 ], [ 91.224082000045044, 24.762438763714282 ], [ 91.224000898089827, 24.762510469527879 ], [ 91.223915785826478, 24.762578189376043 ], [ 91.223658987118483, 24.762803683618358 ], [ 91.223650307784411, 24.762812091445131 ], [ 91.223640810332014, 24.762819726440551 ], [ 91.223483949617048, 24.762973245257754 ], [ 91.223326230779122, 24.7631260294323 ], [ 91.22331849573996, 24.763135173544992 ], [ 91.223309863561454, 24.763143621766556 ], [ 91.223170237001881, 24.763310439867197 ], [ 91.223029677615813, 24.763476603660653 ], [ 91.223022961366141, 24.763486396002541 ], [ 91.22301527759484, 24.763495576095089 ], [ 91.222894229913251, 24.763674087038353 ], [ 91.222879785897632, 24.763695146433101 ], [ 91.222803858389824, 24.763726466754385 ], [ 91.222693280082098, 24.763784612172593 ], [ 91.222579857731745, 24.763837995269842 ], [ 91.222483202564476, 24.763895076898301 ], [ 91.222383450692732, 24.763947529088632 ], [ 91.22227964617116, 24.7640152907809 ], [ 91.22217250008886, 24.764078567612209 ], [ 91.222082437497349, 24.764144024578894 ], [ 91.22198879616397, 24.764205151539713 ], [ 91.221892765067707, 24.764281876977716 ], [ 91.221792927071164, 24.764354438204336 ], [ 91.22171032436907, 24.764427640173817 ], [ 91.22162369534972, 24.764496853267989 ], [ 91.221536362480293, 24.764581803602141 ], [ 91.221444794030916, 24.764662950476254 ], [ 91.220916193833375, 24.765179737811184 ], [ 91.220826991204348, 24.765276011769267 ], [ 91.220733408932958, 24.765368754811782 ], [ 91.220670412215284, 24.765445002677215 ], [ 91.220602850685992, 24.76551791956496 ], [ 91.22052441193766, 24.765621713136486 ], [ 91.220441235605307, 24.765722384750351 ], [ 91.220386726955994, 24.765803903359252 ], [ 91.220327317902104, 24.765882515557585 ], [ 91.220260398480391, 24.765992829218217 ], [ 91.220188429156522, 24.766100459943956 ], [ 91.220142933563565, 24.766186464275155 ], [ 91.220092249163116, 24.766270014752426 ], [ 91.220069173665792, 24.766318804044474 ], [ 91.219406774666282, 24.766711317213112 ], [ 91.219405914278241, 24.766711883698061 ], [ 91.219404997449914, 24.766712370812648 ], [ 91.219209161650852, 24.766841426599644 ], [ 91.219013264897285, 24.766970405446084 ], [ 91.219012469460409, 24.766971046202393 ], [ 91.219011609334828, 24.766971613021536 ], [ 91.218830569776486, 24.767117573396774 ], [ 91.218649461300259, 24.767263462657485 ], [ 91.218648738474812, 24.767264171514796 ], [ 91.218647943335071, 24.76726481258018 ], [ 91.217842946886535, 24.767980994375307 ], [ 91.217745186555518, 24.76807694610871 ], [ 91.217643290461396, 24.768169241051059 ], [ 91.217580059923023, 24.768239017341763 ], [ 91.217512501216262, 24.768305325802324 ], [ 91.217425511591344, 24.768409564363026 ], [ 91.217334013566585, 24.768510533861864 ], [ 91.217278577690251, 24.768585632848364 ], [ 91.217218462213992, 24.76865766804314 ], [ 91.21714308107849, 24.768769189624894 ], [ 91.217062862323161, 24.768877861355268 ], [ 91.217015755015652, 24.768957559839524 ], [ 91.216963661739982, 24.76903462807557 ], [ 91.21690061510941, 24.769152358729905 ], [ 91.216832448226413, 24.769267686187582 ], [ 91.216794123204707, 24.769351216673002 ], [ 91.216750553860649, 24.769432575783895 ], [ 91.21671733560261, 24.76951399306018 ], [ 91.21660719132889, 24.769615146372306 ], [ 91.216556430955734, 24.769671955735149 ], [ 91.216501694808045, 24.769725599440246 ], [ 91.216403168024243, 24.76984348219522 ], [ 91.216300501675477, 24.769958382376604 ], [ 91.21625608404608, 24.770019460829925 ], [ 91.216207369946517, 24.770077744668189 ], [ 91.216121972005524, 24.770203877135913 ], [ 91.216032134259081, 24.770327411848402 ], [ 91.215994487163925, 24.770392171210741 ], [ 91.215952264276353, 24.770454533913615 ], [ 91.215880817668221, 24.770587701443276 ], [ 91.215804673771885, 24.770718681052248 ], [ 91.215774159812668, 24.770786497690477 ], [ 91.215738834802494, 24.770852338705684 ], [ 91.215494620433716, 24.771370430549492 ], [ 91.215485502945185, 24.771392726899776 ], [ 91.215474283011261, 24.771414209049592 ], [ 91.215400673079358, 24.771600173535546 ], [ 91.215324921268831, 24.771785419617693 ], [ 91.215318241215968, 24.771808424542613 ], [ 91.215309381428952, 24.771830807338546 ], [ 91.215256089444367, 24.772022463816604 ], [ 91.215200588822654, 24.772213597028642 ], [ 91.21519641056004, 24.772237088986206 ], [ 91.21518999626521, 24.77226015687808 ], [ 91.214768027123128, 24.774165239444386 ], [ 91.214742499862624, 24.77431897771331 ], [ 91.214712055164625, 24.774471967974382 ], [ 91.214480264581212, 24.776082652134853 ], [ 91.214457148095292, 24.776102831903998 ], [ 91.214428730426818, 24.776123794619487 ], [ 91.214281862735803, 24.776255848679966 ], [ 91.214132875035688, 24.776385908223762 ] ], [ [ 91.262574551328939, 24.739771770173107 ], [ 91.262168063914174, 24.739609530090704 ], [ 91.262195767458238, 24.739615231092433 ], [ 91.26241725144412, 24.739662117197351 ], [ 91.262432327402891, 24.739663911591894 ], [ 91.262447159000502, 24.739666963699374 ], [ 91.262672785025416, 24.739692531507803 ], [ 91.262695878742093, 24.739695280163506 ], [ 91.262700091117168, 24.739721274136475 ], [ 91.262714173652157, 24.739843127199673 ], [ 91.262574551328939, 24.739771770173107 ] ], [ [ 91.261194923095658, 24.739362816952941 ], [ 91.260713218621405, 24.739310884928035 ], [ 91.260228260310029, 24.739302321727745 ], [ 91.259744718072696, 24.739337209783951 ], [ 91.259267248182951, 24.739415213113801 ], [ 91.258800448453542, 24.739535580555138 ], [ 91.258348813975545, 24.739697152998527 ], [ 91.257916693845317, 24.739898374546506 ], [ 91.257875368395517, 24.739922549309973 ], [ 91.257883344945526, 24.739858744420523 ], [ 91.257890865092492, 24.739415817406918 ], [ 91.257850811656184, 24.738974350017003 ], [ 91.257763570875326, 24.738538593813157 ], [ 91.257634199145855, 24.738126184229472 ], [ 91.257846353904213, 24.738203468546093 ], [ 91.258312326029852, 24.738326466584731 ], [ 91.258789255868066, 24.738407158511269 ], [ 91.259272549864008, 24.738444767111318 ], [ 91.259615991462724, 24.738440633976076 ], [ 91.259652978818536, 24.738471647146458 ], [ 91.259749447147072, 24.738537868461069 ], [ 91.259842221068695, 24.738608355365056 ], [ 91.260062223253939, 24.738759459809842 ], [ 91.260212376042858, 24.738852417886715 ], [ 91.260359962927978, 24.738948742546487 ], [ 91.260413031911497, 24.738976641472139 ], [ 91.260463717341224, 24.739008020120199 ], [ 91.260623124413826, 24.739087089022302 ], [ 91.26078033926126, 24.739169737993002 ], [ 91.260836147142442, 24.739192751885763 ], [ 91.26088995641669, 24.739219442118234 ], [ 91.26105708250752, 24.739283860291806 ], [ 91.261222411162379, 24.739352037540382 ], [ 91.261280420443811, 24.739369944739842 ], [ 91.26133425428074, 24.739390694646602 ], [ 91.261194923095658, 24.739362816952941 ] ], [ [ 91.249836431256583, 24.74463059150473 ], [ 91.24959108102604, 24.744248457758871 ], [ 91.24930589940567, 24.74389012554694 ], [ 91.24909216452437, 24.743670545548984 ], [ 91.249239815726838, 24.743697508070223 ], [ 91.249404856312111, 24.74373231946554 ], [ 91.249477518930433, 24.743740914621249 ], [ 91.249549366321929, 24.743754034463848 ], [ 91.249717919480275, 24.743769350995802 ], [ 91.249885901830453, 24.743789220969273 ], [ 91.249959137125501, 24.74379127026101 ], [ 91.250032046764417, 24.743797895427306 ], [ 91.250337194743167, 24.74381186469979 ], [ 91.250707167630125, 24.743845134048414 ], [ 91.250766997535649, 24.74384781687824 ], [ 91.250826446863542, 24.743854529361954 ], [ 91.251136537766172, 24.743875502211075 ], [ 91.251212664003901, 24.743900163192471 ], [ 91.251286588564739, 24.743916877725415 ], [ 91.251359113205353, 24.743938099450769 ], [ 91.251403499736099, 24.743946819963174 ], [ 91.251378397997982, 24.743975061634622 ], [ 91.251270214229919, 24.744124660620301 ], [ 91.251158982047997, 24.744272383469735 ], [ 91.251136608045286, 24.744309413665508 ], [ 91.251111086407008, 24.744344705367567 ], [ 91.251019479346766, 24.744503267613723 ], [ 91.250924637212506, 24.744660235622526 ], [ 91.250298064418544, 24.745829435454173 ], [ 91.250198591308333, 24.745451349895642 ], [ 91.250039586967702, 24.745032846811739 ], [ 91.249836431256583, 24.74463059150473 ] ] ], [ [ [ 91.244247159426322, 24.54017077093134 ], [ 91.244027559391924, 24.540565596602047 ], [ 91.243851322170656, 24.540978210184868 ], [ 91.243720145369167, 24.541404638158191 ], [ 91.243635292701285, 24.541840773928442 ], [ 91.243597581802121, 24.542282417373482 ], [ 91.243607376336186, 24.542725315287992 ], [ 91.243664582476327, 24.543165202341854 ], [ 91.24376864978818, 24.543597842156821 ], [ 91.243918576512229, 24.544019068106142 ], [ 91.244112919193384, 24.544424823444118 ], [ 91.244349806566078, 24.544811200378973 ], [ 91.244626957561692, 24.545174477712617 ], [ 91.244941703265468, 24.545511156684658 ], [ 91.24499631536662, 24.545559128829609 ], [ 91.244928404626435, 24.545830125657432 ], [ 91.244866989754783, 24.546269537898933 ], [ 91.244852956721573, 24.546712340441669 ], [ 91.244886441168831, 24.547154268896016 ], [ 91.244967121121363, 24.547591067246117 ], [ 91.245094220068395, 24.548018528837733 ], [ 91.245266514423236, 24.548432536892463 ], [ 91.2454823452901, 24.548829104157985 ], [ 91.245739634424893, 24.549204411312438 ], [ 91.246035904237502, 24.549554843752787 ], [ 91.246368301642804, 24.549877026412744 ], [ 91.248214300764246, 24.551498876073694 ], [ 91.252559309608543, 24.555337569217727 ], [ 91.252605044582509, 24.555374180677948 ], [ 91.252647713992062, 24.555413767457601 ], [ 91.252787191741021, 24.555519991584404 ], [ 91.252923769192677, 24.555629323059605 ], [ 91.252973207644175, 24.555661657995206 ], [ 91.253019914148325, 24.555697228756493 ], [ 91.254760631172502, 24.556895663713473 ], [ 91.254763989695491, 24.556897747942759 ], [ 91.254767112947732, 24.556900118532692 ], [ 91.257112636207737, 24.558509365552151 ], [ 91.257258084223977, 24.558599304308089 ], [ 91.25740082258919, 24.558692804167109 ], [ 91.258450831636083, 24.559311645676559 ], [ 91.263861919048352, 24.562528000248882 ], [ 91.264042936213855, 24.562639782287693 ], [ 91.264083688901522, 24.562662367706707 ], [ 91.264122368950595, 24.562687819844804 ], [ 91.268749038894043, 24.565427405411338 ], [ 91.26883771116276, 24.565474428761455 ], [ 91.268923329784457, 24.565525968647481 ], [ 91.269047103339332, 24.56558547014793 ], [ 91.269168069829519, 24.565649618874446 ], [ 91.269261355122467, 24.565688466764989 ], [ 91.269352085538813, 24.565732083186557 ], [ 91.269481640526138, 24.565780202486145 ], [ 91.269608900037042, 24.565833198272575 ], [ 91.269705899904565, 24.565863496537034 ], [ 91.269800868273848, 24.565898769401883 ], [ 91.269924271760416, 24.565938270918949 ], [ 91.270073604005802, 24.565978668095802 ], [ 91.270221295608309, 24.566023829327509 ], [ 91.270305719310727, 24.566041459304788 ], [ 91.270388759407439, 24.566063922988221 ], [ 91.270541702412999, 24.566090738754699 ], [ 91.27069352326609, 24.566122442710359 ], [ 91.270816927390925, 24.566142443637649 ], [ 91.270960959873022, 24.566159170931552 ], [ 91.27110416144636, 24.566181066838475 ], [ 91.27137777091437, 24.566210368394792 ], [ 91.271861051090099, 24.566240237767527 ], [ 91.272345205474636, 24.56622663969419 ], [ 91.272825570896259, 24.566169705117954 ], [ 91.273297520682718, 24.56606998238059 ], [ 91.2737565092376, 24.565928431940428 ], [ 91.274198115834579, 24.565746417119797 ], [ 91.274618087207344, 24.565525690971079 ], [ 91.27501237852465, 24.565268379388083 ], [ 91.275377192354696, 24.564976960625611 ], [ 91.275709015243962, 24.564654241424648 ], [ 91.276004651557344, 24.564303329973509 ], [ 91.276261254253825, 24.563927605965603 ], [ 91.276476352301259, 24.563530688042515 ], [ 91.276647874466391, 24.563116398936288 ], [ 91.27677416925124, 24.562688728646872 ], [ 91.276854020784313, 24.562251796009818 ], [ 91.27688666051408, 24.561809809024304 ], [ 91.276871774592848, 24.561367024324042 ], [ 91.276809506880312, 24.56092770618136 ], [ 91.276700457538993, 24.560496085439407 ], [ 91.276545677235433, 24.560076318767983 ], [ 91.276346657003998, 24.559672448635443 ], [ 91.276105313871426, 24.559288364381825 ], [ 91.275823972381261, 24.5589277647682 ], [ 91.275505342196553, 24.558594122362511 ], [ 91.275152491997034, 24.558290650104652 ], [ 91.274768819922357, 24.558020270372474 ], [ 91.274358020846108, 24.557785586846432 ], [ 91.273924050795983, 24.557588859443278 ], [ 91.273471088862479, 24.557431982560072 ], [ 91.273365786910006, 24.557405968499033 ], [ 91.2695270338575, 24.555132988496183 ], [ 91.269349498740198, 24.555023360329063 ], [ 91.269312336468204, 24.555002765421989 ], [ 91.269277107276778, 24.554979501369747 ], [ 91.263821689041876, 24.551736902466835 ], [ 91.263813345304584, 24.551732459597599 ], [ 91.263805495826134, 24.551727318106995 ], [ 91.262895070240688, 24.55119076064582 ], [ 91.260693357140738, 24.549680236994543 ], [ 91.25919829768354, 24.54865097275836 ], [ 91.257127687912231, 24.546821780118432 ], [ 91.257555495559458, 24.546843406518192 ], [ 91.257608010311358, 24.546843700540016 ], [ 91.257660345140707, 24.546847684278546 ], [ 91.257850059232183, 24.546845055497251 ], [ 91.258039791554211, 24.546846117321415 ], [ 91.258092084934503, 24.546841701510658 ], [ 91.258144594654837, 24.546840973780771 ], [ 91.258333113467202, 24.546821348094369 ], [ 91.258522045890274, 24.546805393606832 ], [ 91.258573614231054, 24.546796310490947 ], [ 91.2586257930908, 24.546790878299507 ], [ 91.262269602542489, 24.546244692020501 ], [ 91.266470243581523, 24.545828549775251 ], [ 91.26669659614771, 24.545795776544942 ], [ 91.266923134193092, 24.545764093915889 ], [ 91.266935740440147, 24.54576115082908 ], [ 91.266948590822508, 24.545759290210079 ], [ 91.267170341247265, 24.545706380101372 ], [ 91.267392393095065, 24.545654538711513 ], [ 91.267404623242498, 24.545650479524923 ], [ 91.267417212347752, 24.545647475704559 ], [ 91.267632224837854, 24.545574938309592 ], [ 91.267847651795705, 24.54550343746094 ], [ 91.267859388049303, 24.545498301269923 ], [ 91.267871594625674, 24.545494183179084 ], [ 91.268077798301192, 24.545402717130191 ], [ 91.268284525502722, 24.545312245474616 ], [ 91.268295654826431, 24.545306081747633 ], [ 91.268307361307592, 24.545300889049269 ], [ 91.268502770152679, 24.545191375288638 ], [ 91.268698806546993, 24.545082804193409 ], [ 91.268709221751848, 24.545075672295454 ], [ 91.268720315389558, 24.54506945500248 ], [ 91.268903047384597, 24.544942948295763 ], [ 91.269086504917652, 24.544817323448456 ], [ 91.269096105694416, 24.544809292069143 ], [ 91.269106479644577, 24.544802110062605 ], [ 91.269274774896658, 24.544659828837382 ], [ 91.269443886697999, 24.544518360172109 ], [ 91.269452580583305, 24.544509506664006 ], [ 91.26946213493531, 24.54450142911616 ], [ 91.269614372630528, 24.544344743723549 ], [ 91.269767510031684, 24.54418879376535 ], [ 91.26977521329863, 24.544179203398745 ], [ 91.269783856037606, 24.544170308106704 ], [ 91.269918570051217, 24.544000727620642 ], [ 91.270054258272452, 24.543831798359001 ], [ 91.270060896736993, 24.543821563500501 ], [ 91.27006854463005, 24.54381193613677 ], [ 91.270184437645938, 24.543631093816511 ], [ 91.270301369998322, 24.543450812236483 ], [ 91.270306879733539, 24.543440031459234 ], [ 91.270313459131302, 24.543429764746389 ], [ 91.270409415133656, 24.543239402303467 ], [ 91.270506465600945, 24.543049504712684 ], [ 91.270510793552546, 24.543038281846808 ], [ 91.270516241098207, 24.543027474664338 ], [ 91.270591336115743, 24.542829425485099 ], [ 91.27066757019432, 24.542631740788362 ], [ 91.27067067469126, 24.542620183920853 ], [ 91.270674937930593, 24.542608940352643 ], [ 91.270728448929759, 24.542405111837674 ], [ 91.270783132622654, 24.542201543920804 ], [ 91.270784983778071, 24.542189764354429 ], [ 91.270788021664202, 24.542178192686173 ], [ 91.270819433505551, 24.541970547878556 ], [ 91.270852040384582, 24.541763057269492 ], [ 91.270899664735694, 24.541299407439578 ], [ 91.273352497372315, 24.537305304319968 ], [ 91.273415685718419, 24.537189433607463 ], [ 91.27348398900844, 24.537076017510454 ], [ 91.273523709745064, 24.536991345520857 ], [ 91.273568672055731, 24.536908896066777 ], [ 91.273619140195578, 24.536787917572518 ], [ 91.273674961669116, 24.536668923246005 ], [ 91.273705418300324, 24.536581097447716 ], [ 91.273741329407102, 24.536495013500794 ], [ 91.273778591404138, 24.536370092365782 ], [ 91.2738213935678, 24.536246665841151 ], [ 91.273842292858234, 24.536156532078177 ], [ 91.273868806993548, 24.536067642707419 ], [ 91.273892504112638, 24.535939982033376 ], [ 91.273921874875398, 24.535813312017389 ], [ 91.273933015643834, 24.535721738353484 ], [ 91.273949877550493, 24.535630899638704 ], [ 91.273959781708129, 24.535501728899781 ], [ 91.273975438345431, 24.535373035325172 ], [ 91.274061189358775, 24.534104229838878 ], [ 91.274067318969017, 24.533661270365013 ], [ 91.274025957313896, 24.533219894231962 ], [ 91.273937503225071, 24.532784352122111 ], [ 91.273802809039779, 24.532358838489145 ], [ 91.273623172374087, 24.531947451165351 ], [ 91.273400323609238, 24.531554151900913 ], [ 91.27313640921254, 24.53118272821531 ], [ 91.272833971053714, 24.530836756927837 ], [ 91.272495921916487, 24.530519569718329 ], [ 91.272125517441523, 24.530234221049469 ], [ 91.271726324771208, 24.529983458759197 ], [ 91.271302188198305, 24.52976969760622 ], [ 91.270857192149009, 24.529594996022979 ], [ 91.270395621857006, 24.529461036299644 ], [ 91.26992192210669, 24.529369108389773 ], [ 91.269440654442377, 24.52932009749312 ], [ 91.268956453255257, 24.529314475535173 ], [ 91.268473981170018, 24.529352296625191 ], [ 91.267997884160351, 24.529433196536349 ], [ 91.267532746824784, 24.529556396213081 ], [ 91.267083048252715, 24.529720709271615 ], [ 91.266653118905168, 24.529924553421878 ], [ 91.266247098924779, 24.530165965700625 ], [ 91.265868898275912, 24.530442621369378 ], [ 91.265522159098424, 24.530751856295566 ], [ 91.265210220637229, 24.531090692601335 ], [ 91.264936087085189, 24.531455867333595 ], [ 91.264702398648978, 24.531843863879356 ], [ 91.264511406116682, 24.532250945824185 ], [ 91.26436494917219, 24.532673192928119 ], [ 91.264264438665805, 24.533106538872662 ], [ 91.264210843011838, 24.533546810415888 ], [ 91.264194777144766, 24.533784256838626 ], [ 91.262935727701461, 24.535834233430325 ], [ 91.262835334923878, 24.535918214614433 ], [ 91.262664066722024, 24.53606020665617 ], [ 91.262656668476595, 24.536067673309319 ], [ 91.262648538884989, 24.536074473890288 ], [ 91.262494074618374, 24.536231770257746 ], [ 91.262338844610966, 24.536388434691013 ], [ 91.262332281996521, 24.536396528726222 ], [ 91.262324920188249, 24.536404025469906 ], [ 91.262188053077111, 24.536574413873005 ], [ 91.262050356228869, 24.536744242040797 ], [ 91.262044692449081, 24.536752885513277 ], [ 91.262038169323461, 24.536761006226993 ], [ 91.26192021752432, 24.536942845839711 ], [ 91.261801379992249, 24.537124202309002 ], [ 91.261796669596649, 24.537133311982377 ], [ 91.261791047978207, 24.537141978464131 ], [ 91.261753819674908, 24.537214814762226 ], [ 91.261073138269509, 24.537282241324345 ], [ 91.26094012499378, 24.537301496893672 ], [ 91.260806320609476, 24.537315430561335 ], [ 91.25756182727298, 24.53780178196801 ], [ 91.256555228963521, 24.537750895151603 ], [ 91.256431742759773, 24.537750203325391 ], [ 91.25630843599285, 24.537744076935351 ], [ 91.256189758259879, 24.537748847324195 ], [ 91.256070968240437, 24.537748181522019 ], [ 91.255948002510664, 24.537758564685358 ], [ 91.255824633047453, 24.537763523364795 ], [ 91.254997836234224, 24.537834060719689 ], [ 91.254910241272199, 24.536778827447044 ], [ 91.255301456305205, 24.533790764932355 ], [ 91.25573267167654, 24.531022486378731 ], [ 91.255745807867285, 24.530892880229842 ], [ 91.255764670838659, 24.530763867075699 ], [ 91.255768148477713, 24.530672459307493 ], [ 91.25577737903528, 24.530581386828892 ], [ 91.255776565300181, 24.530451226874614 ], [ 91.255781514314492, 24.530321143552211 ], [ 91.25577518136582, 24.530229864102807 ], [ 91.255774609552248, 24.530138402477604 ], [ 91.255759853874267, 24.530008942239931 ], [ 91.255750841415974, 24.529879041532464 ], [ 91.255734758972451, 24.529788769475136 ], [ 91.255724390397759, 24.529697799531565 ], [ 91.255695835028064, 24.529570285780864 ], [ 91.255672948038111, 24.529441818699809 ], [ 91.255653205752807, 24.529373854058868 ], [ 91.255675139765131, 24.5291180814028 ], [ 91.255914854677371, 24.528118007766768 ], [ 91.256100269262362, 24.527467973099107 ], [ 91.256130373702931, 24.527411352204275 ], [ 91.256211510320298, 24.527237548128038 ], [ 91.256295377498532, 24.527064832280587 ], [ 91.256306572901167, 24.527033912296393 ], [ 91.25632055654772, 24.527003957526503 ], [ 91.25638268034416, 24.526823714749231 ], [ 91.256447638188149, 24.526644310106835 ], [ 91.256563023745116, 24.526264045995436 ], [ 91.25672122616696, 24.526027915615209 ], [ 91.256782764438555, 24.525925054046482 ], [ 91.256849432882575, 24.52582490406661 ], [ 91.256898935540761, 24.525730872830252 ], [ 91.256953708020106, 24.525639319801328 ], [ 91.257003928976829, 24.525531435253345 ], [ 91.257059545926964, 24.525425789201357 ], [ 91.257098735391949, 24.525327771727454 ], [ 91.257143434817834, 24.525231747969404 ], [ 91.257181854886454, 24.525119879479231 ], [ 91.257225884800917, 24.525009754833548 ], [ 91.25725438373874, 24.524908695125074 ], [ 91.257288579710846, 24.524809125439944 ], [ 91.257314828985713, 24.524694350404665 ], [ 91.257346847931231, 24.524580807767517 ], [ 91.257364381978476, 24.524477679118327 ], [ 91.257387745265845, 24.524375522450029 ], [ 91.257401571067518, 24.524258946249105 ], [ 91.257421270798289, 24.524143079130837 ], [ 91.25742767120056, 24.524038874750975 ], [ 91.257439976908671, 24.523935114948852 ], [ 91.25744124621292, 24.52381786029753 ], [ 91.257448437134698, 24.523700784584161 ], [ 91.257443642367718, 24.523596508033833 ], [ 91.257444772100172, 24.523492144376643 ], [ 91.257433472814256, 24.523375340512718 ], [ 91.257428085805486, 24.523258183718486 ], [ 91.25742498888701, 24.523227179149416 ], [ 91.259521250588207, 24.520636051108703 ], [ 91.25978986609563, 24.520267475429609 ], [ 91.260017699067831, 24.519876586032069 ], [ 91.260202555601154, 24.519467147596341 ], [ 91.260342655757725, 24.519043103416298 ], [ 91.260436650694388, 24.518608537416515 ], [ 91.260483635637556, 24.518167634816173 ], [ 91.260483158579433, 24.517724641818859 ], [ 91.260435224612479, 24.517283824716607 ], [ 91.260340295861297, 24.51684942880209 ], [ 91.260199287013066, 24.516425637484843 ], [ 91.260013556490478, 24.516016532005022 ], [ 91.259784893352958, 24.515626052132781 ], [ 91.259515500052586, 24.515257958231498 ], [ 91.259207971211794, 24.514915795049948 ], [ 91.258865268627375, 24.514602857592031 ], [ 91.258490692741873, 24.514322159392343 ], [ 91.258087850857478, 24.514076403502763 ], [ 91.257660622398291, 24.513867956469255 ], [ 91.257213121555651, 24.513698825549124 ], [ 91.256749657675996, 24.513570639387698 ], [ 91.256274693772056, 24.513484632340511 ], [ 91.255792803557085, 24.513441632591348 ], [ 91.255308627414593, 24.513442054180722 ], [ 91.254826827727527, 24.513485893021105 ], [ 91.254352043996079, 24.513572726937369 ], [ 91.253888848175777, 24.513701719731902 ], [ 91.253441700665121, 24.513871629235329 ], [ 91.253014907366051, 24.514080819265381 ], [ 91.252612578230156, 24.514327275378886 ], [ 91.252238587689035, 24.514608624265364 ], [ 91.251896537349936, 24.514922156595784 ], [ 91.251589721315, 24.515264853106615 ], [ 91.248686880559035, 24.518852675129899 ], [ 91.248657651795355, 24.518892774483145 ], [ 91.248625144920581, 24.51893070285 ], [ 91.248523385335488, 24.519076976109101 ], [ 91.248418237236109, 24.519221229450824 ], [ 91.248393445062121, 24.519263756776063 ], [ 91.248365157971548, 24.519304417529924 ], [ 91.248279558688552, 24.519459111635893 ], [ 91.24819037082888, 24.519612099411486 ], [ 91.248170254032118, 24.519656645170155 ], [ 91.248146459168069, 24.519699646748411 ], [ 91.248077844655896, 24.519861271991818 ], [ 91.248005476067505, 24.52002152092227 ], [ 91.247990228418018, 24.520067656134746 ], [ 91.24797115496942, 24.520112584429256 ], [ 91.2479201861549, 24.520279584340592 ], [ 91.247865333920899, 24.520445551208255 ], [ 91.247855102303717, 24.520492831584448 ], [ 91.24784093399775, 24.520539253928838 ], [ 91.247808101895671, 24.52071002026549 ], [ 91.247771294432255, 24.520880106773479 ], [ 91.247766177431259, 24.520928076990941 ], [ 91.247757050762445, 24.520975546326671 ], [ 91.247553795157998, 24.522455036669754 ], [ 91.247551546627591, 24.522482071137052 ], [ 91.247474843862335, 24.52264681716008 ], [ 91.247391980048391, 24.522817444327849 ], [ 91.247379997941636, 24.52285053125274 ], [ 91.247365067716927, 24.52288259895192 ], [ 91.247303879960242, 24.523060720022293 ], [ 91.247239695261186, 24.523237956128618 ], [ 91.247059279325356, 24.52383239484092 ], [ 91.247012260484595, 24.523920816725919 ], [ 91.24701118342719, 24.5239231235578 ], [ 91.247009867074595, 24.523925324037702 ], [ 91.246916082749266, 24.524126808943112 ], [ 91.246822053683644, 24.524328198397761 ], [ 91.24682122895652, 24.524330590702309 ], [ 91.246820154691491, 24.524332898624746 ], [ 91.246748408217869, 24.524541823045961 ], [ 91.246676408020747, 24.52475067442127 ], [ 91.246675843568624, 24.524753129160182 ], [ 91.246675021738824, 24.524755522299593 ], [ 91.246341581943, 24.525924209599975 ], [ 91.246321674373718, 24.52601126279631 ], [ 91.246296210682928, 24.526097095627446 ], [ 91.245962761540085, 24.527487782303613 ], [ 91.245946611912942, 24.527575507989404 ], [ 91.245924857395508, 24.527662214347092 ], [ 91.245906425817736, 24.527793800485327 ], [ 91.245882342740771, 24.52792462029662 ], [ 91.245875669860013, 24.528013371678426 ], [ 91.245863309859303, 24.52810161122494 ], [ 91.245733151663558, 24.529618003753171 ], [ 91.245726467372194, 24.529826815182361 ], [ 91.245718507990503, 24.530035589184553 ], [ 91.245719380976738, 24.530048186439878 ], [ 91.245718977083499, 24.530060803575807 ], [ 91.2457346977843, 24.530269208880025 ], [ 91.2457491455949, 24.530477691270754 ], [ 91.245751364103967, 24.530490149587504 ], [ 91.245752314007959, 24.530502742184169 ], [ 91.245790288537222, 24.530708734308508 ], [ 91.24580237362693, 24.530776599419902 ], [ 91.245523383008845, 24.53256673801922 ], [ 91.2455182844094, 24.53261700093087 ], [ 91.245509038286684, 24.532666766093225 ], [ 91.245053607156706, 24.536143244067283 ], [ 91.24503686138101, 24.536361140289717 ], [ 91.245019792149904, 24.536579015502827 ], [ 91.245019881448044, 24.536582082255109 ], [ 91.245019646256893, 24.536585142541799 ], [ 91.245026328459616, 24.53680349100485 ], [ 91.245032686593788, 24.537021847560606 ], [ 91.245203587790158, 24.539082593886754 ], [ 91.245143023486278, 24.539129968967039 ], [ 91.244807590235396, 24.539449484140871 ], [ 91.244508007136673, 24.539797535361902 ], [ 91.244247159426322, 24.54017077093134 ] ] ], [ [ [ 91.24791990270927, 24.562937006413698 ], [ 91.247445355935866, 24.563025747241735 ], [ 91.246982603992365, 24.563156599563087 ], [ 91.246536103003564, 24.563328303302082 ], [ 91.246110152646949, 24.563539204998847 ], [ 91.24570885475876, 24.563787273727588 ], [ 91.245336073842523, 24.564070120648871 ], [ 91.24499539985996, 24.564385022007869 ], [ 91.244690113662458, 24.564728945357295 ], [ 91.244423155395637, 24.565098578752924 ], [ 91.244197096181352, 24.565490362640727 ], [ 91.244014113349962, 24.565900524128978 ], [ 91.243875969461541, 24.566325113315507 ], [ 91.243783995318651, 24.566760041320642 ], [ 91.243739077134521, 24.567201119659678 ], [ 91.243741647980968, 24.567644100576114 ], [ 91.243791683599056, 24.568084717947162 ], [ 91.243888702613518, 24.568518728367874 ], [ 91.244031771149594, 24.568941952018189 ], [ 91.244219511808723, 24.569350312919255 ], [ 91.244450116917022, 24.569739878191307 ], [ 91.244721365919958, 24.570106895934906 ], [ 91.245030646756007, 24.570447831370398 ], [ 91.245374981003991, 24.5707594008874 ], [ 91.245751052562156, 24.571038603676065 ], [ 91.246155239583089, 24.571282750635135 ], [ 91.246583649356921, 24.571489490278204 ], [ 91.247032155806608, 24.571656831388122 ], [ 91.24749643923424, 24.571783162201285 ], [ 91.247972027935006, 24.571867265936614 ], [ 91.249353475102851, 24.572047774923462 ], [ 91.249452526885321, 24.572056207896686 ], [ 91.249550879370105, 24.572069866857149 ], [ 91.249693543596706, 24.572076727064978 ], [ 91.249835789879128, 24.572088837143323 ], [ 91.249935268595877, 24.572088350438559 ], [ 91.250034611517478, 24.572093127241246 ], [ 91.252328092070158, 24.572100331056635 ], [ 91.252519510242678, 24.572105485869848 ], [ 91.252896184672764, 24.572280655461178 ], [ 91.253585502454371, 24.572691878343587 ], [ 91.253630312836748, 24.572715829701988 ], [ 91.253672971052211, 24.572742868607374 ], [ 91.253839333059403, 24.572827551696822 ], [ 91.254003712741522, 24.572915412841756 ], [ 91.254050874628646, 24.572935232074904 ], [ 91.254096225644346, 24.572958316906885 ], [ 91.254533435423468, 24.573155823745481 ], [ 91.254645725652139, 24.573200422757296 ], [ 91.254755515184229, 24.573249955867059 ], [ 91.254986220944559, 24.573341459171512 ], [ 91.255087670035607, 24.57337639401878 ], [ 91.255186897901012, 24.573416309336039 ], [ 91.25522550960936, 24.573429814697736 ], [ 91.255457108110704, 24.573645701305736 ], [ 91.255593979999915, 24.57376134699998 ], [ 91.255727951990266, 24.573879798706532 ], [ 91.255771801945812, 24.57391159169914 ], [ 91.25581290404746, 24.573946319465492 ], [ 91.2559615125992, 24.574049139279332 ], [ 91.256107535979325, 24.574155011535936 ], [ 91.25687565453913, 24.57465782771888 ], [ 91.257707478998299, 24.575245978283238 ], [ 91.258104784046083, 24.575499418000231 ], [ 91.258527341939327, 24.57571602378696 ], [ 91.258971082979627, 24.575893709404987 ], [ 91.259431733381618, 24.576030763460611 ], [ 91.259904856443967, 24.57612586589363 ], [ 91.260385895291989, 24.576178100696129 ], [ 91.260870216779949, 24.576186964738788 ], [ 91.261353156129076, 24.576152372619337 ], [ 91.261830061871066, 24.576074657486441 ], [ 91.262296340663582, 24.575954567830983 ], [ 91.262747501544879, 24.575793260275724 ], [ 91.263179199201332, 24.575592288432752 ], [ 91.263587275830062, 24.575353587936338 ], [ 91.26396780119309, 24.575079457795262 ], [ 91.264317110476782, 24.574772538244758 ], [ 91.264631839591587, 24.57443578531144 ], [ 91.264908957572089, 24.574072442336544 ], [ 91.265145795764894, 24.573686008732086 ], [ 91.265340073523731, 24.573280206271114 ], [ 91.265489920164271, 24.572858943237112 ], [ 91.265593892967672, 24.572426276777996 ], [ 91.265650991059871, 24.571986373827631 ], [ 91.26566066503365, 24.571543470971417 ], [ 91.265622822221289, 24.571101833642551 ], [ 91.265537827567883, 24.570665715042239 ], [ 91.265406500097583, 24.57023931517929 ], [ 91.265230105007561, 24.569826740423757 ], [ 91.265010341466422, 24.569431963963947 ], [ 91.264749326235503, 24.569058787547519 ], [ 91.26444957327098, 24.568710804874943 ], [ 91.264113969504052, 24.568391366997577 ], [ 91.26374574703263, 24.56810355005338 ], [ 91.262841854941314, 24.56746446846163 ], [ 91.262767102898621, 24.567416785306477 ], [ 91.26269568321166, 24.56736500615223 ], [ 91.262202945341855, 24.567042469350309 ], [ 91.261874712603728, 24.566736519599424 ], [ 91.261778397412982, 24.566655144463013 ], [ 91.261686187228634, 24.566569884924693 ], [ 91.261314987708587, 24.566258793102431 ], [ 91.26123559083895, 24.566198532604563 ], [ 91.261160033236763, 24.566134276018083 ], [ 91.261049330244461, 24.566057164484437 ], [ 91.260942246913274, 24.565975890106355 ], [ 91.260856774289252, 24.565923036854173 ], [ 91.260774694170536, 24.565865862605673 ], [ 91.260656260280172, 24.565799045717689 ], [ 91.260540982476002, 24.565727761565814 ], [ 91.260450257215936, 24.565682824518557 ], [ 91.260362445031021, 24.565633283179242 ], [ 91.26023742077372, 24.565577404358827 ], [ 91.260115058634696, 24.565516796875446 ], [ 91.260019954423342, 24.565480208757972 ], [ 91.25992725580582, 24.565438777392583 ], [ 91.259554365184115, 24.565292382694512 ], [ 91.259529968228122, 24.565284075869172 ], [ 91.259506459873052, 24.565273848042064 ], [ 91.259173868407245, 24.565147052675634 ], [ 91.25910493687617, 24.565124335737572 ], [ 91.259037867239442, 24.565097356943223 ], [ 91.258814607740049, 24.565019268631456 ], [ 91.258795659151474, 24.565011753346269 ], [ 91.258732269587526, 24.564983118248222 ], [ 91.258067044829275, 24.564586279482921 ], [ 91.258046981694434, 24.564575555833002 ], [ 91.258028037030996, 24.564563247740541 ], [ 91.257837929432384, 24.564463818134751 ], [ 91.257648853255489, 24.564362757173551 ], [ 91.257627737506709, 24.564353883623227 ], [ 91.257607565036537, 24.564343332999648 ], [ 91.256185995900481, 24.563682255659099 ], [ 91.256090025780679, 24.563642920153345 ], [ 91.255996592858494, 24.56359877007359 ], [ 91.2558691514255, 24.56355238952688 ], [ 91.255743985512296, 24.563501087092472 ], [ 91.255644262079144, 24.563470543820362 ], [ 91.255546547644926, 24.563434981720921 ], [ 91.255414749456833, 24.563400248440779 ], [ 91.255284688346237, 24.563360412993244 ], [ 91.25518217191113, 24.563338956068293 ], [ 91.255081116930953, 24.56331232439425 ], [ 91.254946231164141, 24.563289572839654 ], [ 91.254812527304836, 24.563261587972374 ], [ 91.254708205064361, 24.563249424008912 ], [ 91.254604782662241, 24.563231979207607 ], [ 91.253789410633459, 24.563131984288489 ], [ 91.253775376602931, 24.563130900843412 ], [ 91.253761511928246, 24.563128636799764 ], [ 91.253534083326727, 24.563112272487928 ], [ 91.253306760510341, 24.563094722324781 ], [ 91.253292677948508, 24.563094902117705 ], [ 91.253278637403724, 24.563093891815615 ], [ 91.252554463232769, 24.563074393948533 ], [ 91.252490239551847, 24.563075548514973 ], [ 91.25242609200042, 24.56307246513494 ], [ 91.250410839765806, 24.563066146008619 ], [ 91.249368312139069, 24.562929925532025 ], [ 91.248886032492635, 24.562888863735353 ], [ 91.248401674638913, 24.562891231639156 ], [ 91.24791990270927, 24.562937006413698 ] ] ], [ [ [ 91.322803866157187, 24.683045977149668 ], [ 91.322553735824201, 24.682666485128877 ], [ 91.322264101033724, 24.682311220982339 ], [ 91.321937751298947, 24.681983605889233 ], [ 91.32157782962247, 24.681686794739612 ], [ 91.321187802224514, 24.681423645759665 ], [ 91.320771425162221, 24.681196692994209 ], [ 91.320332708161288, 24.681008121910967 ], [ 91.319875876008467, 24.680859748361531 ], [ 91.319405327875842, 24.680753001100971 ], [ 91.318925594968761, 24.680688908034483 ], [ 91.318441296904339, 24.680668086323013 ], [ 91.317957097240182, 24.680690736443182 ], [ 91.31747765858097, 24.680756640258359 ], [ 91.317007597694229, 24.680865163119641 ], [ 91.316551441067176, 24.681015259976245 ], [ 91.316113581331706, 24.681205485436756 ], [ 91.315698234976466, 24.681434007684246 ], [ 91.315309401752941, 24.681698626111636 ], [ 91.314950826165571, 24.681996792507551 ], [ 91.314625961416795, 24.68232563558896 ], [ 91.314338211652938, 24.682681647790599 ], [ 91.314330778287186, 24.682683116581696 ], [ 91.314183132426564, 24.682726501306178 ], [ 91.314033898848365, 24.682765085474134 ], [ 91.313952480886158, 24.682794276323531 ], [ 91.313869218767692, 24.682818742090468 ], [ 91.313430596843943, 24.68296969917732 ], [ 91.313237935259892, 24.683013487863231 ], [ 91.312773740965724, 24.683141389217152 ], [ 91.312325501626162, 24.683310245122939 ], [ 91.31189753365382, 24.683518429546059 ], [ 91.311493958309271, 24.683763937729118 ], [ 91.311118662022693, 24.684044405492134 ], [ 91.310775258973919, 24.684357131993316 ], [ 91.31046705629096, 24.684699105731323 ], [ 91.310197022201592, 24.685067033538974 ], [ 91.309967757445236, 24.68545737228958 ], [ 91.309781470220088, 24.685866363010739 ], [ 91.309639954907269, 24.686290067077476 ], [ 91.309544574777121, 24.686724404136484 ], [ 91.309496248844752, 24.687165191396442 ], [ 91.309495443002163, 24.687608183906285 ], [ 91.30954216551261, 24.688049115433646 ], [ 91.309635966911785, 24.688483739549945 ], [ 91.309775944317195, 24.68890787052645 ], [ 91.309960750105134, 24.689317423647523 ], [ 91.310188604872295, 24.68970845455252 ], [ 91.310457314557851, 24.690077197227577 ], [ 91.310764291561796, 24.690420100281013 ], [ 91.311106579656354, 24.690733861152783 ], [ 91.311480882451178, 24.691015457928202 ], [ 91.311883595138212, 24.691262178449396 ], [ 91.312310839210497, 24.691471646443546 ], [ 91.312758499820589, 24.691641844416139 ], [ 91.313222265418617, 24.691771133088348 ], [ 91.313528095590343, 24.691827187166112 ], [ 91.313555444347642, 24.691897158781657 ], [ 91.31355803216141, 24.691907948784085 ], [ 91.313560963976471, 24.691962512587573 ], [ 91.31356020491873, 24.692056817902419 ], [ 91.313572844105536, 24.692183612631876 ], [ 91.313579677003872, 24.692310778959918 ], [ 91.313594819498249, 24.692404066581542 ], [ 91.313604181609506, 24.692497985760166 ], [ 91.313630363137023, 24.692623038085184 ], [ 91.313650806209168, 24.692748980175548 ], [ 91.31367588423042, 24.692840462566974 ], [ 91.3136952774543, 24.692933091110746 ], [ 91.313734749319124, 24.693055196695259 ], [ 91.313768605826695, 24.693178701642285 ], [ 91.313803377958862, 24.693267497762807 ], [ 91.313832615628542, 24.693357943593327 ], [ 91.31388499782345, 24.693475926467841 ], [ 91.313931941839101, 24.693595804824614 ], [ 91.313976073296686, 24.69368105949518 ], [ 91.314014873928642, 24.693768451545978 ], [ 91.31407966209737, 24.693881175433784 ], [ 91.314139241638642, 24.693996272668254 ], [ 91.314192307487417, 24.694077164808188 ], [ 91.314240297488823, 24.694160661414493 ], [ 91.314422690556569, 24.69444336617309 ], [ 91.314520482842312, 24.694579228493396 ], [ 91.314614357829029, 24.694717377951449 ], [ 91.314653629864125, 24.694764208416757 ], [ 91.314689109842433, 24.694813500314769 ], [ 91.314801008003613, 24.694939951069415 ], [ 91.314909253126046, 24.695069028743674 ], [ 91.314953360560594, 24.695112116876398 ], [ 91.314993958275679, 24.69515799416914 ], [ 91.315118884726587, 24.695273815490943 ], [ 91.315240457578042, 24.695392578213344 ], [ 91.315288975644521, 24.695431509022065 ], [ 91.315334300133273, 24.695473529856596 ], [ 91.315471051783206, 24.695577606241336 ], [ 91.315604781568041, 24.695684910178421 ], [ 91.315657243009042, 24.695719308708302 ], [ 91.315706857773918, 24.695757068370323 ], [ 91.315854117612616, 24.69584839742279 ], [ 91.315998716421078, 24.695943209094608 ], [ 91.316054615989302, 24.695972744039512 ], [ 91.316108043201879, 24.696005878852215 ], [ 91.316264392983982, 24.696083580943203 ], [ 91.316418468196019, 24.696164987179362 ], [ 91.316477267520568, 24.696189374073654 ], [ 91.316533992623846, 24.696217564901293 ], [ 91.316697926529272, 24.696280891641912 ], [ 91.316859994228494, 24.696348108379144 ], [ 91.31771333893542, 24.69665683982792 ], [ 91.317746967129864, 24.696696254168188 ], [ 91.3177698707117, 24.696718257437031 ], [ 91.317790653798625, 24.696741952643933 ], [ 91.318028651481157, 24.696987558336687 ], [ 91.318183336544337, 24.697132217496172 ], [ 91.318336663038593, 24.697278079005208 ], [ 91.318352726876, 24.697290628255796 ], [ 91.31836749672496, 24.697304440722998 ], [ 91.318536958002767, 24.6974345513919 ], [ 91.318602512348079, 24.697485762949448 ], [ 91.318640832108969, 24.697526764007645 ], [ 91.318711661308924, 24.697588997256723 ], [ 91.318778392971652, 24.697654901951623 ], [ 91.318886307080319, 24.697742447329492 ], [ 91.31899032675318, 24.697833842498788 ], [ 91.319067492184573, 24.697889433405333 ], [ 91.319140973720081, 24.697949045007348 ], [ 91.319257761368192, 24.698026505248134 ], [ 91.319371086382219, 24.698108145483605 ], [ 91.319453844885672, 24.69815655863135 ], [ 91.31953336861649, 24.69820930300143 ], [ 91.319657905042064, 24.698275932054539 ], [ 91.319779443983919, 24.698347031048286 ], [ 91.319866998516346, 24.698387800148367 ], [ 91.319951798555579, 24.698433169283827 ], [ 91.32008288434379, 24.698488325412356 ], [ 91.320211466667502, 24.698548198377665 ], [ 91.320302973979082, 24.698580930760784 ], [ 91.320392233607819, 24.698618487689561 ], [ 91.320528606244366, 24.698661639653061 ], [ 91.320662993546506, 24.698709709921705 ], [ 91.320757572303933, 24.698734090321516 ], [ 91.320850431838167, 24.698763473311853 ], [ 91.32099077787106, 24.698794205484539 ], [ 91.32112967582087, 24.698830010062792 ], [ 91.321226415097513, 24.698845803653331 ], [ 91.321321980170055, 24.698866729699027 ], [ 91.32146494786349, 24.698884746074555 ], [ 91.321607018671656, 24.698907940103808 ], [ 91.321704986723333, 24.698914994762202 ], [ 91.321802336900177, 24.69892726230929 ], [ 91.321946549256992, 24.698932389352883 ], [ 91.322090424564507, 24.698942749432454 ], [ 91.322188677806565, 24.698940997204858 ], [ 91.32228687545431, 24.698944488093563 ], [ 91.322430943482786, 24.698936676414334 ], [ 91.3225752375442, 24.698934102754063 ], [ 91.322578610908053, 24.698933890981923 ], [ 91.322584417783318, 24.698964750370632 ], [ 91.322713018731349, 24.69939188222569 ], [ 91.322886828613122, 24.699805441570547 ], [ 91.323021885796436, 24.700051516518112 ], [ 91.323025506777824, 24.700061456763009 ], [ 91.323050078360623, 24.700145321417576 ], [ 91.323102020885614, 24.700271501387665 ], [ 91.323148615773462, 24.700399412180509 ], [ 91.323187316846699, 24.700478703741116 ], [ 91.323220768260427, 24.700559964280838 ], [ 91.323285999054775, 24.700680885425495 ], [ 91.323346093675553, 24.70080400791522 ], [ 91.323393115969594, 24.700879452147937 ], [ 91.323435125134424, 24.700957325962086 ], [ 91.323449666719796, 24.700981245148778 ], [ 91.32349633659129, 24.701069958002048 ], [ 91.323538347904091, 24.701140698905952 ], [ 91.323554462762317, 24.701172724874198 ], [ 91.32362429491981, 24.70132173137711 ], [ 91.323655681484411, 24.701373882170703 ], [ 91.323682890589311, 24.701427956143309 ], [ 91.323772440934846, 24.70156788508303 ], [ 91.323857924580921, 24.701709920932654 ], [ 91.323894755592718, 24.70175901008578 ], [ 91.323927635598267, 24.701810387228299 ], [ 91.324031768623172, 24.701941623557456 ], [ 91.32413208060656, 24.702075320803765 ], [ 91.324174001393459, 24.702120875535041 ], [ 91.32420398468426, 24.702158662557586 ], [ 91.324224441747404, 24.702194023978791 ], [ 91.324341477510529, 24.702374316187164 ], [ 91.324457471350513, 24.702555169572552 ], [ 91.324641565841532, 24.702812374310483 ], [ 91.324772454142277, 24.702976999259317 ], [ 91.324901897299029, 24.703142575186675 ], [ 91.32491491606558, 24.703156180352671 ], [ 91.324926540772665, 24.703170801268715 ], [ 91.325074462795214, 24.703322913166261 ], [ 91.325221048696989, 24.70347610086684 ], [ 91.325235464596119, 24.703488474760569 ], [ 91.325248602131737, 24.703501984343362 ], [ 91.325412133352671, 24.703640118168675 ], [ 91.325574450335353, 24.70377944225833 ], [ 91.325590124534955, 24.703790465703335 ], [ 91.325604648380121, 24.703802733838941 ], [ 91.325782213905796, 24.703925559184285 ], [ 91.325958698760985, 24.704049677790351 ], [ 91.325975480306809, 24.704059244615724 ], [ 91.325991250587549, 24.704070153145814 ], [ 91.326181140320998, 24.704176487033127 ], [ 91.326370093351045, 24.704284204721514 ], [ 91.326387820620624, 24.704292222784744 ], [ 91.326404685455117, 24.704301666644959 ], [ 91.326605070567439, 24.704390484922826 ], [ 91.326804671955884, 24.704480764214392 ], [ 91.326823174215093, 24.704487156289041 ], [ 91.326840971176736, 24.70449504452117 ], [ 91.327049921722306, 24.704565491731312 ], [ 91.327072364679012, 24.704573245173105 ], [ 91.327125962178101, 24.704594171504709 ], [ 91.327168129526981, 24.704606329321241 ], [ 91.327258249064087, 24.704637463097587 ], [ 91.327323650990493, 24.704656763855798 ], [ 91.327456847841347, 24.704689573075726 ], [ 91.327588405041524, 24.70472750365332 ], [ 91.327690813041059, 24.70474720336156 ], [ 91.327791858192938, 24.704772092666293 ], [ 91.327927934160627, 24.704792816861463 ], [ 91.32806292787771, 24.704818784574304 ], [ 91.328166956573071, 24.704829219355286 ], [ 91.328270185815157, 24.704844940778031 ], [ 91.328407830282885, 24.704853380333809 ], [ 91.328544960323669, 24.70486713506693 ], [ 91.328649607758251, 24.704868204410666 ], [ 91.328754026834133, 24.704874606525312 ], [ 91.32889191407061, 24.70487068014662 ], [ 91.329029859658547, 24.704872089414451 ], [ 91.329134117912204, 24.704863783014524 ], [ 91.329238721101589, 24.704860804154169 ], [ 91.329375523033988, 24.704844549649152 ], [ 91.329512955534298, 24.704833599872135 ], [ 91.329615820434526, 24.704815997725273 ], [ 91.32971960024274, 24.704803666576527 ], [ 91.32985399925218, 24.704775240492616 ], [ 91.329989594972915, 24.704752037128276 ], [ 91.330090075769718, 24.704725308763908 ], [ 91.330192032634727, 24.70470374409064 ], [ 91.330322734251027, 24.704663420206696 ], [ 91.330455187196449, 24.704628186733768 ], [ 91.330552316107827, 24.704592589580948 ], [ 91.330651468030581, 24.704561999080202 ], [ 91.330777213404048, 24.704510165769086 ], [ 91.330905247857132, 24.704463241534601 ], [ 91.330998089393006, 24.704419118442114 ], [ 91.331093481398497, 24.70437979674314 ], [ 91.331213059428038, 24.70431695323029 ], [ 91.331335442241027, 24.704258790180347 ], [ 91.331423102215879, 24.704206566113783 ], [ 91.331513815553393, 24.704158891939581 ], [ 91.331626074553881, 24.704085643493613 ], [ 91.331741627028435, 24.704016801819272 ], [ 91.331823261175543, 24.703956979766961 ], [ 91.331908422169519, 24.70390141228571 ], [ 91.332012280966495, 24.703818464387417 ], [ 91.332119890208347, 24.703739607127829 ], [ 91.332201290905161, 24.703673705402327 ], [ 91.332219914182375, 24.703657067893801 ], [ 91.332240060090186, 24.703641983384482 ], [ 91.332393223404864, 24.703502238004873 ], [ 91.332479253966554, 24.703425380343791 ], [ 91.332960397617029, 24.703384016560872 ], [ 91.333436410774993, 24.703299479150559 ], [ 91.333901060651456, 24.703172723993674 ], [ 91.334349871977437, 24.703004971913522 ], [ 91.334778522075354, 24.702797838593934 ], [ 91.335182882503304, 24.702553319014054 ], [ 91.335559058826107, 24.702273768228945 ], [ 91.335903428129328, 24.701961878681502 ], [ 91.336212673915, 24.701620654264474 ], [ 91.336483818042581, 24.701253381382656 ], [ 91.336714249407535, 24.700863597294251 ], [ 91.33690174908152, 24.700455056036738 ], [ 91.337044511672147, 24.700031692265576 ], [ 91.337141162697165, 24.699597583354443 ], [ 91.337190771806121, 24.699156910122156 ], [ 91.337192861722741, 24.698713916564788 ], [ 91.337147412822702, 24.698272868980872 ], [ 91.33705486330328, 24.697838014883569 ], [ 91.336926927052218, 24.697446647877548 ], [ 91.337005188207016, 24.697368079175945 ], [ 91.337294823354313, 24.697012789360421 ], [ 91.337544943639742, 24.696633273921119 ], [ 91.337753140477957, 24.696233188011352 ], [ 91.337917409114624, 24.695816384869211 ], [ 91.338036167922056, 24.695386878701292 ], [ 91.338108273616811, 24.694948806017432 ], [ 91.338133032253793, 24.694506385788831 ], [ 91.338110205891084, 24.694063878813527 ], [ 91.338040014862372, 24.693625546680654 ], [ 91.337923135635705, 24.693195610728896 ], [ 91.337760694279837, 24.692778211394121 ], [ 91.337554255602029, 24.692377368337947 ], [ 91.337305808062439, 24.691996941740879 ], [ 91.337017744610876, 24.691640595132711 ], [ 91.336692839631439, 24.691311760117859 ], [ 91.336334222216749, 24.69101360333519 ], [ 91.335945346030144, 24.690748995970051 ], [ 91.335529956045605, 24.690520486111936 ], [ 91.335460971781572, 24.690490521582014 ], [ 91.335334663725803, 24.690388249816362 ], [ 91.335154689655553, 24.690242309829337 ], [ 91.335153229082962, 24.690241341531397 ], [ 91.335151878551443, 24.69024024799911 ], [ 91.334957011620105, 24.690111257382558 ], [ 91.334762248160999, 24.68998213667177 ], [ 91.33476069074591, 24.689981303829605 ], [ 91.334759229406629, 24.689980336501968 ], [ 91.334551463151399, 24.689869417192625 ], [ 91.334343785910463, 24.689758359148623 ], [ 91.334342146650769, 24.689757669782132 ], [ 91.334340588576751, 24.689756837974254 ], [ 91.334121923795678, 24.689665058081204 ], [ 91.333903332703272, 24.689573132149793 ], [ 91.333901627384989, 24.689572592897278 ], [ 91.333899987580338, 24.6895719046191 ], [ 91.333594195689685, 24.689459808762795 ], [ 91.33354707613897, 24.689444943742785 ], [ 91.333504990190065, 24.689428209247069 ], [ 91.333524064465834, 24.689352607819874 ], [ 91.333567181027206, 24.689201934461771 ], [ 91.333631470946173, 24.688921731875844 ], [ 91.333641061026924, 24.688866578198557 ], [ 91.333655055094724, 24.68881221619192 ], [ 91.333679080703391, 24.688647922010357 ], [ 91.333707544778434, 24.688484220746719 ], [ 91.333711171652837, 24.688428473823659 ], [ 91.333719266229508, 24.688373120366666 ], [ 91.333762248144055, 24.687905218013036 ], [ 91.333779042715094, 24.687462486170705 ], [ 91.333748259974087, 24.687020382168278 ], [ 91.333670196877961, 24.686583163706665 ], [ 91.333545605702795, 24.686155041392013 ], [ 91.333375686780386, 24.685740138187057 ], [ 91.333162076921028, 24.68534244970817 ], [ 91.33290683363488, 24.684965805750331 ], [ 91.332612415304325, 24.684613833410353 ], [ 91.332281657498754, 24.684289922163259 ], [ 91.331917745660448, 24.68399719122791 ], [ 91.331524184424467, 24.683738459535782 ], [ 91.331104763868481, 24.683516218591897 ], [ 91.330663523017392, 24.683332608488776 ], [ 91.330204710953851, 24.68318939730424 ], [ 91.329732745909155, 24.683087964081029 ], [ 91.329252172727834, 24.683029285552074 ], [ 91.328767619115112, 24.683013926738688 ], [ 91.328283751087852, 24.683042035512436 ], [ 91.327805228057542, 24.6831133411727 ], [ 91.327336657976801, 24.683227157053487 ], [ 91.326882552981004, 24.683382387134714 ], [ 91.326447285951232, 24.683577536594004 ], [ 91.326035048416372, 24.683810726197748 ], [ 91.325649810199067, 24.684079710392904 ], [ 91.325295281193789, 24.684381898925594 ], [ 91.324974875644656, 24.684714381778566 ], [ 91.324691679266891, 24.685073957187647 ], [ 91.324448419528409, 24.685457162467774 ], [ 91.324247439377601, 24.685860307351966 ], [ 91.324090674671069, 24.686279509522574 ], [ 91.323979635518242, 24.686710731992889 ], [ 91.323915391723745, 24.687149821979421 ], [ 91.323911129264317, 24.687196183966087 ], [ 91.323878788037476, 24.687222664296737 ], [ 91.32386506711596, 24.68723634052181 ], [ 91.323850056862966, 24.687248835160656 ], [ 91.323701283460977, 24.687399590302327 ], [ 91.323551159821847, 24.687549224037987 ], [ 91.323538972085331, 24.687564063140869 ], [ 91.323525374464737, 24.687577841808928 ], [ 91.32339348970568, 24.687741193941829 ], [ 91.323260140931453, 24.6879035509833 ], [ 91.32315013867796, 24.688052147890701 ], [ 91.323141628491157, 24.688064956195248 ], [ 91.323131872399955, 24.688077000083563 ], [ 91.323015844052293, 24.688254268388455 ], [ 91.322898531248228, 24.688430829677134 ], [ 91.322891436074912, 24.688444338407304 ], [ 91.32288301898717, 24.688457197974767 ], [ 91.32278656616775, 24.68864400321138 ], [ 91.322780941341364, 24.688654712457044 ], [ 91.322710143449982, 24.688473610947266 ], [ 91.322764961713801, 24.688387700807478 ], [ 91.322783927001964, 24.68834988309332 ], [ 91.322806129864134, 24.688313566164577 ], [ 91.322856927560494, 24.68821996455711 ], [ 91.322951860315499, 24.688021070520076 ], [ 91.323047228483702, 24.687822350485675 ], [ 91.323048763119985, 24.687818048253231 ], [ 91.323050742825757, 24.687813900539027 ], [ 91.323123880355794, 24.68760746255526 ], [ 91.323197469932666, 24.687401158741395 ], [ 91.323198535623504, 24.687396739791428 ], [ 91.323200060816191, 24.687392434757562 ], [ 91.323250698954055, 24.687180441016302 ], [ 91.32330180142624, 24.686968540314123 ], [ 91.323339193961431, 24.686766838714089 ], [ 91.323351852458529, 24.686669860657734 ], [ 91.323370317909607, 24.686573663620692 ], [ 91.323380543881498, 24.686450051995042 ], [ 91.323396610906201, 24.686326960037487 ], [ 91.323398804609823, 24.686229315324336 ], [ 91.323406861088586, 24.686131927828082 ], [ 91.323422439875841, 24.685591926191307 ], [ 91.323420841113631, 24.685527686099832 ], [ 91.323424144415014, 24.685463500321809 ], [ 91.323415332784577, 24.685306355285821 ], [ 91.323411417746513, 24.685149044811805 ], [ 91.323402935117912, 24.685085257229005 ], [ 91.323399336764595, 24.685021084692128 ], [ 91.323367325337756, 24.684730385123238 ], [ 91.323295176072307, 24.684292321463861 ], [ 91.323176380411979, 24.683862828538945 ], [ 91.323012082880012, 24.683446042516291 ], [ 91.322803866157187, 24.683045977149668 ] ] ], [ [ [ 91.346422236970156, 24.525782806163431 ], [ 91.345990080711488, 24.525582933871725 ], [ 91.345538592340901, 24.525422774641722 ], [ 91.345072119589645, 24.525303870723715 ], [ 91.344595154433719, 24.525227367088906 ], [ 91.344112289849633, 24.52519400040801 ], [ 91.343628175599036, 24.525204091960632 ], [ 91.343147473467738, 24.525257544543429 ], [ 91.342674812389376, 24.52535384340689 ], [ 91.342214743885137, 24.525492061211551 ], [ 91.341771698247811, 24.525670866956041 ], [ 91.341349941891806, 24.525888538791097 ], [ 91.340953536278974, 24.526142980596202 ], [ 91.340586298815282, 24.526431742159559 ], [ 91.340251766094823, 24.526752042767182 ], [ 91.339953159844271, 24.527100797974359 ], [ 91.339693355896316, 24.52747464930188 ], [ 91.339474856490199, 24.527869996571404 ], [ 91.339299766166732, 24.528283032568922 ], [ 91.339169771489949, 24.528709779702769 ], [ 91.339086124791208, 24.529146128303424 ], [ 91.339049632092696, 24.529587876196548 ], [ 91.338977134042537, 24.532104868646176 ], [ 91.338977525008389, 24.532120592018593 ], [ 91.338976348759701, 24.532136282605112 ], [ 91.338968338926293, 24.532514249419069 ], [ 91.338965329929835, 24.532655486317775 ], [ 91.338952717590828, 24.532928523025081 ], [ 91.338942105412613, 24.533076330200505 ], [ 91.338916854930389, 24.533120624475984 ], [ 91.338736097565288, 24.533531614694617 ], [ 91.338600245773819, 24.533956833361977 ], [ 91.338510608287393, 24.53439218553299 ], [ 91.33846804881783, 24.53483347863455 ], [ 91.338472977721821, 24.535276462838212 ], [ 91.338525348030387, 24.535716871985862 ], [ 91.338624655881972, 24.536150464674279 ], [ 91.338769945355935, 24.536573065103017 ], [ 91.33895981766068, 24.536980603292211 ], [ 91.339192444588335, 24.537369154282771 ], [ 91.339465586107366, 24.537734975941394 ], [ 91.339776611924009, 24.538074545006143 ], [ 91.340122526805473, 24.538384591024922 ], [ 91.340499999421127, 24.538662127860164 ], [ 91.340905394424382, 24.538904482455521 ], [ 91.341334807466055, 24.539109320587571 ], [ 91.341784102802094, 24.539274669353926 ], [ 91.342248953133051, 24.539398936181062 ], [ 91.342724881291517, 24.539480924168348 ], [ 91.343207303375067, 24.539519843620379 ], [ 91.343691572909407, 24.539515319656271 ], [ 91.344173025614978, 24.539467395822438 ], [ 91.344647024345804, 24.539376533674098 ], [ 91.345109003766652, 24.539243608329361 ], [ 91.345554514337763, 24.539069900038825 ], [ 91.345979265182621, 24.538857081851948 ], [ 91.346168369191204, 24.538750978857021 ], [ 91.346247504166783, 24.538701531207039 ], [ 91.346329706075338, 24.538656464343365 ], [ 91.346415607688272, 24.538603962880806 ], [ 91.346458585430184, 24.538574807284029 ], [ 91.34650387348546, 24.538548741766029 ], [ 91.346653002060563, 24.53844291698578 ], [ 91.34680460203171, 24.538340072702525 ], [ 91.346844248583452, 24.538307203928543 ], [ 91.346886525433575, 24.538277203200646 ], [ 91.347023596015177, 24.538158516485307 ], [ 91.347163445463309, 24.538042574317881 ], [ 91.347199378995938, 24.538006308935518 ], [ 91.347238237477271, 24.537972661944433 ], [ 91.34729183751756, 24.537921460690896 ], [ 91.347425945425982, 24.537780074273041 ], [ 91.347503028705631, 24.537993958494472 ], [ 91.347699012767279, 24.538399070929341 ], [ 91.34793746262892, 24.538784660032487 ], [ 91.348216082169628, 24.539147012191282 ], [ 91.348532188326629, 24.539482637553988 ], [ 91.348882736927081, 24.539788303646834 ], [ 91.349264352001228, 24.540061066512774 ], [ 91.349673358294666, 24.540298299072134 ], [ 91.350105816666542, 24.540497716431428 ], [ 91.350557562032833, 24.540657397896371 ], [ 91.351024243488936, 24.540775805476745 ], [ 91.351501366224625, 24.540851798704658 ], [ 91.351585046447894, 24.540857489947044 ], [ 91.351611486576545, 24.541062719605904 ], [ 91.351632113732819, 24.541175067247853 ], [ 91.351646859661543, 24.54128818694732 ], [ 91.351672196479029, 24.541393381007165 ], [ 91.351691700367411, 24.541499610203761 ], [ 91.351724266797007, 24.541609567418465 ], [ 91.351751063049193, 24.541720820284862 ], [ 91.351908743911807, 24.542250324213612 ], [ 91.351938180352761, 24.542332949286433 ], [ 91.351962176084584, 24.54241703345448 ], [ 91.352352936266172, 24.543554643454307 ], [ 91.352520607428232, 24.543970256655641 ], [ 91.352732007748855, 24.544368835295046 ], [ 91.352985101658689, 24.544746540682279 ], [ 91.353277451977021, 24.545099735119841 ], [ 91.353606243373434, 24.545425016943263 ], [ 91.353968309474752, 24.54571925328899 ], [ 91.354360163356233, 24.545979610274106 ], [ 91.354778031123857, 24.546203580296901 ], [ 91.355217888263766, 24.546389006194911 ], [ 91.355675498408971, 24.546534102027628 ], [ 91.35614645414951, 24.546637470283308 ], [ 91.356626219492597, 24.546698115343887 ], [ 91.357110173563242, 24.546715453078168 ], [ 91.357593655124091, 24.546689316470612 ], [ 91.35807200748458, 24.546619957231481 ], [ 91.358540623366721, 24.546508043372711 ], [ 91.358994989294189, 24.546354652772877 ], [ 91.359430729076863, 24.546161262793287 ], [ 91.359843645971239, 24.545929736045366 ], [ 91.360229763110084, 24.545662302446452 ], [ 91.36058536181153, 24.545361537737332 ], [ 91.360907017398233, 24.545030338668361 ], [ 91.361191632181487, 24.544671895093661 ], [ 91.361213271887635, 24.544638111088727 ], [ 91.361451510282762, 24.544568153046932 ], [ 91.36189591702653, 24.544392047596226 ], [ 91.362319311676657, 24.544176944479027 ], [ 91.362717616423325, 24.543924915432743 ], [ 91.3630869951715, 24.543638387835738 ], [ 91.363423890492271, 24.543320121322616 ], [ 91.363725057887166, 24.542973181199109 ], [ 91.363987597034793, 24.542600908912831 ], [ 91.364208979719351, 24.542206889864644 ], [ 91.364387074171759, 24.541794918871123 ], [ 91.36452016558944, 24.541368963610637 ], [ 91.364606972637674, 24.540933126405974 ], [ 91.364646659773769, 24.540491604711228 ], [ 91.364638845276275, 24.540048650684032 ], [ 91.364583604902407, 24.539608530232659 ], [ 91.364481471139314, 24.539175481932165 ], [ 91.364404806254385, 24.538957047967834 ], [ 91.364334646101227, 24.538504516590312 ], [ 91.364377365328068, 24.538442711131694 ], [ 91.364594808045013, 24.538046863569328 ], [ 91.364768787010348, 24.537633425477473 ], [ 91.364897627062433, 24.537206378660766 ], [ 91.364980087814544, 24.536769835950988 ], [ 91.365015375584719, 24.536328001592931 ], [ 91.365003151021611, 24.535885130751407 ], [ 91.36494353235382, 24.535445488529433 ], [ 91.364837094232115, 24.535013308892367 ], [ 91.364684862176361, 24.534592753893726 ], [ 91.364488302681465, 24.534187873595055 ], [ 91.364249309078218, 24.533802567066001 ], [ 91.363970183285801, 24.533440544839866 ], [ 91.363653613632266, 24.533105293186011 ], [ 91.363449670619488, 24.532927913372109 ], [ 91.36346904776191, 24.532880167802475 ], [ 91.363470761942295, 24.532875211109058 ], [ 91.36347298693471, 24.532870427291392 ], [ 91.36354379366314, 24.532664033469949 ], [ 91.36361511901238, 24.532457789164255 ], [ 91.363616293836344, 24.532452702633378 ], [ 91.363617995534085, 24.532447742342864 ], [ 91.363675388656631, 24.532246340181445 ], [ 91.363714253461467, 24.532076134609614 ], [ 91.363757039646487, 24.531906718010614 ], [ 91.363763743276493, 24.531859396802723 ], [ 91.363774408710938, 24.531812688029781 ], [ 91.363794849348395, 24.531639817148225 ], [ 91.363819277054347, 24.531467379820544 ], [ 91.363849063972964, 24.531126578171925 ], [ 91.363850030713337, 24.531097779240813 ], [ 91.36385367978697, 24.531069160769043 ], [ 91.363857460807964, 24.530876437908098 ], [ 91.363863928175746, 24.53068377482629 ], [ 91.363861804603985, 24.53065502788391 ], [ 91.363862369776513, 24.530626220014163 ], [ 91.363854755330294, 24.530402612768977 ], [ 91.363853722690706, 24.530354143335806 ], [ 91.363856807860387, 24.530273267197924 ], [ 91.363881278034768, 24.53019439846711 ], [ 91.363891202929111, 24.530155175013498 ], [ 91.363904537237289, 24.530116806880393 ], [ 91.363945788100906, 24.529939452415459 ], [ 91.363990487367147, 24.529762798638146 ], [ 91.363996161852228, 24.529722874104149 ], [ 91.364005320967607, 24.529683495054439 ], [ 91.364027370513583, 24.529503295688773 ], [ 91.364052926973173, 24.529323484421994 ], [ 91.364054296443072, 24.529283243311344 ], [ 91.364059192199633, 24.52924323259618 ], [ 91.364061828273492, 24.529061923782358 ], [ 91.364067995999847, 24.528880686737256 ], [ 91.364065047310632, 24.528840516598716 ], [ 91.364065632603712, 24.528800259548781 ], [ 91.364048830021758, 24.52861958740646 ], [ 91.36403554981986, 24.528438670007702 ], [ 91.364028311414415, 24.528398957702517 ], [ 91.364024580652682, 24.528358842016907 ], [ 91.363893146165879, 24.527466644431684 ], [ 91.363873217048635, 24.527368158189446 ], [ 91.363859107189342, 24.527268833873734 ], [ 91.363688282452884, 24.526401769639612 ], [ 91.363535194107868, 24.525428257885658 ], [ 91.363524375579118, 24.525377335996485 ], [ 91.36351776987253, 24.525325814393128 ], [ 91.36350876799176, 24.525276614582285 ], [ 91.363508737962746, 24.525276488741568 ], [ 91.363508721552904, 24.525276360814924 ], [ 91.363479596876147, 24.525117235271328 ], [ 91.363479441064143, 24.525113578753096 ], [ 91.363508592496501, 24.524736894675613 ], [ 91.36351904871384, 24.524293985585167 ], [ 91.363482001785016, 24.523852271575901 ], [ 91.36339780898895, 24.523416006586746 ], [ 91.36326728162615, 24.522989392035765 ], [ 91.363091677187128, 24.522576536360191 ], [ 91.362872687224993, 24.522181415453538 ], [ 91.36261242105023, 24.521807834380674 ], [ 91.362313385404534, 24.521459390739331 ], [ 91.361978460310553, 24.52113944002064 ], [ 91.361610871330001, 24.520851063302075 ], [ 91.361214158497944, 24.520597037583499 ], [ 91.360792142232043, 24.520379809051889 ], [ 91.360348886545466, 24.520201469531553 ], [ 91.359888659917146, 24.520063736346703 ], [ 91.359415894196175, 24.519967935789598 ], [ 91.358935141935419, 24.51991499035362 ], [ 91.358451032564872, 24.519905409853635 ], [ 91.357968227826021, 24.519939286519254 ], [ 91.357491376895794, 24.520016294108 ], [ 91.357025071631497, 24.520135691046821 ], [ 91.356573802367137, 24.52029632757192 ], [ 91.356141914685921, 24.520496656797938 ], [ 91.355733567584807, 24.520734749610266 ], [ 91.355352693433218, 24.521008313237122 ], [ 91.355002960111364, 24.521314713322777 ], [ 91.354687735692053, 24.52165099928979 ], [ 91.354410056006373, 24.522013932746024 ], [ 91.354172595405032, 24.522400018663561 ], [ 91.353977640997442, 24.522805539029225 ], [ 91.353827070616688, 24.523226588643229 ], [ 91.35372233472269, 24.523659112721315 ], [ 91.353664442418861, 24.524098945938679 ], [ 91.353616118408709, 24.524722743113358 ], [ 91.353615504640658, 24.524748655076429 ], [ 91.353612440525026, 24.524774421081798 ], [ 91.353610260431779, 24.524970053252385 ], [ 91.35360562734769, 24.525165649664292 ], [ 91.353607792724176, 24.525191491890773 ], [ 91.353607503906858, 24.525217408588553 ], [ 91.353630382826836, 24.525755308221211 ], [ 91.353636622692207, 24.525820025317685 ], [ 91.353637941531446, 24.525884982489593 ], [ 91.353657886495185, 24.526040563643527 ], [ 91.353672931702491, 24.526196605254377 ], [ 91.353686075378377, 24.526260451181891 ], [ 91.353694347436104, 24.52632497730222 ], [ 91.353774831867966, 24.526764899920906 ], [ 91.353932225285519, 24.527766284400229 ], [ 91.3539489091836, 24.527844842181135 ], [ 91.35396017665262, 24.527924202323607 ], [ 91.354092194915907, 24.528594560664718 ], [ 91.354086985009104, 24.528616862171098 ], [ 91.354083778258797, 24.528642858313152 ], [ 91.354078125872206, 24.528668503326276 ], [ 91.354054520564105, 24.52881150229048 ], [ 91.354037661738644, 24.528963997950857 ], [ 91.354015766632429, 24.529115957097005 ], [ 91.354013310433075, 24.529184265618373 ], [ 91.354005792946609, 24.529252264202036 ], [ 91.354005354037866, 24.529405537251527 ], [ 91.353999845637858, 24.529558727963849 ], [ 91.35400178380273, 24.529668139188853 ], [ 91.353969548993931, 24.529705694466173 ], [ 91.353896835924729, 24.529810050066434 ], [ 91.353819247200434, 24.529911424641192 ], [ 91.353766764540836, 24.529996724038284 ], [ 91.353709251547698, 24.530079264481387 ], [ 91.353648069228171, 24.530189637490849 ], [ 91.353581715338805, 24.53029748101013 ], [ 91.353538624386374, 24.530387075591502 ], [ 91.353490231717203, 24.530474375554476 ], [ 91.353441169438199, 24.530589703077432 ], [ 91.353386689477716, 24.530702977004896 ], [ 91.353329185410516, 24.530840475049441 ], [ 91.353306715111856, 24.53090327779617 ], [ 91.353279570817037, 24.530964515971156 ], [ 91.353231432294237, 24.531113686920314 ], [ 91.353178543689779, 24.531261505621487 ], [ 91.353162910425027, 24.531326020780384 ], [ 91.353142458027307, 24.531389398000229 ], [ 91.353112654124999, 24.531501796855807 ], [ 91.353077474624214, 24.531670143615365 ], [ 91.353061888811411, 24.531736673789265 ], [ 91.353038355092622, 24.531801560087533 ], [ 91.352855837910042, 24.531800674816527 ], [ 91.352644233371109, 24.531797252407557 ], [ 91.352552727061507, 24.53179988247426 ], [ 91.352402440636553, 24.531801737170682 ], [ 91.35227453382312, 24.531809068742017 ], [ 91.352146393272378, 24.531810983616769 ], [ 91.352002898413588, 24.531819583583463 ], [ 91.351884524942903, 24.531832037827833 ], [ 91.351765619801455, 24.531839075903381 ], [ 91.351644121988429, 24.531857330675376 ], [ 91.351521802656379, 24.531870199767038 ], [ 91.35140533348482, 24.531893207805044 ], [ 91.351287754895523, 24.531910873425108 ], [ 91.35115765934961, 24.531936472772617 ], [ 91.35102051379522, 24.531969976797651 ], [ 91.350881993218394, 24.531998354849254 ], [ 91.350794896089639, 24.532020354248811 ], [ 91.350712215013203, 24.532045292236596 ], [ 91.350689787395538, 24.532050771132933 ], [ 91.35065903719719, 24.532061331520627 ], [ 91.350334981230404, 24.532159071505831 ], [ 91.34989214280364, 24.532338358307165 ], [ 91.34947064522899, 24.532556488171227 ], [ 91.349074547477116, 24.532811360566896 ], [ 91.348827350755045, 24.533006189825734 ], [ 91.348828325720817, 24.532985047606186 ], [ 91.348827936719644, 24.53293367523764 ], [ 91.348831780734287, 24.53288242212847 ], [ 91.348835873213332, 24.532689621597886 ], [ 91.348835865674275, 24.53268938923414 ], [ 91.348835883042355, 24.532689157311658 ], [ 91.348843536629815, 24.532326664588172 ], [ 91.348915387403039, 24.529825362879997 ], [ 91.348904339500123, 24.529382468786025 ], [ 91.348845891811294, 24.528942697972504 ], [ 91.348740607710482, 24.528510285644565 ], [ 91.348589501604579, 24.52808939609795 ], [ 91.348394029146334, 24.527684082617295 ], [ 91.34815607319959, 24.527298248445067 ], [ 91.34787792569243, 24.526935609196915 ], [ 91.347562265533966, 24.526599657085104 ], [ 91.347212132807343, 24.526293627294347 ], [ 91.346830899488126, 24.526020466833614 ], [ 91.346422236970156, 24.525782806163431 ] ] ], [ [ [ 91.367256258844606, 24.517835850999301 ], [ 91.366812562899071, 24.5180132573987 ], [ 91.366390008275758, 24.518229597390778 ], [ 91.365992664121876, 24.518482787680579 ], [ 91.365624356879408, 24.518770390108418 ], [ 91.365288633442034, 24.519089635123002 ], [ 91.364988727000735, 24.519437448445316 ], [ 91.364727525906687, 24.519810480667054 ], [ 91.364507545851538, 24.520205139498533 ], [ 91.364330905632855, 24.520617624356266 ], [ 91.364199306738712, 24.521043962957009 ], [ 91.364114016948037, 24.521480049566495 ], [ 91.36407585810548, 24.521921684534512 ], [ 91.364085198189073, 24.522364614735874 ], [ 91.36414194774764, 24.522804574528028 ], [ 91.364245560743086, 24.523237326830834 ], [ 91.364395039790153, 24.523658703932998 ], [ 91.364588945743989, 24.524064647632088 ], [ 91.364825411543663, 24.524451248321505 ], [ 91.365102160179205, 24.524814782647749 ], [ 91.365416526609536, 24.525151749375183 ], [ 91.365765483420503, 24.525458903112614 ], [ 91.366145669976561, 24.525733285576486 ], [ 91.36655342478501, 24.52597225408946 ], [ 91.366984820761729, 24.526173507039466 ], [ 91.368423322118417, 24.526765105803843 ], [ 91.369946084849687, 24.527430699236955 ], [ 91.369946422928251, 24.527430828772573 ], [ 91.369946745526008, 24.527430987956055 ], [ 91.371471580845139, 24.528097211097023 ], [ 91.371538944518036, 24.528123009967086 ], [ 91.371604216977715, 24.528152971941079 ], [ 91.373145655042251, 24.52877589411165 ], [ 91.373216570090847, 24.528800823512093 ], [ 91.373285488868149, 24.52883006555389 ], [ 91.374846683049995, 24.52940910697351 ], [ 91.376283707742743, 24.529946195129405 ], [ 91.379294590244442, 24.531275758267277 ], [ 91.382414275809126, 24.532769720839109 ], [ 91.382514811135692, 24.532812251901742 ], [ 91.382612727136845, 24.532859621747704 ], [ 91.386834926861141, 24.534665484867574 ], [ 91.387283169081527, 24.534833195125437 ], [ 91.387747223775463, 24.534959905062898 ], [ 91.388222621440974, 24.535044394249489 ], [ 91.388704783286883, 24.535085848900287 ], [ 91.389189065346386, 24.535083869717297 ], [ 91.38967080321973, 24.535038475737448 ], [ 91.390145357013978, 24.534950104150187 ], [ 91.390608156046795, 24.534819606086302 ], [ 91.391054742882673, 24.534648238418647 ], [ 91.391480816276882, 24.534437651653636 ], [ 91.391882272613032, 24.534189874030584 ], [ 91.392255245434484, 24.533907291981933 ], [ 91.39259614268876, 24.533592627142973 ], [ 91.392901681325398, 24.533248910132734 ], [ 91.393168918914569, 24.532879451358795 ], [ 91.393395281981384, 24.532487809127669 ], [ 91.393578590783292, 24.532077755367972 ], [ 91.393717080292404, 24.531653239297068 ], [ 91.393809417180648, 24.531218349381131 ], [ 91.39385471264508, 24.53077727395555 ], [ 91.393852530950113, 24.530334260884718 ], [ 91.39380289360534, 24.529893576650263 ], [ 91.393706279139138, 24.529459465261613 ], [ 91.393563618471333, 24.529036107384602 ], [ 91.393376285929705, 24.52862758008191 ], [ 91.393146085998239, 24.528237817552718 ], [ 91.39287523592462, 24.52787057324969 ], [ 91.392566344355615, 24.527529383737839 ], [ 91.392222386206186, 24.527217534643125 ], [ 91.391846674004881, 24.526938029018329 ], [ 91.391442825991348, 24.526693558430637 ], [ 91.391014731273728, 24.526486477049023 ], [ 91.386893054826743, 24.524723650286731 ], [ 91.383800440863126, 24.523242686338282 ], [ 91.383727489991969, 24.523211823501409 ], [ 91.383656908030275, 24.523176651063249 ], [ 91.380436281941286, 24.521754500267146 ], [ 91.380295706874392, 24.521700033173811 ], [ 91.380157385038913, 24.521640934635247 ], [ 91.378572926318753, 24.521048756198429 ], [ 91.378566663704888, 24.521046737543276 ], [ 91.378560639986858, 24.521044181818233 ], [ 91.377063749901453, 24.520489002521927 ], [ 91.375658611401917, 24.519921173751762 ], [ 91.374200041226246, 24.519283917125808 ], [ 91.37262590797387, 24.51859588538797 ], [ 91.372572951831344, 24.518575594990942 ], [ 91.372521804239767, 24.518551735069167 ], [ 91.37103104055214, 24.517938656771509 ], [ 91.370580182306838, 24.517777069660593 ], [ 91.370114184736707, 24.517656690724714 ], [ 91.369637535243442, 24.517578679139437 ], [ 91.369154823764902, 24.517543786096912 ], [ 91.368670698589113, 24.517552347575307 ], [ 91.368189821607416, 24.517604281105594 ], [ 91.367716823437036, 24.51769908656637 ], [ 91.367256258844606, 24.517835850999301 ] ] ] ] } }
]
}
