{
"type": "FeatureCollection",
"name": "priority_ranking",
"crs": { "type": "name", "properties": { "name": "urn:ogc:def:crs:OGC:1.3:CRS84" } },
"features": [
{ "type": "Feature", "properties": { "adm3_pcode": "BD30480033", "adm3_name": "Itna", "area_sqkm": 390.17697956000001, "population_total": 38866.040214538574, "population_flood_exposed": 2191.686580657959, "population_access_loss": 0.0, "population_density": 99.611310381169972, "priority_score": 8.7949915560339367 }, "geometry": { "type": "Polygon", "coordinates": [ [ [ 91.17764608900012, 24.643991609000064 ], [ 91.176665311000136, 24.64515967799997 ], [ 91.176492963000101, 24.646339478000069 ], [ 91.175683440000171, 24.64647675000009 ], [ 91.174813094000115, 24.644469805000028 ], [ 91.172958101, 24.644075671999985 ], [ 91.172395730000119, 24.643698531000158 ], [ 91.171773163000012, 24.641104920000032 ], [ 91.170168737000154, 24.639828343000037 ], [ 91.169214818000171, 24.638115495000076 ], [ 91.168173329000069, 24.637141546000063 ], [ 91.166324030000112, 24.636083554000098 ], [ 91.16358160700014, 24.635526864000035 ], [ 91.161962095000035, 24.635873510000124 ], [ 91.160661636000043, 24.63666919100012 ], [ 91.157319591000146, 24.639724627000135 ], [ 91.155925121000053, 24.641920690000063 ], [ 91.155354897000166, 24.642428515000063 ], [ 91.153263516000038, 24.641365450000137 ], [ 91.153020812000193, 24.64136279600006 ], [ 91.151961817000085, 24.642307810000091 ], [ 91.150749486000052, 24.642290007000152 ], [ 91.14881995900015, 24.641230155000017 ], [ 91.148025832000087, 24.639741699000123 ], [ 91.147295473000156, 24.640027216000082 ], [ 91.14720373900019, 24.641206375000028 ], [ 91.146389047000127, 24.641860517000108 ], [ 91.143989092000027, 24.63931643900014 ], [ 91.142624173000172, 24.638337996000079 ], [ 91.141170358000068, 24.638242932000022 ], [ 91.139477915999976, 24.637777159000169 ], [ 91.138345952000122, 24.637833145000172 ], [ 91.137936886000034, 24.638346454999972 ], [ 91.137601226000129, 24.639669685000058 ], [ 91.137586811000119, 24.641146259000038 ], [ 91.137341267000068, 24.641511588000128 ], [ 91.136526519000142, 24.642165677000154 ], [ 91.133849962000113, 24.643161168 ], [ 91.132135507999976, 24.644984678000071 ], [ 91.130838779000101, 24.645335336000134 ], [ 91.13035628300014, 24.645106432000027 ], [ 91.128833683000096, 24.643756546000077 ], [ 91.128837148000116, 24.643386276000168 ], [ 91.130466696000099, 24.642005927000067 ], [ 91.130475402000116, 24.64112088800016 ], [ 91.129917212000123, 24.640301062000162 ], [ 91.128515845000095, 24.639997784000112 ], [ 91.128357094000194, 24.639716774000135 ], [ 91.128562112000111, 24.63923662600018 ], [ 91.130847515000099, 24.637047646999974 ], [ 91.131193866000046, 24.636424204000036 ], [ 91.131055995000111, 24.635856327 ], [ 91.130396918000031, 24.635556510000185 ], [ 91.129646334000086, 24.634625249000123 ], [ 91.129410563000022, 24.633949740999977 ], [ 91.129522807000114, 24.632355036000149 ], [ 91.130909643999985, 24.630847826000149 ], [ 91.131845529000088, 24.629389151000112 ], [ 91.13311967500016, 24.62826430500013 ], [ 91.134937427000125, 24.626008808000108 ], [ 91.134952994000059, 24.624724117000142 ], [ 91.13427422, 24.624083565000092 ], [ 91.132850138000151, 24.624254587000053 ], [ 91.132607543000063, 24.623917775000045 ], [ 91.13293865300011, 24.621608017000092 ], [ 91.132051611000065, 24.619844740000129 ], [ 91.131681870000136, 24.61807079100015 ], [ 91.130395106000037, 24.615791259 ], [ 91.129856165000149, 24.612977821000133 ], [ 91.129536708999979, 24.612603201000184 ], [ 91.128890817000013, 24.612520002000167 ], [ 91.128157693000105, 24.613173433000103 ], [ 91.126778684000158, 24.613745909000041 ], [ 91.126044925000087, 24.61439933500014 ], [ 91.124512275000143, 24.614155689000032 ], [ 91.123948426000098, 24.613927369000184 ], [ 91.122987778000052, 24.613026983999987 ], [ 91.121715301000165, 24.610941420000071 ], [ 91.121229421000137, 24.611008252000151 ], [ 91.120333935000076, 24.611735101000136 ], [ 91.119850972000165, 24.611506163 ], [ 91.119131257000049, 24.610757475000067 ], [ 91.118818852000061, 24.609644538999984 ], [ 91.118097964000071, 24.608970359000182 ], [ 91.117212427000084, 24.608663130000071 ], [ 91.11502695900009, 24.609074419000081 ], [ 91.112988540000117, 24.610965585000031 ], [ 91.11250444000018, 24.61088563300018 ], [ 91.111380967000059, 24.610130863000109 ], [ 91.109847199000171, 24.609961575000106 ], [ 91.108389597000169, 24.610308701000065 ], [ 91.106765501999973, 24.611099534000058 ], [ 91.105147895000187, 24.611296547999984 ], [ 91.10474526600018, 24.611143728000116 ], [ 91.104426488000115, 24.610696804000096 ], [ 91.104431825000063, 24.610179770000112 ], [ 91.107057172000168, 24.606080970000104 ], [ 91.107148093000148, 24.605048570000122 ], [ 91.106836987000122, 24.603788853000086 ], [ 91.105476314999976, 24.602514271000132 ], [ 91.104587892000097, 24.602502732000179 ], [ 91.103042353000035, 24.60351419 ], [ 91.101464501000066, 24.605562117999966 ], [ 91.101418775000184, 24.605980112000108 ], [ 91.101861447000033, 24.606760264000172 ], [ 91.101453500000105, 24.607548901000147 ], [ 91.100801110000134, 24.60812936700006 ], [ 91.099731736000138, 24.608609027000114 ], [ 91.099066755000081, 24.608385867000145 ], [ 91.098826314000178, 24.607999313000107 ], [ 91.099971521000157, 24.604825765999973 ], [ 91.099976194000135, 24.603100911000183 ], [ 91.099496306, 24.602650636000135 ], [ 91.098366416000147, 24.602487308000146 ], [ 91.097310872000037, 24.603061668000066 ], [ 91.096613940000111, 24.604410034000072 ], [ 91.096801466000159, 24.605668417000174 ], [ 91.096539396000139, 24.605844166000058 ], [ 91.094951143000117, 24.604726919000083 ], [ 91.093982405000077, 24.604639143000099 ], [ 91.093252730000188, 24.604924390000178 ], [ 91.092762670000127, 24.605433656 ], [ 91.09152288700011, 24.608187921000081 ], [ 91.090869855000122, 24.608842852000173 ], [ 91.087291627000127, 24.611264088000155 ], [ 91.086080173000084, 24.611171243 ], [ 91.084381063000208, 24.611443125000111 ], [ 91.083890352000196, 24.612026872 ], [ 91.083948376000194, 24.614317942000067 ], [ 91.081012993000058, 24.616933072000055 ], [ 91.078673938000065, 24.616529943000046 ], [ 91.07826649499998, 24.616894084000023 ], [ 91.078657018000058, 24.618227796000095 ], [ 91.07800690900018, 24.618589163000021 ], [ 91.077278902999979, 24.618650818999978 ], [ 91.076703614999985, 24.619603141000088 ], [ 91.07556694900012, 24.620177934000136 ], [ 91.074503874000186, 24.621418195 ], [ 91.073390062000044, 24.622069572000154 ], [ 91.0709111540001, 24.621565730000039 ], [ 91.069179514000169, 24.621736081 ], [ 91.066947335000123, 24.621420059000172 ], [ 91.066273135000131, 24.621131347000066 ], [ 91.062357981, 24.620459182000161 ], [ 91.061721430000034, 24.619874435000156 ], [ 91.061494651000146, 24.618462757000088 ], [ 91.059812230000148, 24.616485641000111 ], [ 91.057698591000133, 24.615936108000028 ], [ 91.056658739000056, 24.61525483600013 ], [ 91.055464065000194, 24.615398679 ], [ 91.054528684000161, 24.615983196000172 ], [ 91.054666564000186, 24.616375058000077 ], [ 91.056280179, 24.616639168000059 ], [ 91.056502374, 24.617145577000148 ], [ 91.056392224000149, 24.617482736000056 ], [ 91.056109328000161, 24.617541163 ], [ 91.053081795000082, 24.616458402000035 ], [ 91.052060074000167, 24.616318803000123 ], [ 91.051141460000167, 24.61573598200016 ], [ 91.047684001, 24.615134729000037 ], [ 91.047560437000072, 24.614754050000109 ], [ 91.048293764000107, 24.614146153000142 ], [ 91.04827671400011, 24.613656363000132 ], [ 91.047039758000111, 24.613540806000053 ], [ 91.045891642000129, 24.612824089000185 ], [ 91.044898959000136, 24.612979989000106 ], [ 91.044653487000119, 24.614124060000165 ], [ 91.044065026000169, 24.61441035200005 ], [ 91.042408003000105, 24.613893552000093 ], [ 91.041542654000182, 24.61317484000017 ], [ 91.040268845000014, 24.613454571000091 ], [ 91.039455574000158, 24.612611314000052 ], [ 91.037683687000197, 24.614404829000019 ], [ 91.037559854000165, 24.615633843000129 ], [ 91.037792731000138, 24.617817638000073 ], [ 91.036722016000112, 24.619972038000174 ], [ 91.038217593000127, 24.623135972000114 ], [ 91.040434179000044, 24.62366023200013 ], [ 91.042157141000132, 24.623625729000022 ], [ 91.042185225000139, 24.623885164000111 ], [ 91.04111431900003, 24.625043976000089 ], [ 91.04273827500009, 24.625502315000059 ], [ 91.043050108000045, 24.625877181000185 ], [ 91.043001393000168, 24.626182299 ], [ 91.04264457000005, 24.626561799000164 ], [ 91.041720984, 24.626872979000154 ], [ 91.041670936000116, 24.627256222000145 ], [ 91.04113578900018, 24.626890576999976 ], [ 91.038753330000134, 24.626848351000035 ], [ 91.038631719000136, 24.627673232000173 ], [ 91.038089907000028, 24.628383613000093 ], [ 91.037253062000161, 24.628360039000086 ], [ 91.036187453000196, 24.62792488700012 ], [ 91.033783043000199, 24.629119925000051 ], [ 91.033278615000029, 24.630475719000167 ], [ 91.031507235000049, 24.630341130000144 ], [ 91.030439233000152, 24.630969307000157 ], [ 91.028794508000047, 24.630165557000058 ], [ 91.027870920000169, 24.62920108600013 ], [ 91.025310313000148, 24.6246603720001 ], [ 91.022639844000082, 24.621163391000039 ], [ 91.021474309000155, 24.61875110800003 ], [ 91.021680215000174, 24.617345451000173 ], [ 91.023112807000189, 24.615096123000054 ], [ 91.023007439000196, 24.613527770000019 ], [ 91.022232503, 24.611842056 ], [ 91.022286762000135, 24.608947374000135 ], [ 91.021513345000187, 24.607139729000039 ], [ 91.020769930000085, 24.606135602 ], [ 91.01970989400013, 24.605291651000066 ], [ 91.018728500000066, 24.605009316000064 ], [ 91.01765157300008, 24.605050469000044 ], [ 91.014207514000134, 24.606976923000101 ], [ 91.011682806000124, 24.607700564000023 ], [ 91.010881360000099, 24.60737859 ], [ 91.010386883000081, 24.607458670000078 ], [ 91.009275770000116, 24.60693557400014 ], [ 91.006526183000062, 24.605328473000096 ], [ 91.004714142000125, 24.603920511000123 ], [ 91.001578642000084, 24.603760795000078 ], [ 90.99910110000009, 24.604361999000101 ], [ 90.997654496999985, 24.604963102000173 ], [ 90.995660503000067, 24.603718788000034 ], [ 90.994051335000108, 24.603435928000128 ], [ 90.991566727000077, 24.604398279000065 ], [ 90.99050856700012, 24.605805004 ], [ 90.988625956000192, 24.605765457000015 ], [ 90.986177146999978, 24.607210629000068 ], [ 90.985549291000098, 24.607210228000095 ], [ 90.983194524000055, 24.606083247000011 ], [ 90.97997687100019, 24.603148938000164 ], [ 90.97914828800009, 24.601944217000035 ], [ 90.9785278290002, 24.60154186900013 ], [ 90.977621705000161, 24.601477768000112 ], [ 90.975838713000087, 24.603130670000098 ], [ 90.972930211000119, 24.605097876000116 ], [ 90.970287930000097, 24.60637472000008 ], [ 90.969181503000129, 24.606438291000075 ], [ 90.96747377500003, 24.606984349000182 ], [ 90.966102480000188, 24.607930095000086 ], [ 90.964577049000184, 24.610515895000159 ], [ 90.9636411150002, 24.613820361000023 ], [ 90.962511980000102, 24.613588273000172 ], [ 90.961763720000192, 24.612863829000105 ], [ 90.960219172000109, 24.609245598000143 ], [ 90.959373388000131, 24.60892362800012 ], [ 90.957042504000185, 24.608882029000142 ], [ 90.95641991399998, 24.60860151900004 ], [ 90.955261966000137, 24.605868046000065 ], [ 90.95372243200012, 24.604340325000063 ], [ 90.951374873000077, 24.603960087000022 ], [ 90.95029119000003, 24.605235752000169 ], [ 90.947595620000129, 24.60766621900007 ], [ 90.946730178000109, 24.60677762 ], [ 90.945808344000056, 24.606673484000108 ], [ 90.944672091000086, 24.604672060000041 ], [ 90.944348628000057, 24.603360115000154 ], [ 90.944348999000169, 24.602093546000049 ], [ 90.943702443000177, 24.600584948000115 ], [ 90.943648851000148, 24.599612218000118 ], [ 90.944296193000071, 24.599170167 ], [ 90.945482776000119, 24.599264315000031 ], [ 90.94656193000003, 24.598042894000116 ], [ 90.946993889000169, 24.596872951000023 ], [ 90.946670985000083, 24.594732431000011 ], [ 90.947102673000131, 24.593609901000033 ], [ 90.947642100000053, 24.593024022000176 ], [ 90.947696093, 24.592488610000089 ], [ 90.947157241000198, 24.592002081000086 ], [ 90.945647079000139, 24.591471984000172 ], [ 90.945323832000099, 24.590595772000139 ], [ 90.945431881000047, 24.589037283000092 ], [ 90.945054608000191, 24.587870166000066 ], [ 90.943060252000066, 24.585979432000101 ], [ 90.941064602000097, 24.58481565500017 ], [ 90.942467789000148, 24.583106834000084 ], [ 90.945758531000081, 24.579929946000163 ], [ 90.94861658300016, 24.579968415000053 ], [ 90.949648918000037, 24.580837433000159 ], [ 90.949915661000148, 24.580836993000158 ], [ 90.950940913000068, 24.579859714 ], [ 90.951426201000061, 24.578980665000021 ], [ 90.951696460000164, 24.578152639000109 ], [ 90.951751107000121, 24.576154235000104 ], [ 90.953153987000064, 24.573131341000135 ], [ 90.95320770800015, 24.572155674000093 ], [ 90.952830692000191, 24.570453499000052 ], [ 90.953370269000175, 24.569332528000128 ], [ 90.953209098000059, 24.568504972000021 ], [ 90.951591355000062, 24.567097363000187 ], [ 90.951537581000082, 24.566269127000048 ], [ 90.950514107000117, 24.564521354000131 ], [ 90.950459966000153, 24.563643450000139 ], [ 90.950889811000138, 24.562915567000061 ], [ 90.951646787000016, 24.562423576000128 ], [ 90.952185901000064, 24.56246984 ], [ 90.953048368000111, 24.563001719000052 ], [ 90.953965193000045, 24.562316352000096 ], [ 90.956548701000088, 24.562994565 ], [ 90.956656959000156, 24.561239646000047 ], [ 90.957196464000106, 24.559387167000121 ], [ 90.958598658000142, 24.557531457000096 ], [ 90.960486591000119, 24.555771979000152 ], [ 90.962158145000046, 24.55469568500007 ], [ 90.962578498000084, 24.554518417000168 ], [ 90.963026039000113, 24.554882828000022 ], [ 90.96340287400011, 24.556146987000094 ], [ 90.963726727000164, 24.556291666000053 ], [ 90.964037463000125, 24.556150112000068 ], [ 90.964476487000184, 24.556536694000101 ], [ 90.966525667000099, 24.555457937000082 ], [ 90.967981488000021, 24.555306358999982 ], [ 90.969005508, 24.555498455000077 ], [ 90.969598639000196, 24.555350150000148 ], [ 90.970384459000172, 24.554766518000175 ], [ 90.969981761000099, 24.554127052 ], [ 90.970035600000188, 24.553103970000109 ], [ 90.970251622000092, 24.55222659400016 ], [ 90.970628612000041, 24.551738761000024 ], [ 90.970521192000035, 24.551251792000187 ], [ 90.970898743000078, 24.550276295000174 ], [ 90.972030820000057, 24.549201110000123 ], [ 90.973810080000192, 24.548512317000075 ], [ 90.975050480000164, 24.547486081000049 ], [ 90.975104894000197, 24.545584753000128 ], [ 90.974511537000069, 24.544419102000059 ], [ 90.973595140000157, 24.543449697000035 ], [ 90.973918583, 24.54242487200008 ], [ 90.974350325000046, 24.542081172000053 ], [ 90.975266467000154, 24.541980425000194 ], [ 90.976776218000111, 24.542997904000067 ], [ 90.977903068000103, 24.543339761000023 ], [ 90.978604246000032, 24.54328780000008 ], [ 90.979951847000052, 24.542649153000067 ], [ 90.980491272, 24.541236844000021 ], [ 90.97855544700019, 24.540410339000115 ], [ 90.977423643000122, 24.538954692 ], [ 90.9759678530001, 24.538765443000102 ], [ 90.975105216000088, 24.53828110500012 ], [ 90.974835745000064, 24.537503940000075 ], [ 90.975105300000052, 24.537014536000076 ], [ 90.975051542000074, 24.536285649000085 ], [ 90.973704123000061, 24.535023268000145 ], [ 90.973272963000056, 24.533759484000029 ], [ 90.972572265000167, 24.533226671000079 ], [ 90.970092163000174, 24.533576783000111 ], [ 90.969661059000032, 24.534162041000059 ], [ 90.969337113000066, 24.535283940000053 ], [ 90.9687982640001, 24.535820221000112 ], [ 90.967234476000044, 24.536507569000147 ], [ 90.964484681000158, 24.537103152000089 ], [ 90.962759328000118, 24.537888569000181 ], [ 90.96218742800005, 24.537850821000067 ], [ 90.961892031000048, 24.537116671999971 ], [ 90.959520398000066, 24.535273690000107 ], [ 90.958981646000041, 24.533960875999977 ], [ 90.958766093000065, 24.532063515000118 ], [ 90.958173312000099, 24.531189035000068 ], [ 90.955694031000064, 24.528714513000125 ], [ 90.953058446000057, 24.527745351000082 ], [ 90.952141654000059, 24.527748881000029 ], [ 90.950309071000049, 24.527315667000032 ], [ 90.946028682000133, 24.52431610300005 ], [ 90.944810577000169, 24.523857837000094 ], [ 90.944865587000095, 24.522951834000022 ], [ 90.945512945000189, 24.521245462000081 ], [ 90.948317246000158, 24.518410237000072 ], [ 90.949018898000134, 24.515974269000079 ], [ 90.949935891000052, 24.513875596000101 ], [ 90.950690539000163, 24.512997111000171 ], [ 90.952038104000167, 24.512458051000124 ], [ 90.952577415000121, 24.511822489000107 ], [ 90.95220030500019, 24.510896947000102 ], [ 90.952524197000173, 24.510409495000086 ], [ 90.952470314000038, 24.50997183800007 ], [ 90.953279207000094, 24.509092996000163 ], [ 90.953332768000166, 24.508751745000094 ], [ 90.951178035000169, 24.505886749000179 ], [ 90.950154522000105, 24.503161358000167 ], [ 90.948969410000132, 24.501170730000123 ], [ 90.949832158999982, 24.500485732000129 ], [ 90.950479312000141, 24.499020917000166 ], [ 90.951503659000082, 24.49833714700009 ], [ 90.953228865000199, 24.496529123000073 ], [ 90.953929753000125, 24.495163291000036 ], [ 90.953929996000056, 24.492824295000101 ], [ 90.955048421000129, 24.49226692100018 ], [ 90.956084013000179, 24.492408592000114 ], [ 90.957272272000196, 24.49125435000013 ], [ 90.958713611000178, 24.490988407000092 ], [ 90.959468168000171, 24.491180037000163 ], [ 90.959952824000084, 24.491567542000151 ], [ 90.960006349000196, 24.492930862000147 ], [ 90.960221722000142, 24.493270407000068 ], [ 90.962161533000142, 24.494481741000119 ], [ 90.963347383000041, 24.494769941000179 ], [ 90.965341452000075, 24.494517889000065 ], [ 90.966150191000111, 24.494612056000165 ], [ 90.968574883000031, 24.496064036 ], [ 90.970905943000162, 24.495684993 ], [ 90.971822527000143, 24.494561530000055 ], [ 90.973008286000095, 24.493632748000149 ], [ 90.973331463000136, 24.492267008999981 ], [ 90.973924491000162, 24.491583615000138 ], [ 90.976241739000045, 24.49069943600006 ], [ 90.977535229000125, 24.49079040700007 ], [ 90.977912813000103, 24.489767478000029 ], [ 90.977481952000062, 24.488844606999972 ], [ 90.97748191400008, 24.487722523000059 ], [ 90.977104851000036, 24.486896383999969 ], [ 90.979044537000107, 24.485136357000101 ], [ 90.980877125000077, 24.482695172000032 ], [ 90.981254463000198, 24.481329063000029 ], [ 90.98227823100018, 24.479816517000124 ], [ 90.982494385000109, 24.477868965000138 ], [ 90.984918918000062, 24.474010556000167 ], [ 90.985242566000011, 24.471380469000053 ], [ 90.985726665000016, 24.470892720000109 ], [ 90.986859348000053, 24.471277354000165 ], [ 90.987559364000049, 24.471128287000166 ], [ 90.989175947000149, 24.47131639100007 ], [ 90.991116114000192, 24.471795860000043 ], [ 90.991816659000165, 24.471793520000059 ], [ 90.993486732000065, 24.471251989000102 ], [ 90.997312353000098, 24.470897162000139 ], [ 90.998228553000047, 24.471184614000094 ], [ 90.999737464000134, 24.472495396000056 ], [ 91.000976594000178, 24.473220945000097 ], [ 91.003994487, 24.474668430000062 ], [ 91.006419057000073, 24.474318160000053 ], [ 91.007698265000045, 24.473711923000053 ], [ 91.007267253000066, 24.473177464000173 ], [ 91.00559678500008, 24.472111668000085 ], [ 91.005327439000155, 24.471431635000048 ], [ 91.005919428000198, 24.468555896000058 ], [ 91.008681043000195, 24.466568193000171 ], [ 91.01130718200011, 24.465758768000054 ], [ 91.011860660000082, 24.464488493000029 ], [ 91.011948223000161, 24.463441867000135 ], [ 91.012809885000195, 24.463517516000081 ], [ 91.013261783000132, 24.463812505000067 ], [ 91.014293042000077, 24.463839454000095 ], [ 91.014999898000156, 24.463245449000048 ], [ 91.016255584000135, 24.462884810000105 ], [ 91.016611024000042, 24.463300094000033 ], [ 91.016775258000109, 24.464247224000072 ], [ 91.0181963980001, 24.465520027000139 ], [ 91.019229019000193, 24.466021050000109 ], [ 91.020646703000068, 24.466018255000112 ], [ 91.021324079000195, 24.466282347000117 ], [ 91.022880948000136, 24.46953870100009 ], [ 91.023979565000161, 24.470721066000124 ], [ 91.025334542999985, 24.471192767000154 ], [ 91.02633248900014, 24.470982800000115 ], [ 91.027521651000143, 24.469942953000153 ], [ 91.028836142999978, 24.468012713000121 ], [ 91.030950236000024, 24.464243764000113 ], [ 91.031493964000106, 24.46293736500013 ], [ 91.031620042000043, 24.461988275000124 ], [ 91.030926289000092, 24.459101316000105 ], [ 91.028207487000032, 24.454988251000032 ], [ 91.027264175000141, 24.452262850000011 ], [ 91.027454447000082, 24.45116657300002 ], [ 91.027839073000109, 24.450543093000135 ], [ 91.028384829000117, 24.450096872000074 ], [ 91.028707162000103, 24.450155638000126 ], [ 91.028963851000071, 24.44979943300007 ], [ 91.032216087000052, 24.449316695000054 ], [ 91.033473565000179, 24.449728038000103 ], [ 91.037261014000137, 24.455350852000091 ], [ 91.040662998000073, 24.461299061000091 ], [ 91.042247557000167, 24.463222982000048 ], [ 91.043119663000198, 24.463842344000113 ], [ 91.044151267000132, 24.464135495000157 ], [ 91.044989041000136, 24.464104870000021 ], [ 91.046533609000051, 24.463565885000094 ], [ 91.051416933000155, 24.459492996000165 ], [ 91.052542132999974, 24.458807860000142 ], [ 91.05446854000013, 24.456965710000127 ], [ 91.055305257000157, 24.45666637600004 ], [ 91.056336710000153, 24.456871393000029 ], [ 91.058160321000173, 24.462588633000053 ], [ 91.059393299000192, 24.464984424000129 ], [ 91.061530396000194, 24.468121147000033 ], [ 91.063477503000129, 24.472266095000183 ], [ 91.063929546000111, 24.472560926000142 ], [ 91.064670676000162, 24.47261891900007 ], [ 91.065475651000042, 24.472349098 ], [ 91.066375044000097, 24.471575144000099 ], [ 91.066793641, 24.471486400000057 ], [ 91.067955890000178, 24.472193871000059 ], [ 91.068247268000107, 24.47266818100001 ], [ 91.067894059000139, 24.472905474000015 ], [ 91.064707287000033, 24.473891990000141 ], [ 91.062423930000023, 24.475025612000135 ], [ 91.059723175000158, 24.476692682000021 ], [ 91.058406077000029, 24.477821721000115 ], [ 91.056508643000086, 24.4788058040001 ], [ 91.055255512000031, 24.479846320000036 ], [ 91.053778864000094, 24.481450549000154 ], [ 91.053137979999974, 24.482549992000088 ], [ 91.052149223000185, 24.485575396000119 ], [ 91.052218538000147, 24.486938548000122 ], [ 91.052869461000057, 24.48889367400005 ], [ 91.053516683000169, 24.489810291000143 ], [ 91.05435671500004, 24.490400454000056 ], [ 91.054937225000117, 24.490488968000072 ], [ 91.057286676000047, 24.48962139300016 ], [ 91.058120123000052, 24.488464145000137 ], [ 91.058827262000193, 24.487987335000128 ], [ 91.060633639000173, 24.488487149000093 ], [ 91.061795892000134, 24.489106615000019 ], [ 91.062346461000118, 24.489816169000107 ], [ 91.062259748000145, 24.490830401000157 ], [ 91.062714011000139, 24.491429659000172 ], [ 91.062400407000155, 24.494039475000132 ], [ 91.06317663200015, 24.49480839000006 ], [ 91.064272407000146, 24.494922584999987 ], [ 91.066591471000152, 24.49447275000017 ], [ 91.067908640000155, 24.493341380000171 ], [ 91.069130896000047, 24.492804437000071 ], [ 91.069937153000069, 24.492891292000081 ], [ 91.071038544000146, 24.493451286000038 ], [ 91.072517492000145, 24.493656397000052 ], [ 91.075013841000157, 24.493026819000185 ], [ 91.075995773000045, 24.493317837000117 ], [ 91.080529793000039, 24.492567196000099 ], [ 91.082678102000045, 24.492459575000108 ], [ 91.084780061000174, 24.492742501000127 ], [ 91.086558911999987, 24.493465707000098 ], [ 91.08887736600019, 24.494963896000112 ], [ 91.089631894000092, 24.495057788999986 ], [ 91.091086561000054, 24.494516735000161 ], [ 91.091624384000056, 24.493442719000139 ], [ 91.091945839000118, 24.490812484 ], [ 91.093023384, 24.490174803000116 ], [ 91.09884268400009, 24.489757805000071 ], [ 91.100620616000128, 24.489166896000086 ], [ 91.101913911000111, 24.489159724000046 ], [ 91.103584352000041, 24.488763727000045 ], [ 91.104231466000115, 24.489343727000055 ], [ 91.106386463000149, 24.488993823999976 ], [ 91.10751762100017, 24.488502396 ], [ 91.107624692000059, 24.487770131999977 ], [ 91.107947768000145, 24.487476526000027 ], [ 91.109348899000167, 24.487179520000147 ], [ 91.111611069999981, 24.486047610000121 ], [ 91.112474366000185, 24.486872068000132 ], [ 91.113390261000063, 24.487014323000096 ], [ 91.114145293000149, 24.487448996000065 ], [ 91.115493958000116, 24.48875750600018 ], [ 91.11560270800004, 24.489829083000071 ], [ 91.11759846200016, 24.491911677000076 ], [ 91.118084701000157, 24.492982715999968 ], [ 91.118462077000117, 24.493320824000072 ], [ 91.119216811, 24.49336715700008 ], [ 91.120293857000149, 24.492826369000117 ], [ 91.120670435000022, 24.492238844999974 ], [ 91.120452867000154, 24.490097959000142 ], [ 91.11985761, 24.487860536000024 ], [ 91.119910116000085, 24.486546198000163 ], [ 91.120232849000047, 24.486008743000184 ], [ 91.120448630000055, 24.485860397000181 ], [ 91.12087997500015, 24.486444183000174 ], [ 91.120935648000057, 24.487854796000075 ], [ 91.121259878000046, 24.488877359000014 ], [ 91.121799386000077, 24.48955515900019 ], [ 91.1221770840001, 24.48965169000007 ], [ 91.122661221000101, 24.489162698000086 ], [ 91.123467559000176, 24.486966791000039 ], [ 91.124596669000198, 24.484867811000132 ], [ 91.128203617, 24.481784069000067 ], [ 91.130035284000144, 24.481093086000154 ], [ 91.129989475000173, 24.479136472000103 ], [ 91.13564467000009, 24.476382643000079 ], [ 91.136452701000053, 24.476331411999986 ], [ 91.137152646000175, 24.475987502000123 ], [ 91.138553875000184, 24.476272700000088 ], [ 91.140545753000154, 24.474898579000183 ], [ 91.141624024000123, 24.475136516000077 ], [ 91.144639867000137, 24.474002941000148 ], [ 91.144963963000123, 24.474585215000047 ], [ 91.14453361600016, 24.475073865000127 ], [ 91.14458762, 24.475317281 ], [ 91.145073110000055, 24.475607095000044 ], [ 91.147227905000079, 24.475206951000132 ], [ 91.148574595000127, 24.47471358600006 ], [ 91.154232099000126, 24.474783351999974 ], [ 91.154179694000163, 24.47600287600017 ], [ 91.154708346, 24.476495096000068 ], [ 91.154548358000113, 24.477616106000077 ], [ 91.152124150000077, 24.478162900000026 ], [ 91.150725055000066, 24.479338497000011 ], [ 91.150835807000135, 24.480580553000092 ], [ 91.151695762000145, 24.482079248000044 ], [ 91.153801187, 24.484844576000054 ], [ 91.154880322000054, 24.485908699999982 ], [ 91.157039866000062, 24.489113800000151 ], [ 91.15817301400017, 24.490276821000176 ], [ 91.165888012000096, 24.496423644000114 ], [ 91.168910022000034, 24.499330663000023 ], [ 91.172098443000152, 24.501309351000145 ], [ 91.173439895000115, 24.501596025000072 ], [ 91.175373886000159, 24.501585281000072 ], [ 91.1764571920001, 24.500850107000186 ], [ 91.17796353, 24.499138383000115 ], [ 91.179520301000139, 24.495234113000034 ], [ 91.180596156000036, 24.493866628000099 ], [ 91.18199727200016, 24.493713430000064 ], [ 91.185557321000147, 24.495886688000102 ], [ 91.191439243000048, 24.500822916000114 ], [ 91.194948682000074, 24.504651158000172 ], [ 91.197863446000042, 24.507411671000057 ], [ 91.201428193000211, 24.511826282000182 ], [ 91.203965746000108, 24.514587411000086 ], [ 91.205477076000079, 24.515943449000019 ], [ 91.206448325000054, 24.516231424000182 ], [ 91.208175459000188, 24.517829525000142 ], [ 91.212010084000099, 24.521948213000027 ], [ 91.215520798000114, 24.526166478000103 ], [ 91.217142982000041, 24.528882811000017 ], [ 91.218767114000173, 24.532624049000159 ], [ 91.221095840000089, 24.538650998000097 ], [ 91.221965151000177, 24.542152223000187 ], [ 91.224675581999975, 24.550024954000097 ], [ 91.226923849000116, 24.554596363000027 ], [ 91.226559702000088, 24.556441948999975 ], [ 91.225485608000042, 24.558816075000149 ], [ 91.225416068000129, 24.559724567000156 ], [ 91.225839658000041, 24.56164449300001 ], [ 91.227503584000047, 24.564844528000034 ], [ 91.230627826000102, 24.567757853000103 ], [ 91.233934757000043, 24.570234943000113 ], [ 91.233934923000049, 24.570574518000054 ], [ 91.23312887600008, 24.57189275900015 ], [ 91.230168515000173, 24.574684729 ], [ 91.228013970000177, 24.576011691000016 ], [ 91.226020313000163, 24.576752610000135 ], [ 91.22499636200007, 24.577000243000104 ], [ 91.223540052000033, 24.576960161 ], [ 91.221650749000105, 24.57580155900007 ], [ 91.220679514000096, 24.575757515000134 ], [ 91.220087103000196, 24.575956463000061 ], [ 91.218633001000171, 24.577036062000158 ], [ 91.217180015, 24.578553604000152 ], [ 91.216209720000109, 24.578800747000059 ], [ 91.212704465000058, 24.578966725000097 ], [ 91.209576674000175, 24.578786436000033 ], [ 91.206835533000117, 24.578270977000106 ], [ 91.206343822000065, 24.578883993000034 ], [ 91.205971753000085, 24.582052086000033 ], [ 91.205274846000066, 24.583984883000028 ], [ 91.205275891000042, 24.58548264400002 ], [ 91.205868699000064, 24.586207457000054 ], [ 91.206678811000131, 24.586690853999986 ], [ 91.20657161400004, 24.587226760000078 ], [ 91.205279267000165, 24.588207860000125 ], [ 91.203661920000172, 24.588703919 ], [ 91.202097438000067, 24.588273936000064 ], [ 91.201017150000041, 24.587354693000119 ], [ 91.199339872000166, 24.586687237000145 ], [ 91.199075262000122, 24.587022506000093 ], [ 91.197462546000111, 24.590342683000078 ], [ 91.19730545200008, 24.591322991000027 ], [ 91.197681512000088, 24.592142484000021 ], [ 91.198492262, 24.593016484000088 ], [ 91.199787523000168, 24.59369021000003 ], [ 91.204642706000186, 24.594443844000011 ], [ 91.205289183000104, 24.595525221000063 ], [ 91.20410930900016, 24.597854779999981 ], [ 91.201202966000153, 24.601327562999987 ], [ 91.200126974000113, 24.602941276000017 ], [ 91.200136383000086, 24.605188718000189 ], [ 91.201268686000049, 24.60833903800005 ], [ 91.201109649000159, 24.609850620000085 ], [ 91.199978768999983, 24.610830393000075 ], [ 91.198846926000044, 24.611322535000109 ], [ 91.194641891, 24.612658598000056 ], [ 91.192971857000032, 24.614080570000112 ], [ 91.191192678, 24.614478453000114 ], [ 91.187740394000173, 24.614546387000019 ], [ 91.18466821200019, 24.616363117000045 ], [ 91.179976896000142, 24.617165305000189 ], [ 91.178711185000168, 24.619330048000162 ], [ 91.177443507000078, 24.620675262000074 ], [ 91.179274971000098, 24.622451664000153 ], [ 91.179246702000114, 24.622781608000079 ], [ 91.180054786000198, 24.623664085000026 ], [ 91.180790937000097, 24.625235238000069 ], [ 91.181006785000193, 24.62650942100009 ], [ 91.180478974000152, 24.62847596600017 ], [ 91.17962138200005, 24.629562652 ], [ 91.177608222000117, 24.631184030000043 ], [ 91.177852624000082, 24.631602631000135 ], [ 91.178375545999984, 24.63161764900013 ], [ 91.178629689000161, 24.631959714000114 ], [ 91.179737188000047, 24.631874572000182 ], [ 91.184114805000149, 24.630416152000127 ], [ 91.186818290000076, 24.628926229 ], [ 91.191438029000153, 24.626834920000075 ], [ 91.193348134000189, 24.625672922000028 ], [ 91.195226270000148, 24.625275724000065 ], [ 91.195619328000191, 24.62538011800018 ], [ 91.196160907000149, 24.625985078000102 ], [ 91.196579545000134, 24.626734074000122 ], [ 91.196759823000093, 24.628076080000142 ], [ 91.194260184000143, 24.63293901600014 ], [ 91.193726851000179, 24.634579905000123 ], [ 91.193207521000033, 24.63770349400016 ], [ 91.193084239000086, 24.641366234000024 ], [ 91.192293384000152, 24.641903036000027 ], [ 91.190770714999985, 24.640479298000169 ], [ 91.190126343000145, 24.640249613000091 ], [ 91.188994949000175, 24.640233732000073 ], [ 91.18730946200003, 24.638955727000106 ], [ 91.18658311900009, 24.638871159000079 ], [ 91.184396253000173, 24.639357977000024 ], [ 91.183502041000054, 24.639938439000101 ], [ 91.181872036000129, 24.641466090000108 ], [ 91.181213779000075, 24.642712924000076 ], [ 91.180479617000117, 24.643441113000161 ], [ 91.17999317400006, 24.643654886000039 ], [ 91.178701637000074, 24.643488929000053 ], [ 91.17764608900012, 24.643991609000064 ] ] ] } },
{ "type": "Feature", "properties": { "adm3_pcode": "BD45720038", "adm3_name": "Khaliajuri", "area_sqkm": 292.72217812999997, "population_total": 32157.126007080078, "population_flood_exposed": 321.36598968505859, "population_access_loss": 7690.2139701843262, "population_density": 109.85544796267153, "priority_score": 14.981738841229948 }, "geometry": { "type": "Polygon", "coordinates": [ [ [ 91.159546869000053, 24.834726536000115 ], [ 91.158681279, 24.835351803000091 ], [ 91.158137043000124, 24.83767901400017 ], [ 91.157074143000102, 24.838770855000174 ], [ 91.155936467000117, 24.839271801000056 ], [ 91.154712645000146, 24.840288115000135 ], [ 91.153900185000055, 24.84064656400005 ], [ 91.153333586000144, 24.840639653000093 ], [ 91.152448514000071, 24.840036947000158 ], [ 91.152055304000044, 24.838850265000183 ], [ 91.152045907000115, 24.836899835000114 ], [ 91.151664358000062, 24.835701773999972 ], [ 91.150267421000194, 24.834114203000187 ], [ 91.147120260000122, 24.832722917000176 ], [ 91.146270283000035, 24.831959621000063 ], [ 91.144838980000031, 24.830187142000057 ], [ 91.144188718000066, 24.829146883000075 ], [ 91.144185047000178, 24.82874732800013 ], [ 91.14266518300019, 24.826684279000059 ], [ 91.142901321000181, 24.824585226000185 ], [ 91.147725569000045, 24.821636057000152 ], [ 91.149497096000118, 24.81987512 ], [ 91.151109352000162, 24.814735864000049 ], [ 91.152722711000138, 24.811734465000146 ], [ 91.150226033000152, 24.811354105000131 ], [ 91.149879686000205, 24.810340875000115 ], [ 91.149059905000115, 24.809148424000117 ], [ 91.14901738500015, 24.808225420000149 ], [ 91.147695590000126, 24.807373187000049 ], [ 91.147488881000186, 24.806882632000054 ], [ 91.14660968700008, 24.806552999000075 ], [ 91.145140101000152, 24.804349612000124 ], [ 91.143614791000061, 24.803345388000142 ], [ 91.14310008800004, 24.802304081000042 ], [ 91.143131806000156, 24.799617999000183 ], [ 91.141940464000186, 24.797940713000177 ], [ 91.136419148000073, 24.795149528000017 ], [ 91.134284205000085, 24.793781849000133 ], [ 91.132933684000136, 24.793482799000056 ], [ 91.130655476000129, 24.793899614 ], [ 91.129620971000065, 24.795110699000134 ], [ 91.12928545200009, 24.796361656000158 ], [ 91.129755276000083, 24.797992572999988 ], [ 91.130882350000036, 24.798600371000187 ], [ 91.131041467000159, 24.798897166000131 ], [ 91.130955817000199, 24.799338034000019 ], [ 91.130467042000134, 24.799891009000074 ], [ 91.130974251000112, 24.800084508000168 ], [ 91.131133370000043, 24.800381302 ], [ 91.130720287000045, 24.801260351 ], [ 91.125602178000179, 24.803330739000106 ], [ 91.125112710000181, 24.803767867000026 ], [ 91.125098783000169, 24.805169914000086 ], [ 91.124609872000121, 24.805532536000101 ], [ 91.119659328000125, 24.807014505000037 ], [ 91.118519099000196, 24.807769314000097 ], [ 91.118484984000133, 24.805801951000092 ], [ 91.117961293000064, 24.803530251999966 ], [ 91.117153302000077, 24.801199721000163 ], [ 91.115709970000012, 24.798756529000173 ], [ 91.108445898000127, 24.791553184 ], [ 91.105803759000082, 24.791572010000149 ], [ 91.105494190000172, 24.791366075000099 ], [ 91.101308692000032, 24.784751822000032 ], [ 91.096977537000043, 24.786729649000165 ], [ 91.096051381000166, 24.786315797000039 ], [ 91.095742691000055, 24.786898347000083 ], [ 91.093398233000016, 24.784908512000015 ], [ 91.092192087000058, 24.784626090000124 ], [ 91.090293836000114, 24.784872459000152 ], [ 91.089220900000157, 24.785401768000153 ], [ 91.087651224000126, 24.787031859000141 ], [ 91.086068929000078, 24.787217184000088 ], [ 91.085368689, 24.786815899000029 ], [ 91.08529847300008, 24.786064638000138 ], [ 91.087743155, 24.783039804000108 ], [ 91.088866523000092, 24.781065291000118 ], [ 91.089039139000135, 24.779097690000068 ], [ 91.088526314000092, 24.778349648000187 ], [ 91.087947174000135, 24.777989333000161 ], [ 91.087979530000155, 24.777620544000118 ], [ 91.087466718000144, 24.776872497000117 ], [ 91.08574865200012, 24.776074496000092 ], [ 91.079039818000126, 24.776818330000143 ], [ 91.075995183000032, 24.776377434999972 ], [ 91.075548846000117, 24.776089413000136 ], [ 91.075027150000096, 24.774300640000032 ], [ 91.075202972999989, 24.772680692000105 ], [ 91.076518629000134, 24.767555850000068 ], [ 91.076055847000077, 24.767192522000073 ], [ 91.07289627, 24.768237874000018 ], [ 91.071666748999974, 24.768305376000114 ], [ 91.067785715000014, 24.769349010000159 ], [ 91.066180582000186, 24.76944397700009 ], [ 91.065392115000066, 24.769840150999983 ], [ 91.064764097000136, 24.770494804000069 ], [ 91.064782998, 24.770826535000079 ], [ 91.065168534000122, 24.771258209000109 ], [ 91.066168317000177, 24.771699394000112 ], [ 91.066315924000037, 24.772262739999977 ], [ 91.066054192000195, 24.773174409000024 ], [ 91.065127730000157, 24.774135962000059 ], [ 91.063554417000034, 24.774418054000133 ], [ 91.060017300000027, 24.774061603000067 ], [ 91.057063819000177, 24.771669117000155 ], [ 91.056013471000142, 24.76895387300004 ], [ 91.055625763000037, 24.768572814000031 ], [ 91.054781841000192, 24.768334943000184 ], [ 91.051178517000153, 24.768461866999981 ], [ 91.04732852799998, 24.769102907000104 ], [ 91.043870315000106, 24.768993853000158 ], [ 91.041896747000081, 24.767607884000139 ], [ 91.042045658000063, 24.767019192000078 ], [ 91.040837787000058, 24.76613037900017 ], [ 91.040953597000055, 24.765192670000147 ], [ 91.040263338000045, 24.764844829000026 ], [ 91.030196962000048, 24.767073125000028 ], [ 91.026937000000146, 24.767612506000148 ], [ 91.023784651000199, 24.767785346000096 ], [ 91.020448186000081, 24.767668146000119 ], [ 91.013669901000128, 24.766942071000187 ], [ 91.012787374000197, 24.766735826000115 ], [ 91.010226455000179, 24.765441447 ], [ 91.009397706000073, 24.765309320000028 ], [ 91.008971897000094, 24.764172093000187 ], [ 91.009918585000094, 24.761079553000059 ], [ 91.009913803000018, 24.760488088999981 ], [ 91.008889687000021, 24.759734174000073 ], [ 91.008287627000129, 24.759654694000059 ], [ 91.00809743100001, 24.759064479000127 ], [ 91.008644199000173, 24.757961339000186 ], [ 91.008634301000029, 24.756735520000117 ], [ 91.010381758000122, 24.755373693000138 ], [ 91.011926630000062, 24.751897822000046 ], [ 91.011228466000034, 24.751394572000152 ], [ 91.009697226000128, 24.750899191000091 ], [ 91.009183118000067, 24.750225369000134 ], [ 91.009588067000095, 24.748786795000111 ], [ 91.006750594000039, 24.746945603000025 ], [ 91.007109538000122, 24.745547980000083 ], [ 91.006966412000168, 24.745043234999965 ], [ 91.005617250000057, 24.744122154000078 ], [ 91.005792168000141, 24.742895092000143 ], [ 91.005370141000128, 24.742137104000165 ], [ 91.003790983000044, 24.741429763000149 ], [ 91.003095975000122, 24.741307988000131 ], [ 91.001849058000062, 24.741569183000141 ], [ 91.00129146400009, 24.741320054000024 ], [ 91.001346496000053, 24.740378720000134 ], [ 91.000993069000174, 24.739925041000163 ], [ 91.001026980000063, 24.739606489000085 ], [ 91.002235454000072, 24.738684075000155 ], [ 91.001957960000198, 24.738096689000031 ], [ 91.000646157000062, 24.737428166000086 ], [ 90.999839399000109, 24.736408119000146 ], [ 91.000384675000134, 24.736047777000177 ], [ 91.002356733000056, 24.736208441000141 ], [ 91.003695436000044, 24.736610373000183 ], [ 91.008012555000121, 24.738581661 ], [ 91.011732732000155, 24.73886363500009 ], [ 91.012804470000049, 24.739183753000138 ], [ 91.015278530000103, 24.738902874000072 ], [ 91.016961145000153, 24.737737826000117 ], [ 91.01822629100019, 24.737295773000028 ], [ 91.019851362999987, 24.737928611000026 ], [ 91.02109220400007, 24.736403044000149 ], [ 91.0255966040001, 24.735559555000119 ], [ 91.028061203, 24.733388908000165 ], [ 91.02884452300016, 24.732304393000046 ], [ 91.031703248000156, 24.730657009000023 ], [ 91.033052934000125, 24.730366916999969 ], [ 91.032823298000096, 24.730113779000185 ], [ 91.033941874000121, 24.729823868000093 ], [ 91.034398322000072, 24.729423378000142 ], [ 91.034405503000187, 24.729021474000145 ], [ 91.0334288210002, 24.728459290000167 ], [ 91.032956065000178, 24.72733374000012 ], [ 91.033035053000162, 24.725524847000084 ], [ 91.033588268000187, 24.7247218390001 ], [ 91.034268711000095, 24.72436044300002 ], [ 91.034762426000157, 24.724359294000013 ], [ 91.036655028999974, 24.725073640000176 ], [ 91.037241339, 24.72491155300014 ], [ 91.038023628000204, 24.723867639000105 ], [ 91.03827248000016, 24.722581332000171 ], [ 91.038737235000156, 24.721697646000049 ], [ 91.040015007000193, 24.720573529000035 ], [ 91.044596618000071, 24.717961239000086 ], [ 91.047897436000198, 24.716635570999987 ], [ 91.048266267000031, 24.71611374400009 ], [ 91.048217483000087, 24.713903884000043 ], [ 91.048915973000192, 24.71253765900002 ], [ 91.048978032000036, 24.71161160499997 ], [ 91.050532746999977, 24.710085868000135 ], [ 91.050590043000113, 24.709403667000057 ], [ 91.048685502000183, 24.708037591000046 ], [ 91.047541935000154, 24.706790345000051 ], [ 91.045486681000114, 24.706308007000075 ], [ 91.043626444000097, 24.704982189000194 ], [ 91.042403246000163, 24.703213947000052 ], [ 91.04120782800004, 24.702330486000047 ], [ 91.040082351000081, 24.700121310000043 ], [ 91.039199627000016, 24.699316940000124 ], [ 91.038350962000095, 24.699117371000057 ], [ 91.037377479999989, 24.69839263300014 ], [ 91.03676624600007, 24.69746897300007 ], [ 91.036862715000098, 24.697107087000177 ], [ 91.039545189000194, 24.697630362000044 ], [ 91.040399551000178, 24.697549940000101 ], [ 91.044079718000148, 24.695099700000068 ], [ 91.045409404, 24.693571066000064 ], [ 91.045830426000066, 24.692647027000074 ], [ 91.047032693000119, 24.692301619000091 ], [ 91.048923013000035, 24.694144358000077 ], [ 91.050192492000178, 24.69583321 ], [ 91.050945341000045, 24.696394602000112 ], [ 91.053685374000167, 24.697348885999983 ], [ 91.054899549000197, 24.697227474000101 ], [ 91.055492561000051, 24.69670631300005 ], [ 91.05565306200009, 24.695298691000119 ], [ 91.05587938400015, 24.695177444000077 ], [ 91.056190881000077, 24.695340061000138 ], [ 91.056941967000057, 24.695982707000038 ], [ 91.057903655000075, 24.697348562000172 ], [ 91.058086372000162, 24.699598112000103 ], [ 91.058350071000064, 24.699878453000103 ], [ 91.059071541000037, 24.699717589000159 ], [ 91.059337320999987, 24.699878261000087 ], [ 91.059748459000105, 24.70171519400014 ], [ 91.06033114700017, 24.701968564000136 ], [ 91.061510322000117, 24.701285200000083 ], [ 91.064315887000191, 24.697587683000105 ], [ 91.064900865000084, 24.697506776000125 ], [ 91.066817522000122, 24.698190765000106 ], [ 91.067491803000053, 24.698149849000117 ], [ 91.067898176000199, 24.697988927000093 ], [ 91.068904926000187, 24.696945517000124 ], [ 91.070846960000097, 24.696261163000148 ], [ 91.071888400000148, 24.695738996000046 ], [ 91.072120342000119, 24.695337741000113 ], [ 91.070939262000081, 24.693689092000053 ], [ 91.070985582000063, 24.691157984000078 ], [ 91.069921817000193, 24.690436360000032 ], [ 91.06963071500013, 24.689189976000133 ], [ 91.067505893000146, 24.687622517000019 ], [ 91.06632289900017, 24.686095750000106 ], [ 91.066462762000072, 24.678502404000088 ], [ 91.065792324000199, 24.675931227999971 ], [ 91.06508730000013, 24.675247657 ], [ 91.064508348, 24.675007939000071 ], [ 91.063584422000133, 24.674003072000168 ], [ 91.064985378000074, 24.671028894000077 ], [ 91.064858714000081, 24.670587301000065 ], [ 91.063891241000022, 24.669542106000165 ], [ 91.063814705000084, 24.668820211000025 ], [ 91.06509350500005, 24.667614611000143 ], [ 91.066861974000062, 24.667778154000072 ], [ 91.067179988000078, 24.667297281000174 ], [ 91.0673828030001, 24.666090274000052 ], [ 91.066368239000155, 24.665352465000186 ], [ 91.064275782000152, 24.665726266000096 ], [ 91.063077328000134, 24.665041662000135 ], [ 91.061939684000166, 24.664771557000048 ], [ 91.061154088000137, 24.666016540000157 ], [ 91.060745134000058, 24.666299374000115 ], [ 91.059397502000081, 24.666378871 ], [ 91.057353577000185, 24.665334447000131 ], [ 91.0557906680001, 24.664932293000049 ], [ 91.055156604000047, 24.665255073000139 ], [ 91.054669057000126, 24.66493339800007 ], [ 91.054595259000067, 24.66408956600003 ], [ 91.054891290000114, 24.662642610000034 ], [ 91.054718398000034, 24.662280346000102 ], [ 91.049522819000117, 24.657018076999972 ], [ 91.049139762000095, 24.655891939000067 ], [ 91.049415587000112, 24.654682181000169 ], [ 91.049091450000049, 24.654101977000092 ], [ 91.048021285000061, 24.653522458000047 ], [ 91.044427209000048, 24.653178132000161 ], [ 91.044179036000173, 24.652892236000127 ], [ 91.043661498000176, 24.650514029000071 ], [ 91.042564435000088, 24.648138710000126 ], [ 91.040546678, 24.644200702000035 ], [ 91.038555623000036, 24.641347272000019 ], [ 91.03814622100009, 24.639257269000034 ], [ 91.041081015000088, 24.635803108000118 ], [ 91.04162154900007, 24.635681969000132 ], [ 91.044671491000145, 24.636796863000029 ], [ 91.046102377000068, 24.637037512000116 ], [ 91.04646203700014, 24.636996630000112 ], [ 91.046873042000129, 24.636596423000128 ], [ 91.04685344000012, 24.636409303000107 ], [ 91.046162907000109, 24.636167435000175 ], [ 91.045520072000102, 24.63542237400009 ], [ 91.044180800000163, 24.634761162000078 ], [ 91.043519628000183, 24.632921264000057 ], [ 91.042580399000144, 24.631947962000023 ], [ 91.042281330000037, 24.631252425000127 ], [ 91.042379832000165, 24.630621858999973 ], [ 91.042918969000084, 24.629963406000108 ], [ 91.04399225700007, 24.629682784000174 ], [ 91.046798213000102, 24.629782938000119 ], [ 91.047417961, 24.62946480800008 ], [ 91.047943950000104, 24.628418117000074 ], [ 91.050306468000031, 24.628360997000129 ], [ 91.050704646000099, 24.627982321000097 ], [ 91.05049830500019, 24.626711632000024 ], [ 91.049099458000171, 24.627098836000069 ], [ 91.047894217000191, 24.627174970000169 ], [ 91.047086560000082, 24.627022560000167 ], [ 91.045413029000031, 24.626027295000135 ], [ 91.042941767000059, 24.626271856000074 ], [ 91.042893415000151, 24.625596061000177 ], [ 91.04111431900003, 24.625043976000089 ], [ 91.042185225000139, 24.623885164000111 ], [ 91.042157141000132, 24.623625729000022 ], [ 91.040434179000044, 24.62366023200013 ], [ 91.038217593000127, 24.623135972000114 ], [ 91.036722151000049, 24.619913340000092 ], [ 91.037792731000138, 24.617817638000073 ], [ 91.037559854000165, 24.615633843000129 ], [ 91.037683687000197, 24.614404829000019 ], [ 91.039455574000158, 24.612611314000052 ], [ 91.040268845000014, 24.613454571000091 ], [ 91.041542654000182, 24.61317484000017 ], [ 91.042408003000105, 24.613893552000093 ], [ 91.044065026000169, 24.61441035200005 ], [ 91.044653487000119, 24.614124060000165 ], [ 91.044898959000136, 24.612979989000106 ], [ 91.045891642000129, 24.612824089000185 ], [ 91.047039758000111, 24.613540806000053 ], [ 91.04827671400011, 24.613656363000132 ], [ 91.048293764000107, 24.614146153000142 ], [ 91.047560437000072, 24.614754050000109 ], [ 91.047684001, 24.615134729000037 ], [ 91.051141460000167, 24.61573598200016 ], [ 91.052060074000167, 24.616318803000123 ], [ 91.053081795000082, 24.616458402000035 ], [ 91.056109328000161, 24.617541163 ], [ 91.056392224000149, 24.617482736000056 ], [ 91.056502374, 24.617145577000148 ], [ 91.056280179, 24.616639168000059 ], [ 91.054666564000186, 24.616375058000077 ], [ 91.054528684000161, 24.615983196000172 ], [ 91.055464065000194, 24.615398679 ], [ 91.056658739000056, 24.61525483600013 ], [ 91.057698591000133, 24.615936108000028 ], [ 91.059812230000148, 24.616485641000111 ], [ 91.061494651000146, 24.618462757000088 ], [ 91.061721430000034, 24.619874435000156 ], [ 91.062357981, 24.620459182000161 ], [ 91.066273135000131, 24.621131347000066 ], [ 91.066947335000123, 24.621420059000172 ], [ 91.069179514000169, 24.621736081 ], [ 91.0709111540001, 24.621565730000039 ], [ 91.073390062000044, 24.622069572000154 ], [ 91.074503874000186, 24.621418195 ], [ 91.07556694900012, 24.620177934000136 ], [ 91.076703614999985, 24.619603141000088 ], [ 91.077278902999979, 24.618650818999978 ], [ 91.07800690900018, 24.618589163000021 ], [ 91.078657018000058, 24.618227796000095 ], [ 91.07826649499998, 24.616894084000023 ], [ 91.078673938000065, 24.616529943000046 ], [ 91.081012993000058, 24.616933072000055 ], [ 91.083948376000194, 24.614317942000067 ], [ 91.083890352000196, 24.612026872 ], [ 91.084381063000208, 24.611443125000111 ], [ 91.086080173000084, 24.611171243 ], [ 91.087291627000127, 24.611264088000155 ], [ 91.090869855000122, 24.608842852000173 ], [ 91.09152288700011, 24.608187921000081 ], [ 91.092762670000127, 24.605433656 ], [ 91.093252730000188, 24.604924390000178 ], [ 91.093982405000077, 24.604639143000099 ], [ 91.094951143000117, 24.604726919000083 ], [ 91.096539396000139, 24.605844166000058 ], [ 91.096801466000159, 24.605668417000174 ], [ 91.096613940000111, 24.604410034000072 ], [ 91.097310872000037, 24.603061668000066 ], [ 91.098366416000147, 24.602487308000146 ], [ 91.099496306, 24.602650636000135 ], [ 91.099976194000135, 24.603100911000183 ], [ 91.099971521000157, 24.604825765999973 ], [ 91.098826314000178, 24.607999313000107 ], [ 91.099066755000081, 24.608385867000145 ], [ 91.099731736000138, 24.608609027000114 ], [ 91.100801110000134, 24.60812936700006 ], [ 91.101453500000105, 24.607548901000147 ], [ 91.101861447000033, 24.606760264000172 ], [ 91.101418775000184, 24.605980112000108 ], [ 91.101464501000066, 24.605562117999966 ], [ 91.103042353000035, 24.60351419 ], [ 91.104587892000097, 24.602502732000179 ], [ 91.105476314999976, 24.602514271000132 ], [ 91.106836987000122, 24.603788853000086 ], [ 91.107148093000148, 24.605048570000122 ], [ 91.107057172000168, 24.606080970000104 ], [ 91.104431825000063, 24.610179770000112 ], [ 91.104426488000115, 24.610696804000096 ], [ 91.10474526600018, 24.611143728000116 ], [ 91.105147895000187, 24.611296547999984 ], [ 91.106765501999973, 24.611099534000058 ], [ 91.108389597000169, 24.610308701000065 ], [ 91.109847199000171, 24.609961575000106 ], [ 91.111380967000059, 24.610130863000109 ], [ 91.11250444000018, 24.61088563300018 ], [ 91.112988540000117, 24.610965585000031 ], [ 91.11502695900009, 24.609074419000081 ], [ 91.117212427000084, 24.608663130000071 ], [ 91.118097964000071, 24.608970359000182 ], [ 91.118818852000061, 24.609644538999984 ], [ 91.119131257000049, 24.610757475000067 ], [ 91.119850972000165, 24.611506163 ], [ 91.120333935000076, 24.611735101000136 ], [ 91.121229421000137, 24.611008252000151 ], [ 91.121715301000165, 24.610941420000071 ], [ 91.122987778000052, 24.613026983999987 ], [ 91.123948426000098, 24.613927369000184 ], [ 91.124512275000143, 24.614155689000032 ], [ 91.126044925000087, 24.61439933500014 ], [ 91.126778684000158, 24.613745909000041 ], [ 91.128157693000105, 24.613173433000103 ], [ 91.128890817000013, 24.612520002000167 ], [ 91.129536708999979, 24.612603201000184 ], [ 91.129856165000149, 24.612977821000133 ], [ 91.130395106000037, 24.615791259 ], [ 91.131681870000136, 24.61807079100015 ], [ 91.132051611000065, 24.619844740000129 ], [ 91.13293865300011, 24.621608017000092 ], [ 91.132607543000063, 24.623917775000045 ], [ 91.132850138000151, 24.624254587000053 ], [ 91.13427422, 24.624083565000092 ], [ 91.134952994000059, 24.624724117000142 ], [ 91.134937427000125, 24.626008808000108 ], [ 91.13311967500016, 24.62826430500013 ], [ 91.131845529000088, 24.629389151000112 ], [ 91.130909643999985, 24.630847826000149 ], [ 91.129522807000114, 24.632355036000149 ], [ 91.129410563000022, 24.633949740999977 ], [ 91.129646334000086, 24.634625249000123 ], [ 91.130396918000031, 24.635556510000185 ], [ 91.131055995000111, 24.635856327 ], [ 91.131193866000046, 24.636424204000036 ], [ 91.130847515000099, 24.637047646999974 ], [ 91.128562112000111, 24.63923662600018 ], [ 91.128357094000194, 24.639716774000135 ], [ 91.128515845000095, 24.639997784000112 ], [ 91.129917212000123, 24.640301062000162 ], [ 91.130475402000116, 24.64112088800016 ], [ 91.130466696000099, 24.642005927000067 ], [ 91.128837148000116, 24.643386276000168 ], [ 91.128833683000096, 24.643756546000077 ], [ 91.130838779000101, 24.645335336000134 ], [ 91.132135507999976, 24.644984678000071 ], [ 91.133849962000113, 24.643161168 ], [ 91.136526519000142, 24.642165677000154 ], [ 91.137341267000068, 24.641511588000128 ], [ 91.137586811000119, 24.641146259000038 ], [ 91.137601226000129, 24.639669685000058 ], [ 91.137936886000034, 24.638346454999972 ], [ 91.138345952000122, 24.637833145000172 ], [ 91.139477915999976, 24.637777159000169 ], [ 91.141170358000068, 24.638242932000022 ], [ 91.142624173000172, 24.638337996000079 ], [ 91.143989092000027, 24.63931643900014 ], [ 91.146389047000127, 24.641860517000108 ], [ 91.14720373900019, 24.641206375000028 ], [ 91.147295473000156, 24.640027216000082 ], [ 91.148025832000087, 24.639741699000123 ], [ 91.14881995900015, 24.641230155000017 ], [ 91.150749486000052, 24.642290007000152 ], [ 91.151961817000085, 24.642307810000091 ], [ 91.153020812000193, 24.64136279600006 ], [ 91.153263516000038, 24.641365450000137 ], [ 91.155354897000166, 24.642428515000063 ], [ 91.155925121000053, 24.641920690000063 ], [ 91.157319591000146, 24.639724627000135 ], [ 91.160661636000043, 24.63666919100012 ], [ 91.161962095000035, 24.635873510000124 ], [ 91.16358160700014, 24.635526864000035 ], [ 91.166324030000112, 24.636083554000098 ], [ 91.168173329000069, 24.637141546000063 ], [ 91.169214818000171, 24.638115495000076 ], [ 91.170168737000154, 24.639828343000037 ], [ 91.171773163000012, 24.641104920000032 ], [ 91.172395730000119, 24.643698531000158 ], [ 91.172958101, 24.644075671999985 ], [ 91.174813094000115, 24.644469805000028 ], [ 91.175683440000171, 24.64647675000009 ], [ 91.176168245000042, 24.646481988000168 ], [ 91.176492963000101, 24.646339478000069 ], [ 91.176665311000136, 24.64515967799997 ], [ 91.17764608900012, 24.643991609000064 ], [ 91.178701637000074, 24.643488929000053 ], [ 91.17999317400006, 24.643654886000039 ], [ 91.180479617000117, 24.643441113000161 ], [ 91.181213779000075, 24.642712924000076 ], [ 91.181872036000129, 24.641466090000108 ], [ 91.184396253000173, 24.639357977000024 ], [ 91.18658311900009, 24.638871159000079 ], [ 91.18730946200003, 24.638955727000106 ], [ 91.188994949000175, 24.640233732000073 ], [ 91.190126343000145, 24.640249613000091 ], [ 91.190770714999985, 24.640479298000169 ], [ 91.192293384000152, 24.641903036000027 ], [ 91.192943282999977, 24.641543444000092 ], [ 91.193441567000036, 24.636146176000125 ], [ 91.194260184000143, 24.63293901600014 ], [ 91.194616777000078, 24.632192949000114 ], [ 91.196458701000097, 24.631980194000047 ], [ 91.197163059000104, 24.632222915000114 ], [ 91.198303917000146, 24.633044612000162 ], [ 91.198487988000181, 24.633351258000111 ], [ 91.198257031000196, 24.633548089000151 ], [ 91.198372558000074, 24.634013076000031 ], [ 91.198656385, 24.634309474000187 ], [ 91.199344696000196, 24.634332983000085 ], [ 91.199928291999981, 24.634774495000041 ], [ 91.200768732000085, 24.634975478000058 ], [ 91.202015283000094, 24.635028729000112 ], [ 91.202737559000198, 24.634754305000119 ], [ 91.20395013600006, 24.633581962000047 ], [ 91.20459638900013, 24.633430047000164 ], [ 91.205091606000167, 24.633496057000109 ], [ 91.205666099000041, 24.633909102000132 ], [ 91.20696712400013, 24.636612244000098 ], [ 91.20762280100007, 24.639494388 ], [ 91.208022578000055, 24.643437377000048 ], [ 91.207920400000091, 24.644691139000027 ], [ 91.208526469000049, 24.645541396000109 ], [ 91.208639885000025, 24.646487514000061 ], [ 91.208876955000108, 24.651171645000147 ], [ 91.209371138000051, 24.653045951000141 ], [ 91.210219054000063, 24.654136292000029 ], [ 91.211176669000167, 24.654753916000168 ], [ 91.212475510000047, 24.655213011000058 ], [ 91.214666513000054, 24.655457192000085 ], [ 91.218054024000139, 24.655411713000152 ], [ 91.220000441000138, 24.655969334000194 ], [ 91.220664547000013, 24.655738191000125 ], [ 91.221427201000097, 24.653957567000077 ], [ 91.222284186000195, 24.65400251900007 ], [ 91.223771512000155, 24.655295276000171 ], [ 91.224900872000148, 24.655532140000052 ], [ 91.22563050600013, 24.655246258000034 ], [ 91.226126062000105, 24.654072811 ], [ 91.226857340000038, 24.653640166 ], [ 91.227740244000074, 24.654314733000145 ], [ 91.2281282900002, 24.656167256 ], [ 91.228765326000143, 24.657209548000139 ], [ 91.23158251000018, 24.658577122000104 ], [ 91.232590726000126, 24.663388686000133 ], [ 91.23361661600012, 24.666283449000105 ], [ 91.233842942000194, 24.668132765 ], [ 91.233747722000089, 24.669754454000156 ], [ 91.233014251999975, 24.670410643000025 ], [ 91.226217535000103, 24.671204503000123 ], [ 91.224999093, 24.671853326000072 ], [ 91.223532619000196, 24.673163358000117 ], [ 91.223722500000179, 24.67407611700008 ], [ 91.224677114000144, 24.67474333600012 ], [ 91.224992225000165, 24.675259999000161 ], [ 91.224947869000061, 24.675966972000079 ], [ 91.224024657000029, 24.676683361000126 ], [ 91.223573869000063, 24.678149918000081 ], [ 91.223728531000063, 24.678997488000043 ], [ 91.225505911000198, 24.678651135000049 ], [ 91.228993009000078, 24.677297469000163 ], [ 91.233857746000197, 24.675663762000056 ], [ 91.234342676000168, 24.675671063000035 ], [ 91.235466929000154, 24.676497101 ], [ 91.23683877100018, 24.676810894000141 ], [ 91.238848862000111, 24.678020159000084 ], [ 91.239731008000092, 24.678843648999987 ], [ 91.241162239000118, 24.680847792000179 ], [ 91.243412591000151, 24.683102497000107 ], [ 91.243322247000151, 24.684207173000058 ], [ 91.241852191000191, 24.685959888000014 ], [ 91.242509656000152, 24.694018306000142 ], [ 91.242256943000086, 24.695196564000071 ], [ 91.24135834200014, 24.696217622 ], [ 91.240224961000209, 24.696425654000162 ], [ 91.238851880000212, 24.696258651000111 ], [ 91.235628185000166, 24.695109061000036 ], [ 91.234485697000139, 24.696274310000089 ], [ 91.233999157000028, 24.696488260000024 ], [ 91.232464742, 24.696248031000145 ], [ 91.23189613400001, 24.696534885000062 ], [ 91.230747880000081, 24.698438368999973 ], [ 91.228876473000014, 24.699742749000109 ], [ 91.227012506000108, 24.700234337000094 ], [ 91.226204358000203, 24.700225144000107 ], [ 91.22473123900005, 24.699623129000148 ], [ 91.22182224900007, 24.701283545000024 ], [ 91.221234165000112, 24.702175542000024 ], [ 91.221169368000119, 24.703196473000045 ], [ 91.222188613000185, 24.704450131000041 ], [ 91.222977613000126, 24.705089354000052 ], [ 91.226495081000166, 24.706254870000063 ], [ 91.226949353000123, 24.706966792000173 ], [ 91.227374907000126, 24.708530032 ], [ 91.227503747000128, 24.7102650110001 ], [ 91.227364941000189, 24.715137875999972 ], [ 91.227646002000085, 24.717147027000063 ], [ 91.228770720000057, 24.721698004000078 ], [ 91.230195332000179, 24.724187651000136 ], [ 91.230334044000131, 24.725349134000055 ], [ 91.229775564000079, 24.726805300000077 ], [ 91.229018180000139, 24.727452642000173 ], [ 91.225912860000065, 24.728873208000095 ], [ 91.223559842000043, 24.72906625600012 ], [ 91.221645512000123, 24.728497170000086 ], [ 91.221032863000119, 24.727328250000021 ], [ 91.220725107000078, 24.72555182900004 ], [ 91.221542501000044, 24.724529289000149 ], [ 91.221708642000181, 24.724015478000183 ], [ 91.221552089000113, 24.723423025000098 ], [ 91.220188415000052, 24.722221837000177 ], [ 91.217934906000039, 24.721009805999984 ], [ 91.213287095000169, 24.716223142000047 ], [ 91.211913819000017, 24.716055908000097 ], [ 91.209317840000097, 24.716979866000145 ], [ 91.207941874000085, 24.717110606000112 ], [ 91.207619723, 24.716957428000054 ], [ 91.207139006000091, 24.716507536000162 ], [ 91.207070477000059, 24.715103902000184 ], [ 91.208299655000133, 24.713274436000177 ], [ 91.208468028000141, 24.712539382000102 ], [ 91.207663020000155, 24.712159828000146 ], [ 91.206365307000112, 24.712583398 ], [ 91.204980704000036, 24.713673629000084 ], [ 91.202613418000112, 24.71615107700006 ], [ 91.201233129000059, 24.716796504000055 ], [ 91.200505187000033, 24.716786532000132 ], [ 91.200022833999981, 24.71648562300004 ], [ 91.199153157000069, 24.71425761900008 ], [ 91.198833248000142, 24.713885424000065 ], [ 91.198429118000149, 24.713879628000143 ], [ 91.196879244000115, 24.715334566000077 ], [ 91.196382150000034, 24.716656931000163 ], [ 91.195974223000121, 24.717095889000063 ], [ 91.193215657000167, 24.71809086300015 ], [ 91.191370909000113, 24.719737721000168 ], [ 91.190541150000115, 24.721107865000196 ], [ 91.189530375000061, 24.721637381000168 ], [ 91.187013636000074, 24.723975812999985 ], [ 91.185634864000065, 24.72584241900006 ], [ 91.183550707000165, 24.726960560000123 ], [ 91.177100000000166, 24.729562362000138 ], [ 91.171205991000193, 24.730536369000159 ], [ 91.16986824500016, 24.730084017000024 ], [ 91.169413680000105, 24.728985880000042 ], [ 91.166949714000168, 24.725115321000146 ], [ 91.165669691000062, 24.723621749000188 ], [ 91.164569575000144, 24.720210104999978 ], [ 91.163890966000054, 24.71912949 ], [ 91.163024823000057, 24.718811123000084 ], [ 91.161604718000092, 24.719054657000122 ], [ 91.15887563800004, 24.720468677000092 ], [ 91.158831415000193, 24.721164345999963 ], [ 91.159911157000181, 24.722594061000052 ], [ 91.160417627000186, 24.723763787000053 ], [ 91.159408219000113, 24.726122625000183 ], [ 91.159052941000027, 24.726125374000105 ], [ 91.157113257000162, 24.725119938000091 ], [ 91.150316546000113, 24.726100087000074 ], [ 91.14624955700009, 24.725713581000093 ], [ 91.144421693000027, 24.725774954000087 ], [ 91.142800905000058, 24.726250115000081 ], [ 91.141948318000118, 24.727416995000169 ], [ 91.142482789000042, 24.728115092000102 ], [ 91.14204026200008, 24.72890113700003 ], [ 91.142605620000154, 24.729639567 ], [ 91.146426664000103, 24.730955907000062 ], [ 91.148468111000184, 24.732005849000071 ], [ 91.151216131000183, 24.732542390000106 ], [ 91.152135571000031, 24.73313809300009 ], [ 91.151985314000115, 24.736338835000087 ], [ 91.151284765000185, 24.737504602000172 ], [ 91.147864354000049, 24.741149695000047 ], [ 91.146761572000116, 24.742736166000149 ], [ 91.146487360000151, 24.746124594000037 ], [ 91.146579381000038, 24.747608727000163 ], [ 91.146995379000032, 24.748625959000154 ], [ 91.147814836000066, 24.749360160000034 ], [ 91.149192994000032, 24.750092333000115 ], [ 91.149854065999989, 24.750134669000083 ], [ 91.151423579000109, 24.749565000000132 ], [ 91.15242929900019, 24.748444300000131 ], [ 91.155281688000059, 24.743783074000071 ], [ 91.155937573000017, 24.743267810000081 ], [ 91.157061073000079, 24.742997264000049 ], [ 91.158345754000095, 24.743447876000065 ], [ 91.158848653, 24.743897757000067 ], [ 91.160472651000077, 24.747944260000111 ], [ 91.160621291000155, 24.749308926000083 ], [ 91.160015940000051, 24.751007904000115 ], [ 91.159133663000148, 24.752571309000075 ], [ 91.15745322700019, 24.753376695000092 ], [ 91.156036899000071, 24.753137047000163 ], [ 91.15484032500018, 24.752064906 ], [ 91.154376147000164, 24.751192554000109 ], [ 91.153687791000038, 24.750739572000093 ], [ 91.152594239000166, 24.750915050000064 ], [ 91.151417115000129, 24.751881299 ], [ 91.151157939000143, 24.753468092000102 ], [ 91.151907397000173, 24.755586684999969 ], [ 91.151913163000131, 24.756211980000103 ], [ 91.151555044000077, 24.756921348 ], [ 91.149607378000042, 24.758521102000028 ], [ 91.148333715000092, 24.758946260000073 ], [ 91.147740641000041, 24.758910169000156 ], [ 91.14152560600013, 24.757874033000068 ], [ 91.140111540000191, 24.757884802000142 ], [ 91.138111354000102, 24.758690154000188 ], [ 91.136982965000072, 24.76007357900016 ], [ 91.141163214000187, 24.760220138000129 ], [ 91.145776857999977, 24.762399574000138 ], [ 91.15411855800005, 24.767462415000072 ], [ 91.15614497200005, 24.765814586999966 ], [ 91.158171735000167, 24.765104055000162 ], [ 91.16061441, 24.766129936000084 ], [ 91.160889172, 24.768225061000127 ], [ 91.160044827000036, 24.770355950000123 ], [ 91.160535830000072, 24.771374813000136 ], [ 91.165278154000077, 24.773552628000115 ], [ 91.168238016000032, 24.776209258000048 ], [ 91.167747069000143, 24.778310337000054 ], [ 91.166803288000153, 24.779254573 ], [ 91.166845352000053, 24.780315286000128 ], [ 91.171215566000171, 24.780671712000125 ], [ 91.171496017000038, 24.783349206000139 ], [ 91.170917477000103, 24.784611177000041 ], [ 91.171005266000179, 24.787114090999975 ], [ 91.170167468000159, 24.79059498200013 ], [ 91.169438336000042, 24.791955201000174 ], [ 91.16857391100018, 24.79266855700001 ], [ 91.165387223000153, 24.793370665000054 ], [ 91.161414422000121, 24.792782989999974 ], [ 91.16077065800016, 24.792964069000163 ], [ 91.160293246000094, 24.793615683000034 ], [ 91.160267129000147, 24.794263797000042 ], [ 91.160274249000054, 24.795029046000018 ], [ 91.161115452999979, 24.797591594000153 ], [ 91.16657592100006, 24.803195199000065 ], [ 91.170820450000178, 24.80654155500002 ], [ 91.172120681000195, 24.809095919000129 ], [ 91.172552609000036, 24.814454149000081 ], [ 91.172373503000131, 24.815988410000163 ], [ 91.171174843000074, 24.818853564000044 ], [ 91.171941987000139, 24.821585927000118 ], [ 91.171794237000199, 24.822970943000087 ], [ 91.171127880000199, 24.824183937000097 ], [ 91.170972821000078, 24.828278032000181 ], [ 91.170590681000078, 24.82880928100019 ], [ 91.169622912000193, 24.828816860000181 ], [ 91.167919988000165, 24.829566121000088 ], [ 91.165342164000037, 24.829940672000074 ], [ 91.164156379000076, 24.830773906000097 ], [ 91.163619152000138, 24.831985862000014 ], [ 91.163817945000119, 24.832544179000134 ], [ 91.164920775999974, 24.833154148000062 ], [ 91.165442316000167, 24.833768642000109 ], [ 91.165478594000149, 24.83420857699997 ], [ 91.16503157000011, 24.834683882000149 ], [ 91.163001868000038, 24.835022514000116 ], [ 91.162354941000046, 24.834822115000119 ], [ 91.159546869000053, 24.834726536000115 ] ] ] } },
{ "type": "Feature", "properties": { "adm3_pcode": "BD60360002", "adm3_name": "Ajmiriganj", "area_sqkm": 179.5917332, "population_total": 125523.79034042358, "population_flood_exposed": 9645.515941619873, "population_access_loss": 6542.7764835357666, "population_density": 698.93969006154452, "priority_score": 64.878028149243221 }, "geometry": { "type": "Polygon", "coordinates": [ [ [ 91.341616449000185, 24.651772247000107 ], [ 91.338464748000092, 24.652249591000157 ], [ 91.337609963000148, 24.652990879000019 ], [ 91.336543352000092, 24.655993783000156 ], [ 91.336426552000034, 24.657841432000161 ], [ 91.335007905000168, 24.659106944000079 ], [ 91.334334884000157, 24.660280037000064 ], [ 91.333197508000183, 24.659425519000077 ], [ 91.331977729000073, 24.659009676000039 ], [ 91.32786124800009, 24.658619451000163 ], [ 91.326549132000082, 24.658287904000186 ], [ 91.323821528000167, 24.65660530600001 ], [ 91.319763348000095, 24.652882296000026 ], [ 91.317873625000175, 24.650934866000171 ], [ 91.316734380000142, 24.649235934000096 ], [ 91.315697983000064, 24.648391681000131 ], [ 91.314197141000079, 24.647892363000032 ], [ 91.312985276000063, 24.64815805000012 ], [ 91.31187291900018, 24.649023354000121 ], [ 91.310302899000078, 24.650829499000054 ], [ 91.308929752000097, 24.653575287000074 ], [ 91.309044577000066, 24.655786175 ], [ 91.308683262000102, 24.656823703999976 ], [ 91.307104217000131, 24.657776565000063 ], [ 91.304954683000062, 24.65779524800007 ], [ 91.30401418100007, 24.657205179000183 ], [ 91.302872408, 24.655251063000151 ], [ 91.302818332000129, 24.650041235000064 ], [ 91.303526170000126, 24.646190583000134 ], [ 91.304259982000076, 24.644904215000107 ], [ 91.305075202000182, 24.642420667000128 ], [ 91.304964214000051, 24.640712707000038 ], [ 91.303050081000052, 24.636372338000172 ], [ 91.302848571000084, 24.634922512000113 ], [ 91.30302261300011, 24.633724529 ], [ 91.303479345000198, 24.632695664999964 ], [ 91.305697719000094, 24.630371511000074 ], [ 91.307633951000071, 24.627878209000187 ], [ 91.307990556000163, 24.62625196700008 ], [ 91.307132848000094, 24.6246362820001 ], [ 91.306100266999977, 24.624132799000048 ], [ 91.300477410000099, 24.622558377000189 ], [ 91.297752679000155, 24.621044551000185 ], [ 91.297274789000198, 24.620023764000162 ], [ 91.297346850000054, 24.617973325999969 ], [ 91.297617415000161, 24.617031870000062 ], [ 91.298719022000057, 24.61514186 ], [ 91.299433047000093, 24.611891656 ], [ 91.29894811600019, 24.610186909000106 ], [ 91.296949435000101, 24.606616965000114 ], [ 91.295294411000157, 24.600140869000025 ], [ 91.294633733000182, 24.599462526000138 ], [ 91.293414390000123, 24.59896055400003 ], [ 91.290426958000182, 24.599157767000065 ], [ 91.289124319000166, 24.599681386000153 ], [ 91.285301408000123, 24.600395850000101 ], [ 91.283069214000193, 24.601354025000091 ], [ 91.277203597000039, 24.603284431000077 ], [ 91.275994058000094, 24.603807151000186 ], [ 91.275533485000111, 24.604409298000174 ], [ 91.275637081000127, 24.605433335999972 ], [ 91.276783152000178, 24.607900121000057 ], [ 91.276604780000184, 24.608754978000029 ], [ 91.275676046000058, 24.609275312000083 ], [ 91.27483619000003, 24.609368216000124 ], [ 91.274179045000096, 24.609032895000041 ], [ 91.269923903000119, 24.604027808000069 ], [ 91.26804320399998, 24.602763648000057 ], [ 91.267279372000019, 24.601146918000097 ], [ 91.267234655000152, 24.596706732000026 ], [ 91.267581399000051, 24.594055728000061 ], [ 91.268573750000201, 24.590545937 ], [ 91.268830698000158, 24.588236573000071 ], [ 91.268798850000167, 24.585076296000182 ], [ 91.268417739000199, 24.584311945000081 ], [ 91.260064269000168, 24.580282385000089 ], [ 91.256024941000078, 24.57800891800002 ], [ 91.252840725000055, 24.577182087999969 ], [ 91.250599340000178, 24.577200713000028 ], [ 91.24742846800018, 24.577653686000076 ], [ 91.246119932000056, 24.577578730000138 ], [ 91.244715688000042, 24.57724945300015 ], [ 91.242518035000046, 24.576321684000046 ], [ 91.236980952000124, 24.57300801800011 ], [ 91.234054899000057, 24.570160403000155 ], [ 91.233721527000171, 24.57020545000006 ], [ 91.228467079000097, 24.565864065000074 ], [ 91.226867451000089, 24.563905944 ], [ 91.225839658000041, 24.56164449300001 ], [ 91.225416068000129, 24.559724567000156 ], [ 91.225485608000042, 24.558816075000149 ], [ 91.226559702000088, 24.556441948999975 ], [ 91.226923849000116, 24.554596363000027 ], [ 91.224675581999975, 24.550024954000097 ], [ 91.221965151000177, 24.542152223000187 ], [ 91.221095840000089, 24.538650998000097 ], [ 91.218767114000173, 24.532624049000159 ], [ 91.217142982000041, 24.528882811000017 ], [ 91.215142416999981, 24.52563222200013 ], [ 91.208175459000188, 24.517829525000142 ], [ 91.206448325000054, 24.516231424000182 ], [ 91.205477076000079, 24.515943449000019 ], [ 91.203965746000108, 24.514587411000086 ], [ 91.201428193000211, 24.511826282000182 ], [ 91.197863446000042, 24.507411671000057 ], [ 91.194948682000074, 24.504651158000172 ], [ 91.191439243000048, 24.500822916000114 ], [ 91.187499624000168, 24.497336611999966 ], [ 91.183237749000057, 24.494387772000103 ], [ 91.181727915000195, 24.493665878 ], [ 91.180596156000036, 24.493866628000099 ], [ 91.180111944000146, 24.494258716000051 ], [ 91.177641018000145, 24.499675954999983 ], [ 91.175373886000159, 24.501585281000072 ], [ 91.173439895000115, 24.501596025000072 ], [ 91.172098443000152, 24.501309351000145 ], [ 91.168910022000034, 24.499330663000023 ], [ 91.165888012000096, 24.496423644000114 ], [ 91.15817301400017, 24.490276821000176 ], [ 91.157039866000062, 24.489113800000151 ], [ 91.154880322000054, 24.485908699999982 ], [ 91.153801187, 24.484844576000054 ], [ 91.151695762000145, 24.482079248000044 ], [ 91.150835807000135, 24.480580553000092 ], [ 91.150725055000066, 24.479338497000011 ], [ 91.152124150000077, 24.478162900000026 ], [ 91.154548358000113, 24.477616106000077 ], [ 91.154708346, 24.476495096000068 ], [ 91.154179694000163, 24.47600287600017 ], [ 91.156389778000062, 24.476527803000181 ], [ 91.156820853000113, 24.47686540900003 ], [ 91.158278230000178, 24.478563262000076 ], [ 91.159142463000194, 24.480069243000116 ], [ 91.160707097000113, 24.481619505000072 ], [ 91.1623250990001, 24.482731358000017 ], [ 91.164590054000143, 24.483840468000096 ], [ 91.166098884000121, 24.484074907000032 ], [ 91.170894694000083, 24.483954271000187 ], [ 91.177789824000058, 24.482507721000044 ], [ 91.181399709, 24.482003173000063 ], [ 91.186249205000195, 24.481831963000104 ], [ 91.192659440000057, 24.480533031999975 ], [ 91.193844109000111, 24.480137623000065 ], [ 91.196152592000033, 24.478426905999974 ], [ 91.196318487000042, 24.477544379999987 ], [ 91.195993986000076, 24.477009639000077 ], [ 91.195185104000132, 24.476575805000035 ], [ 91.193137805000106, 24.476587478000052 ], [ 91.190768079000122, 24.477134449000118 ], [ 91.189851868000119, 24.477089745000111 ], [ 91.189204886000198, 24.47675394200013 ], [ 91.187802069000043, 24.475785172000091 ], [ 91.186183251000045, 24.474138547 ], [ 91.184830240999986, 24.4702502660001 ], [ 91.184829235000109, 24.46961588500011 ], [ 91.18746845600009, 24.469213630000127 ], [ 91.188598511000066, 24.468331050000074 ], [ 91.19020872800013, 24.464475923000069 ], [ 91.190800699000192, 24.46408295200013 ], [ 91.191825137000194, 24.464564778000067 ], [ 91.193388352000113, 24.464897859000132 ], [ 91.199261788000115, 24.465354809000132 ], [ 91.200556182000071, 24.466078254000021 ], [ 91.200934011000186, 24.466515486000162 ], [ 91.201096950000078, 24.467245654000177 ], [ 91.20088525500006, 24.469631369000123 ], [ 91.201212830000031, 24.472114387000037 ], [ 91.201807421000126, 24.473231690000031 ], [ 91.201753763000113, 24.473620423000114 ], [ 91.202240910000057, 24.4747859850001 ], [ 91.2035914020002, 24.476922212000034 ], [ 91.205156378000197, 24.478327508000117 ], [ 91.20779961500017, 24.479821244999979 ], [ 91.208715703999985, 24.479915508999973 ], [ 91.209361640000182, 24.479619111000151 ], [ 91.213666791000151, 24.476527800000095 ], [ 91.217704084000104, 24.474461225000084 ], [ 91.219427740000128, 24.474210273999972 ], [ 91.220452480000191, 24.474448076000158 ], [ 91.220938015000115, 24.474981460000034 ], [ 91.221046634000118, 24.475565298000053 ], [ 91.216797949000011, 24.479823535000033 ], [ 91.215938640000047, 24.481338524000027 ], [ 91.216048246000071, 24.482604154000111 ], [ 91.216481237000096, 24.483379535999969 ], [ 91.217613903000199, 24.484250874000114 ], [ 91.221171500000139, 24.484669152000091 ], [ 91.223380148000103, 24.484366821000041 ], [ 91.224125511000068, 24.48404079199997 ], [ 91.223634022000169, 24.486609011000102 ], [ 91.222485477000077, 24.487738076000021 ], [ 91.222765544000026, 24.488446949000146 ], [ 91.225069174000055, 24.487947413000029 ], [ 91.22606708100011, 24.48814024000006 ], [ 91.229515501000151, 24.487211430000116 ], [ 91.23116059400013, 24.487617938000032 ], [ 91.234661881000193, 24.486487656000126 ], [ 91.234416818000057, 24.487160160000148 ], [ 91.234386912000048, 24.488582682000072 ], [ 91.235101034000195, 24.490028464000147 ], [ 91.235790132, 24.489984450000065 ], [ 91.236563112000169, 24.48962594000005 ], [ 91.237376082000139, 24.489951144000141 ], [ 91.237909055000102, 24.489646519000068 ], [ 91.238436537000041, 24.489852148000121 ], [ 91.239253692000034, 24.489533898999984 ], [ 91.240402406000044, 24.488373105000047 ], [ 91.241109530000131, 24.487967703000091 ], [ 91.241651528000034, 24.488584083000095 ], [ 91.241770431000191, 24.489513227000089 ], [ 91.241583704000107, 24.490596141000136 ], [ 91.241891400000156, 24.490715520000148 ], [ 91.243337920000101, 24.489861542000025 ], [ 91.243475161, 24.489329881000167 ], [ 91.24398426700003, 24.488795158000073 ], [ 91.244451476000052, 24.489581460000128 ], [ 91.245067666000068, 24.488835897000168 ], [ 91.245312186000035, 24.488113712000029 ], [ 91.246066122000059, 24.488017193000076 ], [ 91.246597613000063, 24.487502594000084 ], [ 91.247038381000152, 24.487857910000173 ], [ 91.247526551000192, 24.487829046000051 ], [ 91.247547642000086, 24.487341234000038 ], [ 91.247955310000066, 24.487091791000065 ], [ 91.24825052500006, 24.486509155000185 ], [ 91.248902921000024, 24.486623413000071 ], [ 91.248906390000059, 24.484289054000101 ], [ 91.258946446000152, 24.483781280000184 ], [ 91.259900241000139, 24.484931458000123 ], [ 91.263561179000135, 24.484508060000106 ], [ 91.263931496000168, 24.4847216870001 ], [ 91.263933131000059, 24.486428393000097 ], [ 91.262845325000058, 24.487550470000144 ], [ 91.261813700000062, 24.489730872000049 ], [ 91.261214421000147, 24.490307042000094 ], [ 91.261120283000139, 24.491009930000182 ], [ 91.266112360000136, 24.49120520200017 ], [ 91.26680564100019, 24.4905334070001 ], [ 91.269327395000118, 24.491381392 ], [ 91.27020818200009, 24.49194063300018 ], [ 91.271084119000193, 24.491341783 ], [ 91.271978129000047, 24.489720100000053 ], [ 91.271054769000045, 24.486764827000055 ], [ 91.270915989000116, 24.483448510000187 ], [ 91.271113503000095, 24.482421915000085 ], [ 91.274418396999977, 24.482540808000067 ], [ 91.275311388000091, 24.483917155000139 ], [ 91.276044532000185, 24.484607419000042 ], [ 91.276536245000102, 24.485726399000093 ], [ 91.276674207000156, 24.487174584000112 ], [ 91.276917264000076, 24.487364421999985 ], [ 91.278965151000136, 24.487947603 ], [ 91.280797328000133, 24.487995287000047 ], [ 91.281658205000042, 24.487439398000163 ], [ 91.281826896000041, 24.485828330000118 ], [ 91.281500045000087, 24.482846616000131 ], [ 91.280919653000012, 24.481743079 ], [ 91.279943588000037, 24.480663211000032 ], [ 91.279687913000103, 24.479895550000034 ], [ 91.279774130000192, 24.478603497000165 ], [ 91.280406271000174, 24.47750999800019 ], [ 91.280499582000189, 24.475335177999963 ], [ 91.290679804000149, 24.473060983000039 ], [ 91.291738681000083, 24.472645575000119 ], [ 91.291765516999988, 24.472435391000147 ], [ 91.293429471000195, 24.471974161000158 ], [ 91.293877280000061, 24.472166735000084 ], [ 91.294273954000175, 24.472967026000159 ], [ 91.294576620000157, 24.473016357000056 ], [ 91.294928852000169, 24.473751556000082 ], [ 91.295145058000116, 24.473788082000052 ], [ 91.296222909000051, 24.476490156000185 ], [ 91.296724334000046, 24.476316536000176 ], [ 91.297014308000087, 24.476510452000063 ], [ 91.297595131000094, 24.476442254000119 ], [ 91.29821685200011, 24.478737355000195 ], [ 91.305111550000163, 24.478036802000076 ], [ 91.305239154000049, 24.479586632000061 ], [ 91.30570335800013, 24.48022827800002 ], [ 91.309147348000124, 24.479372210000061 ], [ 91.310815320000131, 24.479118445000097 ], [ 91.311262280000165, 24.479283882000058 ], [ 91.311319151000134, 24.479951617000147 ], [ 91.309163861000172, 24.480968147000059 ], [ 91.30892759100017, 24.482033495000053 ], [ 91.308619577000059, 24.482185162000118 ], [ 91.30346753900011, 24.48301082 ], [ 91.303049428000065, 24.483251468000045 ], [ 91.303506503000165, 24.486791866000036 ], [ 91.304201060000139, 24.486923579 ], [ 91.304290184000081, 24.48719371400011 ], [ 91.304008258000181, 24.491013649000024 ], [ 91.30322058400003, 24.491483244999984 ], [ 91.302369747000057, 24.491569600000105 ], [ 91.301389860000086, 24.490322855000095 ], [ 91.300745821000191, 24.49024713200015 ], [ 91.299843858000088, 24.491659090000102 ], [ 91.298271946000057, 24.491616172000079 ], [ 91.29750743, 24.492421916000122 ], [ 91.296931645000086, 24.495093021000059 ], [ 91.296960218000038, 24.500459220000099 ], [ 91.298087561000173, 24.499926272000039 ], [ 91.299395677000177, 24.499922186000042 ], [ 91.300221065000073, 24.503750095000161 ], [ 91.302318967000133, 24.503643356999987 ], [ 91.302258671000118, 24.502580576000067 ], [ 91.302875845000187, 24.502437542000163 ], [ 91.303137056000025, 24.503783036000133 ], [ 91.307350536000172, 24.504268094000114 ], [ 91.307795026000178, 24.503888364000087 ], [ 91.308005497000067, 24.502948534000154 ], [ 91.307965365000157, 24.498056803000168 ], [ 91.308456969000133, 24.497404633000027 ], [ 91.309942180000178, 24.496335226999971 ], [ 91.310808537000199, 24.496375117000131 ], [ 91.312343308000095, 24.497587624000172 ], [ 91.315326835000121, 24.499266096000099 ], [ 91.315623968000068, 24.500080734 ], [ 91.315335219000076, 24.505018156000176 ], [ 91.317577565000192, 24.505328839000192 ], [ 91.318140199000197, 24.511350935 ], [ 91.320006440000157, 24.511379775000073 ], [ 91.320128925000063, 24.512475860000112 ], [ 91.322766250000029, 24.512211210000032 ], [ 91.323065126000074, 24.51171193600015 ], [ 91.32445495800016, 24.511602670000176 ], [ 91.324789934000137, 24.511899982000049 ], [ 91.324813308000159, 24.513717080000102 ], [ 91.3239670170002, 24.51383738200013 ], [ 91.323909815000093, 24.514088469000058 ], [ 91.324176305000094, 24.516384290000193 ], [ 91.322394577000125, 24.516657272000028 ], [ 91.322254328000156, 24.517049054000157 ], [ 91.321744861000198, 24.517173165000031 ], [ 91.321557110000185, 24.517800142999985 ], [ 91.323526382000068, 24.517879955000062 ], [ 91.323740616, 24.518309261000013 ], [ 91.324796098000149, 24.518780850000038 ], [ 91.325046130000032, 24.522620952000182 ], [ 91.324441272000115, 24.525003431000076 ], [ 91.325054118000196, 24.525910085000071 ], [ 91.32531155800018, 24.527926044000022 ], [ 91.324973468000053, 24.528217976000178 ], [ 91.323242295999989, 24.528238816000112 ], [ 91.317173015000094, 24.527322332000157 ], [ 91.311806854999986, 24.527125282000043 ], [ 91.311380553999982, 24.529084007000165 ], [ 91.310226847000195, 24.531575053000036 ], [ 91.310951953000142, 24.531713234 ], [ 91.310291010000071, 24.534071318000088 ], [ 91.310153178000064, 24.535948516000133 ], [ 91.309210165000081, 24.537168996000048 ], [ 91.309218128000111, 24.537936486000145 ], [ 91.307106919000148, 24.539372527000012 ], [ 91.30748440800005, 24.542875188000039 ], [ 91.306245663000141, 24.545454988000127 ], [ 91.306236115000047, 24.548405653000149 ], [ 91.307536836000125, 24.550134924000133 ], [ 91.308687057000171, 24.550915075000091 ], [ 91.309429979000186, 24.551035044000169 ], [ 91.310424302000115, 24.550349148000066 ], [ 91.311084172000164, 24.550196670999977 ], [ 91.311281452000173, 24.549883419000025 ], [ 91.31112471400013, 24.549288797000024 ], [ 91.310157564000065, 24.548728310000122 ], [ 91.310301201000129, 24.548122045000124 ], [ 91.31163004300015, 24.547744772000037 ], [ 91.313113476000012, 24.547815385000149 ], [ 91.313241821000076, 24.547638181000025 ], [ 91.313016911000148, 24.547193151000158 ], [ 91.313295045000018, 24.546942402000127 ], [ 91.313648440000065, 24.54722376900002 ], [ 91.314289080000151, 24.54854334900017 ], [ 91.315138810000121, 24.549084515000171 ], [ 91.316944772000113, 24.54872334800001 ], [ 91.319672944000104, 24.548812365 ], [ 91.320239563000143, 24.548653892000171 ], [ 91.3205375940002, 24.548360061999972 ], [ 91.320321064000041, 24.547244490000075 ], [ 91.320477031000109, 24.546229499 ], [ 91.320911087000127, 24.546139911000061 ], [ 91.321461849000059, 24.547119360000178 ], [ 91.322019028000071, 24.547238639 ], [ 91.322284779000086, 24.546985724000134 ], [ 91.322406405000038, 24.545580484000023 ], [ 91.322854003000145, 24.545664599000187 ], [ 91.323360340000193, 24.546348696 ], [ 91.32405191600003, 24.54651645500013 ], [ 91.326320811000087, 24.546060810000021 ], [ 91.328226481, 24.546211086000024 ], [ 91.330349743, 24.545521886000188 ], [ 91.33292889900008, 24.546054451000089 ], [ 91.337930001000132, 24.545962741000146 ], [ 91.339284539000118, 24.546214842000154 ], [ 91.339184317000047, 24.547409953000173 ], [ 91.341758122999977, 24.54789726100017 ], [ 91.343632311000192, 24.548505895000062 ], [ 91.345036786000094, 24.554766957000137 ], [ 91.345129122000117, 24.558563242000098 ], [ 91.344908905000125, 24.559206335000113 ], [ 91.34417102100015, 24.558524384000062 ], [ 91.343216074999987, 24.558144609000177 ], [ 91.341687124000089, 24.556997875000143 ], [ 91.340855982000051, 24.556653102000151 ], [ 91.338868317000163, 24.55646759800004 ], [ 91.337879326000134, 24.556830806999979 ], [ 91.337062078000031, 24.557795242000111 ], [ 91.33707065100009, 24.558603350000052 ], [ 91.337997607000091, 24.560184405000037 ], [ 91.339973089000068, 24.561830627000173 ], [ 91.341120739000189, 24.563384863000124 ], [ 91.341766586000062, 24.564462711000143 ], [ 91.341691160000039, 24.565145148000052 ], [ 91.335208790000138, 24.567674695000164 ], [ 91.332032028000015, 24.569847442000086 ], [ 91.33115017300014, 24.569907159000142 ], [ 91.330013817000122, 24.569359593000119 ], [ 91.329296527999986, 24.569341091000016 ], [ 91.324399897000148, 24.570596498000093 ], [ 91.324127247000149, 24.570901401000182 ], [ 91.323768259000076, 24.573502944000037 ], [ 91.323279259000117, 24.57418675200012 ], [ 91.322064658999977, 24.574122919000107 ], [ 91.320668805000139, 24.572545877000149 ], [ 91.320162233000133, 24.572320051000133 ], [ 91.317123004000109, 24.57404881899998 ], [ 91.316368973000181, 24.575064518000087 ], [ 91.318502957000192, 24.576172348000114 ], [ 91.319004294000194, 24.576899393000129 ], [ 91.318580061000148, 24.577406531000175 ], [ 91.320553216000064, 24.579709959000123 ], [ 91.320700197000079, 24.580013433000033 ], [ 91.320515235000073, 24.58056137199997 ], [ 91.316948841, 24.583066827000096 ], [ 91.31530297500008, 24.584975260000132 ], [ 91.3148867660002, 24.586195691000174 ], [ 91.314545587000111, 24.586386042000182 ], [ 91.313808255000026, 24.586112548000131 ], [ 91.313051895000171, 24.584132538000063 ], [ 91.312363502000153, 24.583578677000162 ], [ 91.311652094000067, 24.583718069000152 ], [ 91.310228131000144, 24.584479956000049 ], [ 91.306176617000119, 24.588802171000168 ], [ 91.304679348000093, 24.59149256000012 ], [ 91.303781094000044, 24.592071492000056 ], [ 91.300960124000028, 24.595635678000065 ], [ 91.302077090000125, 24.596325847000056 ], [ 91.302800398000102, 24.596373768000038 ], [ 91.304426478000153, 24.597228828000087 ], [ 91.308409222000193, 24.592613778000153 ], [ 91.309094087000062, 24.592765850000092 ], [ 91.311740384000146, 24.589467173000116 ], [ 91.3130802660001, 24.589633834000161 ], [ 91.314202552000097, 24.589414096000098 ], [ 91.316295268000033, 24.588206110000154 ], [ 91.323467757000117, 24.585664497999971 ], [ 91.333079266000198, 24.583315442000128 ], [ 91.341596476, 24.581519594000042 ], [ 91.342020787000081, 24.580621848000188 ], [ 91.342330072000152, 24.579065934000077 ], [ 91.343118110000148, 24.578363603000128 ], [ 91.343945922999978, 24.57797696 ], [ 91.346642294000105, 24.578149276999962 ], [ 91.348541431000115, 24.574933421000026 ], [ 91.349397626000155, 24.575932594000164 ], [ 91.350296871000012, 24.576398607000101 ], [ 91.35110289500011, 24.576506000000165 ], [ 91.350825693000104, 24.577260393000131 ], [ 91.351594222000202, 24.577730177000149 ], [ 91.352582798000071, 24.577949306000054 ], [ 91.354658831000165, 24.577596541000101 ], [ 91.356114365000167, 24.57659014800004 ], [ 91.356481170000052, 24.575521311000159 ], [ 91.355553598000199, 24.572195358000045 ], [ 91.355987036000045, 24.571870893000096 ], [ 91.357215519000135, 24.572193938999987 ], [ 91.361662608000131, 24.574253263000056 ], [ 91.362754494000058, 24.575295374 ], [ 91.363035453000123, 24.576279351000149 ], [ 91.362711990000093, 24.577641281000073 ], [ 91.361043638000069, 24.579509757000096 ], [ 91.358451460000197, 24.581104371000041 ], [ 91.356733636000172, 24.582630112000114 ], [ 91.355999676000181, 24.582961799000088 ], [ 91.355564582000056, 24.584396960999982 ], [ 91.349977812000191, 24.584517134000063 ], [ 91.349512625000159, 24.585166944000036 ], [ 91.34672145500015, 24.585724700000185 ], [ 91.346344311000053, 24.585202078000073 ], [ 91.345378785000094, 24.585122666000082 ], [ 91.345074806000071, 24.584746124000056 ], [ 91.344144551000113, 24.584501591000105 ], [ 91.343050786000106, 24.584897382000115 ], [ 91.342488970000147, 24.585344861000067 ], [ 91.342658871000083, 24.58565036400006 ], [ 91.342536862000031, 24.586421256000047 ], [ 91.341592802000093, 24.586966953 ], [ 91.341562771000156, 24.587450323000034 ], [ 91.344347200000072, 24.58897186899997 ], [ 91.34571488000006, 24.590119998000038 ], [ 91.345896267000057, 24.590863346999978 ], [ 91.346386489000167, 24.591396246000105 ], [ 91.347841693000134, 24.59258646100011 ], [ 91.350272798000105, 24.593950772000081 ], [ 91.350630834000071, 24.593839201000037 ], [ 91.350650782000116, 24.593224988000088 ], [ 91.350932143000193, 24.59310055800011 ], [ 91.35715096500013, 24.592888858000155 ], [ 91.3577938210002, 24.593318753000119 ], [ 91.358851849000203, 24.595498960000103 ], [ 91.35935536400018, 24.595370253000048 ], [ 91.360125099000186, 24.594744750000071 ], [ 91.361567227000137, 24.593056667000095 ], [ 91.362648292000131, 24.591030961000165 ], [ 91.362984596999979, 24.590795394000168 ], [ 91.363778934000095, 24.59102072200011 ], [ 91.364501831000098, 24.592513133000068 ], [ 91.365706879000186, 24.596741742000116 ], [ 91.367409444000089, 24.597270335000015 ], [ 91.367640390000204, 24.597733276000042 ], [ 91.3674355670002, 24.599674305000178 ], [ 91.368811068000085, 24.601341360000166 ], [ 91.369863187000206, 24.604485470999975 ], [ 91.371117898000136, 24.605483132000018 ], [ 91.372478561000037, 24.605780000999971 ], [ 91.372708190000083, 24.606062346000158 ], [ 91.372950482000078, 24.607561351000125 ], [ 91.372821939000175, 24.61133700300007 ], [ 91.373848824000163, 24.612153863000117 ], [ 91.374639934000072, 24.612069883000117 ], [ 91.376039313000163, 24.61076356500001 ], [ 91.377111136000053, 24.610496409000113 ], [ 91.378271453000082, 24.610587372000115 ], [ 91.378566568000053, 24.611322854000033 ], [ 91.377720067000098, 24.611703090000049 ], [ 91.377735787000177, 24.612946356000066 ], [ 91.378770435000149, 24.614151844000162 ], [ 91.381255669000097, 24.618801983000083 ], [ 91.381274675000043, 24.619126882000042 ], [ 91.380586719000121, 24.619893960000066 ], [ 91.380141906, 24.621439886000136 ], [ 91.379381445000092, 24.622464974000025 ], [ 91.378945259000034, 24.622717294000104 ], [ 91.377059720000091, 24.626034972000181 ], [ 91.376322098000188, 24.627064354000083 ], [ 91.374812020000093, 24.628087250000135 ], [ 91.37433484100012, 24.628037433000028 ], [ 91.374179891000097, 24.62770023000013 ], [ 91.374255900000094, 24.627029070000166 ], [ 91.374784882000142, 24.62628378800013 ], [ 91.374444854999979, 24.625620946000019 ], [ 91.374834391000093, 24.625278768000101 ], [ 91.374796882000112, 24.624615418000136 ], [ 91.375112233000166, 24.623700520000114 ], [ 91.37452062300008, 24.622161824000155 ], [ 91.374371660000065, 24.621016397000172 ], [ 91.374565310000094, 24.617948995 ], [ 91.374426715000084, 24.617751606000127 ], [ 91.373425745000077, 24.61755983300014 ], [ 91.371231802000182, 24.618250314000193 ], [ 91.369410470000105, 24.619145059000058 ], [ 91.366853185000153, 24.621285822000171 ], [ 91.36531432400011, 24.621706142000104 ], [ 91.362499886000137, 24.623828851000155 ], [ 91.359037441000055, 24.624842176000072 ], [ 91.358551104000071, 24.624686290000117 ], [ 91.358008506000147, 24.623894303000046 ], [ 91.355876296000076, 24.623057959000164 ], [ 91.354847159000144, 24.622202620000163 ], [ 91.353619132, 24.622712579000165 ], [ 91.352786912000113, 24.622713292000132 ], [ 91.350039349000042, 24.62407214600012 ], [ 91.349396572000046, 24.625502382000146 ], [ 91.348732258000169, 24.625675396000069 ], [ 91.348027671000068, 24.625604957 ], [ 91.347808456000109, 24.624162139000191 ], [ 91.342360325000072, 24.624307933000182 ], [ 91.341979292000076, 24.624008831000133 ], [ 91.340472686000112, 24.624281878000094 ], [ 91.339235677000048, 24.625520968000096 ], [ 91.339574634000087, 24.62864735900007 ], [ 91.338215659000184, 24.62945580700017 ], [ 91.338298603000112, 24.630577036000084 ], [ 91.337484274000133, 24.631683674 ], [ 91.337325637000049, 24.632267513000105 ], [ 91.337463018000165, 24.636298151000172 ], [ 91.338286390000064, 24.636385639000139 ], [ 91.338662525000188, 24.636222010000154 ], [ 91.340891382000109, 24.633317091000038 ], [ 91.343462355000156, 24.630485839000123 ], [ 91.34431977700001, 24.630238886000019 ], [ 91.34519797300004, 24.630375512000114 ], [ 91.346858896000072, 24.631360703000041 ], [ 91.348809307000067, 24.629115096000138 ], [ 91.350236223000195, 24.628777214000024 ], [ 91.351163712000073, 24.631258875000121 ], [ 91.352792460000046, 24.633551366000177 ], [ 91.353478382000105, 24.633719015999983 ], [ 91.353990856000053, 24.633089085000048 ], [ 91.35476794900012, 24.632951151000153 ], [ 91.356208671000175, 24.633089412000114 ], [ 91.356307782999977, 24.633519695000128 ], [ 91.355112217, 24.634243836999989 ], [ 91.354623889000095, 24.634936765000127 ], [ 91.354628006000041, 24.635318566000027 ], [ 91.3551903930001, 24.635938490000171 ], [ 91.361064013000089, 24.639174557000104 ], [ 91.365407636000043, 24.64233624700006 ], [ 91.365156875000139, 24.642954813000074 ], [ 91.36365939500007, 24.644765342000024 ], [ 91.361950974000194, 24.646374602000151 ], [ 91.360779436000087, 24.646816388000104 ], [ 91.359229337000158, 24.646685936000157 ], [ 91.359454135000078, 24.647543996000078 ], [ 91.360637356000041, 24.648178923000163 ], [ 91.36131274000013, 24.648960660000053 ], [ 91.361813301000097, 24.649906518000016 ], [ 91.361738778000017, 24.650266128000109 ], [ 91.360878490000061, 24.65054255900014 ], [ 91.357588863000103, 24.65093124700013 ], [ 91.354891276000103, 24.651707329000025 ], [ 91.35436149200018, 24.651712104000183 ], [ 91.352863259000117, 24.650955803000048 ], [ 91.352136187000156, 24.65081786899998 ], [ 91.351140387000044, 24.651185763000058 ], [ 91.350054874000193, 24.652342310999984 ], [ 91.349525475000178, 24.652383187 ], [ 91.347207777000051, 24.652026985000024 ], [ 91.34383637600007, 24.652111353000066 ], [ 91.342349068000146, 24.652429403000099 ], [ 91.341616449000185, 24.651772247000107 ] ] ] } },
{ "type": "Feature", "properties": { "adm3_pcode": "BD60360011", "adm3_name": "Baniachong", "area_sqkm": 514.11140107999995, "population_total": 163357.34929656982, "population_flood_exposed": 1920.4596309661865, "population_access_loss": 29805.965072631836, "population_density": 317.74698820800916, "priority_score": 61.330534146948523 }, "geometry": { "type": "Polygon", "coordinates": [ [ [ 91.378051837000044, 24.698054231000182 ], [ 91.37642670800011, 24.698069144999977 ], [ 91.375206396000067, 24.697651421000106 ], [ 91.374449957000081, 24.696890822000114 ], [ 91.37348637700012, 24.694251667000174 ], [ 91.373449852000192, 24.690920018000096 ], [ 91.372785471000043, 24.689987 ], [ 91.371751480000171, 24.68948401300003 ], [ 91.370440842000107, 24.689326677000171 ], [ 91.368574020000153, 24.6895988 ], [ 91.365219315000175, 24.690568446000153 ], [ 91.354864320000047, 24.692542728000088 ], [ 91.351868346000117, 24.692140828000053 ], [ 91.349519174000079, 24.691053556000149 ], [ 91.348663201000022, 24.689693229000113 ], [ 91.348370835000196, 24.688585190000026 ], [ 91.34882646300008, 24.687472682000131 ], [ 91.350129722000133, 24.686948525000044 ], [ 91.356483030000049, 24.686633901000103 ], [ 91.358162701000197, 24.68636362300014 ], [ 91.359737953000149, 24.685067131000157 ], [ 91.360654802000056, 24.683435714999973 ], [ 91.361763422000138, 24.682231473000165 ], [ 91.362405398000135, 24.681114984000086 ], [ 91.36267372000016, 24.680001881000067 ], [ 91.362374758000101, 24.678295703000117 ], [ 91.361805649000132, 24.677533335000131 ], [ 91.361146969000174, 24.677110388000013 ], [ 91.353723473000059, 24.673506869000043 ], [ 91.349856506000094, 24.670295449000093 ], [ 91.347790572000065, 24.669374898 ], [ 91.347043615000132, 24.669465124 ], [ 91.346583169000098, 24.670067480000114 ], [ 91.345970740000098, 24.674003216000187 ], [ 91.345605344000091, 24.674774025999966 ], [ 91.344862952000142, 24.675293122000145 ], [ 91.343836519000035, 24.67547387500008 ], [ 91.342994453000131, 24.675395625000188 ], [ 91.342335866000099, 24.674974852000105 ], [ 91.340144984000176, 24.671149956000136 ], [ 91.337463719000141, 24.665110292000122 ], [ 91.335369152000112, 24.661541802000098 ], [ 91.334334884000157, 24.660280037000064 ], [ 91.335007905000168, 24.659106944000079 ], [ 91.336426552000034, 24.657841432000161 ], [ 91.336543352000092, 24.655993783000156 ], [ 91.337418583000101, 24.653459880000181 ], [ 91.337609963000148, 24.652990879000019 ], [ 91.338464748000092, 24.652249591000157 ], [ 91.341106846, 24.651758738000126 ], [ 91.341616449000185, 24.651772247000107 ], [ 91.342349068000146, 24.652429403000099 ], [ 91.34383637600007, 24.652111353000066 ], [ 91.346188343000108, 24.652036121999966 ], [ 91.350054874000193, 24.652342310999984 ], [ 91.351140387000044, 24.651185763000058 ], [ 91.352136187000156, 24.65081786899998 ], [ 91.352863259000117, 24.650955803000048 ], [ 91.35436149200018, 24.651712104000183 ], [ 91.354891276000103, 24.651707329000025 ], [ 91.357588863000103, 24.65093124700013 ], [ 91.360878490000061, 24.65054255900014 ], [ 91.361738778000017, 24.650266128000109 ], [ 91.361813301000097, 24.649906518000016 ], [ 91.36131274000013, 24.648960660000053 ], [ 91.360637356000041, 24.648178923000163 ], [ 91.359454135000078, 24.647543996000078 ], [ 91.359229337000158, 24.646685936000157 ], [ 91.360779436000087, 24.646816388000104 ], [ 91.361950974000194, 24.646374602000151 ], [ 91.36365939500007, 24.644765342000024 ], [ 91.365156875000139, 24.642954813000074 ], [ 91.365407636000043, 24.64233624700006 ], [ 91.361064013000089, 24.639174557000104 ], [ 91.3551903930001, 24.635938490000171 ], [ 91.354628006000041, 24.635318566000027 ], [ 91.354623889000095, 24.634936765000127 ], [ 91.355112217, 24.634243836999989 ], [ 91.356307782999977, 24.633519695000128 ], [ 91.356208671000175, 24.633089412000114 ], [ 91.35476794900012, 24.632951151000153 ], [ 91.353990856000053, 24.633089085000048 ], [ 91.353478382000105, 24.633719015999983 ], [ 91.352792460000046, 24.633551366000177 ], [ 91.351163712000073, 24.631258875000121 ], [ 91.350236223000195, 24.628777214000024 ], [ 91.348809307000067, 24.629115096000138 ], [ 91.346858896000072, 24.631360703000041 ], [ 91.34519797300004, 24.630375512000114 ], [ 91.34431977700001, 24.630238886000019 ], [ 91.343462355000156, 24.630485839000123 ], [ 91.340891382000109, 24.633317091000038 ], [ 91.338662525000188, 24.636222010000154 ], [ 91.338286390000064, 24.636385639000139 ], [ 91.337463018000165, 24.636298151000172 ], [ 91.337325637000049, 24.632267513000105 ], [ 91.337484274000133, 24.631683674 ], [ 91.338298603000112, 24.630577036000084 ], [ 91.338215659000184, 24.62945580700017 ], [ 91.339574634000087, 24.62864735900007 ], [ 91.339587559000165, 24.627545050000037 ], [ 91.339195044000121, 24.626169227000158 ], [ 91.339374063000093, 24.625239807000181 ], [ 91.340824803000032, 24.624127489000163 ], [ 91.341979292000076, 24.624008831000133 ], [ 91.342360325000072, 24.624307933000182 ], [ 91.346741533000056, 24.624097198000076 ], [ 91.347808456000109, 24.624162139000191 ], [ 91.348104136000075, 24.625653938000081 ], [ 91.349177912000073, 24.625608189000104 ], [ 91.349523133000162, 24.62532968000005 ], [ 91.350039349000042, 24.62407214600012 ], [ 91.352786912000113, 24.622713292000132 ], [ 91.353619132, 24.622712579000165 ], [ 91.354847159000144, 24.622202620000163 ], [ 91.355876296000076, 24.623057959000164 ], [ 91.358008506000147, 24.623894303000046 ], [ 91.358681347000143, 24.624797986000146 ], [ 91.359225903000038, 24.624799836000129 ], [ 91.362996607000127, 24.623576028000116 ], [ 91.36531432400011, 24.621706142000104 ], [ 91.366853185000153, 24.621285822000171 ], [ 91.369410470000105, 24.619145059000058 ], [ 91.371231802000182, 24.618250314000193 ], [ 91.373425745000077, 24.61755983300014 ], [ 91.374426715000084, 24.617751606000127 ], [ 91.374565310000094, 24.617948995 ], [ 91.374371660000065, 24.621016397000172 ], [ 91.37452062300008, 24.622161824000155 ], [ 91.375112233000166, 24.623700520000114 ], [ 91.374796882000112, 24.624615418000136 ], [ 91.374834391000093, 24.625278768000101 ], [ 91.374444854999979, 24.625620946000019 ], [ 91.374784882000142, 24.62628378800013 ], [ 91.374255900000094, 24.627029070000166 ], [ 91.374179891000097, 24.62770023000013 ], [ 91.37433484100012, 24.628037433000028 ], [ 91.374812020000093, 24.628087250000135 ], [ 91.376322098000188, 24.627064354000083 ], [ 91.378945259000034, 24.622717294000104 ], [ 91.380001193, 24.62166918000008 ], [ 91.380586719000121, 24.619893960000066 ], [ 91.381274675000043, 24.619126882000042 ], [ 91.381154024000125, 24.618484615000117 ], [ 91.380015053000079, 24.616745538000032 ], [ 91.378770435000149, 24.614151844000162 ], [ 91.377735787000177, 24.612946356000066 ], [ 91.377720067000098, 24.611703090000049 ], [ 91.378566568000053, 24.611322854000033 ], [ 91.378471596, 24.610768391000072 ], [ 91.377506498000116, 24.610465700000191 ], [ 91.376039313000163, 24.61076356500001 ], [ 91.374977725000065, 24.611911033000123 ], [ 91.374216442000034, 24.612125674000026 ], [ 91.37339383300008, 24.611925495999966 ], [ 91.372821939000175, 24.61133700300007 ], [ 91.372950482000078, 24.607561351000125 ], [ 91.372708190000083, 24.606062346000158 ], [ 91.372478561000037, 24.605780000999971 ], [ 91.371117898000136, 24.605483132000018 ], [ 91.369863187000206, 24.604485470999975 ], [ 91.368811068000085, 24.601341360000166 ], [ 91.3674355670002, 24.599674305000178 ], [ 91.367640390000204, 24.597733276000042 ], [ 91.367409444000089, 24.597270335000015 ], [ 91.365706879000186, 24.596741742000116 ], [ 91.364501831000098, 24.592513133000068 ], [ 91.363778934000095, 24.59102072200011 ], [ 91.362984596999979, 24.590795394000168 ], [ 91.362648292000131, 24.591030961000165 ], [ 91.361567227000137, 24.593056667000095 ], [ 91.360125099000186, 24.594744750000071 ], [ 91.35935536400018, 24.595370253000048 ], [ 91.358851849000203, 24.595498960000103 ], [ 91.3577938210002, 24.593318753000119 ], [ 91.35715096500013, 24.592888858000155 ], [ 91.350932143000193, 24.59310055800011 ], [ 91.350650782000116, 24.593224988000088 ], [ 91.350630834000071, 24.593839201000037 ], [ 91.350272798000105, 24.593950772000081 ], [ 91.347841693000134, 24.59258646100011 ], [ 91.346386489000167, 24.591396246000105 ], [ 91.345896267000057, 24.590863346999978 ], [ 91.34571488000006, 24.590119998000038 ], [ 91.344347200000072, 24.58897186899997 ], [ 91.341562771000156, 24.587450323000034 ], [ 91.341592802000093, 24.586966953 ], [ 91.342536862000031, 24.586421256000047 ], [ 91.342658871000083, 24.58565036400006 ], [ 91.342488970000147, 24.585344861000067 ], [ 91.343050786000106, 24.584897382000115 ], [ 91.344144551000113, 24.584501591000105 ], [ 91.345074806000071, 24.584746124000056 ], [ 91.345378785000094, 24.585122666000082 ], [ 91.346344311000053, 24.585202078000073 ], [ 91.34672145500015, 24.585724700000185 ], [ 91.349512625000159, 24.585166944000036 ], [ 91.349977812000191, 24.584517134000063 ], [ 91.355564582000056, 24.584396960999982 ], [ 91.355999676000181, 24.582961799000088 ], [ 91.356733636000172, 24.582630112000114 ], [ 91.358451460000197, 24.581104371000041 ], [ 91.361043638000069, 24.579509757000096 ], [ 91.362711990000093, 24.577641281000073 ], [ 91.363035453000123, 24.576279351000149 ], [ 91.362754494000058, 24.575295374 ], [ 91.361662608000131, 24.574253263000056 ], [ 91.357215519000135, 24.572193938999987 ], [ 91.355987036000045, 24.571870893000096 ], [ 91.355553598000199, 24.572195358000045 ], [ 91.355542854000021, 24.572516018000098 ], [ 91.35643556399998, 24.575011533000065 ], [ 91.356346043000144, 24.576154626000058 ], [ 91.356114365000167, 24.57659014800004 ], [ 91.354658831000165, 24.577596541000101 ], [ 91.352582798000071, 24.577949306000054 ], [ 91.351594222000202, 24.577730177000149 ], [ 91.350825693000104, 24.577260393000131 ], [ 91.35110289500011, 24.576506000000165 ], [ 91.350296871000012, 24.576398607000101 ], [ 91.349397626000155, 24.575932594000164 ], [ 91.348541431000115, 24.574933421000026 ], [ 91.346642294000105, 24.578149276999962 ], [ 91.343945922999978, 24.57797696 ], [ 91.343118110000148, 24.578363603000128 ], [ 91.342330072000152, 24.579065934000077 ], [ 91.342020787000081, 24.580621848000188 ], [ 91.341596476, 24.581519594000042 ], [ 91.333079266000198, 24.583315442000128 ], [ 91.323467757000117, 24.585664497999971 ], [ 91.316295268000033, 24.588206110000154 ], [ 91.314202552000097, 24.589414096000098 ], [ 91.3130802660001, 24.589633834000161 ], [ 91.311740384000146, 24.589467173000116 ], [ 91.309094087000062, 24.592765850000092 ], [ 91.308409222000193, 24.592613778000153 ], [ 91.304426478000153, 24.597228828000087 ], [ 91.302800398000102, 24.596373768000038 ], [ 91.302077090000125, 24.596325847000056 ], [ 91.300960124000028, 24.595635678000065 ], [ 91.303781094000044, 24.592071492000056 ], [ 91.304679348000093, 24.59149256000012 ], [ 91.306176617000119, 24.588802171000168 ], [ 91.310228131000144, 24.584479956000049 ], [ 91.311652094000067, 24.583718069000152 ], [ 91.312363502000153, 24.583578677000162 ], [ 91.313051895000171, 24.584132538000063 ], [ 91.313808255000026, 24.586112548000131 ], [ 91.314545587000111, 24.586386042000182 ], [ 91.3148867660002, 24.586195691000174 ], [ 91.31530297500008, 24.584975260000132 ], [ 91.316948841, 24.583066827000096 ], [ 91.320515235000073, 24.58056137199997 ], [ 91.320700197000079, 24.580013433000033 ], [ 91.320553216000064, 24.579709959000123 ], [ 91.318580061000148, 24.577406531000175 ], [ 91.319004294000194, 24.576899393000129 ], [ 91.318502957000192, 24.576172348000114 ], [ 91.316368973000181, 24.575064518000087 ], [ 91.317123004000109, 24.57404881899998 ], [ 91.320162233000133, 24.572320051000133 ], [ 91.320668805000139, 24.572545877000149 ], [ 91.322064658999977, 24.574122919000107 ], [ 91.323279259000117, 24.57418675200012 ], [ 91.323768259000076, 24.573502944000037 ], [ 91.324127247000149, 24.570901401000182 ], [ 91.324399897000148, 24.570596498000093 ], [ 91.329296527999986, 24.569341091000016 ], [ 91.330013817000122, 24.569359593000119 ], [ 91.33115017300014, 24.569907159000142 ], [ 91.332032028000015, 24.569847442000086 ], [ 91.335208790000138, 24.567674695000164 ], [ 91.341691160000039, 24.565145148000052 ], [ 91.341766586000062, 24.564462711000143 ], [ 91.341120739000189, 24.563384863000124 ], [ 91.339973089000068, 24.561830627000173 ], [ 91.337997607000091, 24.560184405000037 ], [ 91.33707065100009, 24.558603350000052 ], [ 91.337062078000031, 24.557795242000111 ], [ 91.337879326000134, 24.556830806999979 ], [ 91.338868317000163, 24.55646759800004 ], [ 91.340855982000051, 24.556653102000151 ], [ 91.341687124000089, 24.556997875000143 ], [ 91.343216074999987, 24.558144609000177 ], [ 91.34417102100015, 24.558524384000062 ], [ 91.344908905000125, 24.559206335000113 ], [ 91.345129122000117, 24.558563242000098 ], [ 91.345036786000094, 24.554766957000137 ], [ 91.343632311000192, 24.548505895000062 ], [ 91.341758122999977, 24.54789726100017 ], [ 91.339184317000047, 24.547409953000173 ], [ 91.339284539000118, 24.546214842000154 ], [ 91.337930001000132, 24.545962741000146 ], [ 91.33292889900008, 24.546054451000089 ], [ 91.330349743, 24.545521886000188 ], [ 91.328226481, 24.546211086000024 ], [ 91.326320811000087, 24.546060810000021 ], [ 91.32405191600003, 24.54651645500013 ], [ 91.323360340000193, 24.546348696 ], [ 91.322854003000145, 24.545664599000187 ], [ 91.322406405000038, 24.545580484000023 ], [ 91.322284779000086, 24.546985724000134 ], [ 91.322019028000071, 24.547238639 ], [ 91.321461849000059, 24.547119360000178 ], [ 91.320911087000127, 24.546139911000061 ], [ 91.320477031000109, 24.546229499 ], [ 91.320321064000041, 24.547244490000075 ], [ 91.3205375940002, 24.548360061999972 ], [ 91.320239563000143, 24.548653892000171 ], [ 91.319672944000104, 24.548812365 ], [ 91.316944772000113, 24.54872334800001 ], [ 91.315138810000121, 24.549084515000171 ], [ 91.314289080000151, 24.54854334900017 ], [ 91.313648440000065, 24.54722376900002 ], [ 91.313295045000018, 24.546942402000127 ], [ 91.313016911000148, 24.547193151000158 ], [ 91.313241821000076, 24.547638181000025 ], [ 91.313113476000012, 24.547815385000149 ], [ 91.31163004300015, 24.547744772000037 ], [ 91.310301201000129, 24.548122045000124 ], [ 91.310157564000065, 24.548728310000122 ], [ 91.31112471400013, 24.549288797000024 ], [ 91.311281452000173, 24.549883419000025 ], [ 91.311084172000164, 24.550196670999977 ], [ 91.310424302000115, 24.550349148000066 ], [ 91.309429979000186, 24.551035044000169 ], [ 91.308687057000171, 24.550915075000091 ], [ 91.307536836000125, 24.550134924000133 ], [ 91.306236115000047, 24.548405653000149 ], [ 91.306245663000141, 24.545454988000127 ], [ 91.30748440800005, 24.542875188000039 ], [ 91.307106919000148, 24.539372527000012 ], [ 91.309218128000111, 24.537936486000145 ], [ 91.309210165000081, 24.537168996000048 ], [ 91.310153178000064, 24.535948516000133 ], [ 91.310291010000071, 24.534071318000088 ], [ 91.310951953000142, 24.531713234 ], [ 91.310226847000195, 24.531575053000036 ], [ 91.311380553999982, 24.529084007000165 ], [ 91.311806854999986, 24.527125282000043 ], [ 91.317173015000094, 24.527322332000157 ], [ 91.323242295999989, 24.528238816000112 ], [ 91.324973468000053, 24.528217976000178 ], [ 91.32531155800018, 24.527926044000022 ], [ 91.325054118000196, 24.525910085000071 ], [ 91.324441272000115, 24.525003431000076 ], [ 91.325046130000032, 24.522620952000182 ], [ 91.324796098000149, 24.518780850000038 ], [ 91.323740616, 24.518309261000013 ], [ 91.323526382000068, 24.517879955000062 ], [ 91.321557110000185, 24.517800142999985 ], [ 91.321744861000198, 24.517173165000031 ], [ 91.322254328000156, 24.517049054000157 ], [ 91.322394577000125, 24.516657272000028 ], [ 91.324176305000094, 24.516384290000193 ], [ 91.323909815000093, 24.514088469000058 ], [ 91.3239670170002, 24.51383738200013 ], [ 91.324813308000159, 24.513717080000102 ], [ 91.324789934000137, 24.511899982000049 ], [ 91.32445495800016, 24.511602670000176 ], [ 91.323065126000074, 24.51171193600015 ], [ 91.322766250000029, 24.512211210000032 ], [ 91.320128925000063, 24.512475860000112 ], [ 91.320006440000157, 24.511379775000073 ], [ 91.318140199000197, 24.511350935 ], [ 91.317577565000192, 24.505328839000192 ], [ 91.315335219000076, 24.505018156000176 ], [ 91.315623968000068, 24.500080734 ], [ 91.315326835000121, 24.499266096000099 ], [ 91.312343308000095, 24.497587624000172 ], [ 91.310808537000199, 24.496375117000131 ], [ 91.309942180000178, 24.496335226999971 ], [ 91.308456969000133, 24.497404633000027 ], [ 91.307965365000157, 24.498056803000168 ], [ 91.308005497000067, 24.502948534000154 ], [ 91.307795026000178, 24.503888364000087 ], [ 91.307350536000172, 24.504268094000114 ], [ 91.303137056000025, 24.503783036000133 ], [ 91.302875845000187, 24.502437542000163 ], [ 91.302258671000118, 24.502580576000067 ], [ 91.302318967000133, 24.503643356999987 ], [ 91.300221065000073, 24.503750095000161 ], [ 91.299395677000177, 24.499922186000042 ], [ 91.298087561000173, 24.499926272000039 ], [ 91.296960218000038, 24.500459220000099 ], [ 91.296931645000086, 24.495093021000059 ], [ 91.29750743, 24.492421916000122 ], [ 91.298271946000057, 24.491616172000079 ], [ 91.299843858000088, 24.491659090000102 ], [ 91.300745821000191, 24.49024713200015 ], [ 91.301389860000086, 24.490322855000095 ], [ 91.302369747000057, 24.491569600000105 ], [ 91.30322058400003, 24.491483244999984 ], [ 91.304008258000181, 24.491013649000024 ], [ 91.304290184000081, 24.48719371400011 ], [ 91.304201060000139, 24.486923579 ], [ 91.303506503000165, 24.486791866000036 ], [ 91.303049428000065, 24.483251468000045 ], [ 91.30346753900011, 24.48301082 ], [ 91.308619577000059, 24.482185162000118 ], [ 91.30892759100017, 24.482033495000053 ], [ 91.309163861000172, 24.480968147000059 ], [ 91.311319151000134, 24.479951617000147 ], [ 91.311262280000165, 24.479283882000058 ], [ 91.310815320000131, 24.479118445000097 ], [ 91.309147348000124, 24.479372210000061 ], [ 91.30570335800013, 24.48022827800002 ], [ 91.305239154000049, 24.479586632000061 ], [ 91.305111550000163, 24.478036802000076 ], [ 91.29821685200011, 24.478737355000195 ], [ 91.297595131000094, 24.476442254000119 ], [ 91.297014308000087, 24.476510452000063 ], [ 91.296724334000046, 24.476316536000176 ], [ 91.296222909000051, 24.476490156000185 ], [ 91.295145058000116, 24.473788082000052 ], [ 91.294928852000169, 24.473751556000082 ], [ 91.294576620000157, 24.473016357000056 ], [ 91.294273954000175, 24.472967026000159 ], [ 91.293877280000061, 24.472166735000084 ], [ 91.293429471000195, 24.471974161000158 ], [ 91.291765516999988, 24.472435391000147 ], [ 91.291738681000083, 24.472645575000119 ], [ 91.290679804000149, 24.473060983000039 ], [ 91.280499582000189, 24.475335177999963 ], [ 91.280406271000174, 24.47750999800019 ], [ 91.279774130000192, 24.478603497000165 ], [ 91.27965774400019, 24.47935173500008 ], [ 91.27984248100006, 24.480483463999978 ], [ 91.280919653000012, 24.481743079 ], [ 91.281500045000087, 24.482846616000131 ], [ 91.281771119000169, 24.487018535000061 ], [ 91.281639317000099, 24.487462134999983 ], [ 91.280945654000163, 24.487964681 ], [ 91.278965151000136, 24.487947603 ], [ 91.276730504000071, 24.487253122000023 ], [ 91.276536245000102, 24.485726399000093 ], [ 91.276044532000185, 24.484607419000042 ], [ 91.275311388000091, 24.483917155000139 ], [ 91.274418396999977, 24.482540808000067 ], [ 91.270995012000185, 24.482474835000176 ], [ 91.271054769000045, 24.486764827000055 ], [ 91.271990287000165, 24.489580030000184 ], [ 91.271236251000119, 24.49113732000006 ], [ 91.270389722000189, 24.491900730000165 ], [ 91.269927814000141, 24.491904613000031 ], [ 91.269327395000118, 24.491381392 ], [ 91.26680564100019, 24.4905334070001 ], [ 91.266112360000136, 24.49120520200017 ], [ 91.261120283000139, 24.491009930000182 ], [ 91.261214421000147, 24.490307042000094 ], [ 91.261813700000062, 24.489730872000049 ], [ 91.262845325000058, 24.487550470000144 ], [ 91.263933131000059, 24.486428393000097 ], [ 91.263931496000168, 24.4847216870001 ], [ 91.263561179000135, 24.484508060000106 ], [ 91.259900241000139, 24.484931458000123 ], [ 91.258946446000152, 24.483781280000184 ], [ 91.248906390000059, 24.484289054000101 ], [ 91.248902921000024, 24.486623413000071 ], [ 91.24825052500006, 24.486509155000185 ], [ 91.247955310000066, 24.487091791000065 ], [ 91.247547642000086, 24.487341234000038 ], [ 91.247526551000192, 24.487829046000051 ], [ 91.247038381000152, 24.487857910000173 ], [ 91.246597613000063, 24.487502594000084 ], [ 91.246066122000059, 24.488017193000076 ], [ 91.245312186000035, 24.488113712000029 ], [ 91.245067666000068, 24.488835897000168 ], [ 91.244451476000052, 24.489581460000128 ], [ 91.24398426700003, 24.488795158000073 ], [ 91.243475161, 24.489329881000167 ], [ 91.243337920000101, 24.489861542000025 ], [ 91.241891400000156, 24.490715520000148 ], [ 91.241583704000107, 24.490596141000136 ], [ 91.241770431000191, 24.489513227000089 ], [ 91.241651528000034, 24.488584083000095 ], [ 91.241109530000131, 24.487967703000091 ], [ 91.240402406000044, 24.488373105000047 ], [ 91.239253692000034, 24.489533898999984 ], [ 91.238436537000041, 24.489852148000121 ], [ 91.237909055000102, 24.489646519000068 ], [ 91.237376082000139, 24.489951144000141 ], [ 91.236563112000169, 24.48962594000005 ], [ 91.235790132, 24.489984450000065 ], [ 91.235101034000195, 24.490028464000147 ], [ 91.234386912000048, 24.488582682000072 ], [ 91.234416818000057, 24.487160160000148 ], [ 91.234661881000193, 24.486487656000126 ], [ 91.230930853000189, 24.487649160000103 ], [ 91.229515501000151, 24.487211430000116 ], [ 91.22606708100011, 24.48814024000006 ], [ 91.225069174000055, 24.487947413000029 ], [ 91.223028564000117, 24.488476423000066 ], [ 91.222677298, 24.488377678000177 ], [ 91.22245512500001, 24.487979883000037 ], [ 91.222647203000122, 24.487497463000071 ], [ 91.223148390000119, 24.487283448000028 ], [ 91.223634022000169, 24.486609011000102 ], [ 91.224125511000068, 24.48404079199997 ], [ 91.225264932000073, 24.483674268000016 ], [ 91.22704061200011, 24.482544604000168 ], [ 91.228600302000189, 24.48083196500016 ], [ 91.229621168000108, 24.479268183000045 ], [ 91.233541126000091, 24.472332532000053 ], [ 91.23600769900014, 24.466135619000045 ], [ 91.237237950000065, 24.461599092000142 ], [ 91.238042038000174, 24.459646471000152 ], [ 91.238736652000057, 24.456527564000112 ], [ 91.238939189000064, 24.450001474000146 ], [ 91.239205746000152, 24.448635706000122 ], [ 91.238821337000047, 24.444694845000129 ], [ 91.23935079600011, 24.440015036000037 ], [ 91.240046465, 24.437772061000032 ], [ 91.243155725000065, 24.430255850000087 ], [ 91.243367109000133, 24.428111658000145 ], [ 91.242234535000193, 24.427339833000126 ], [ 91.241533955000136, 24.427246251000032 ], [ 91.239757100000134, 24.427597203000118 ], [ 91.235507424000048, 24.430201109000105 ], [ 91.231850854000186, 24.433337380000179 ], [ 91.228943892000188, 24.434325020000188 ], [ 91.224312131000033, 24.43469218700011 ], [ 91.221079247000034, 24.4341742360001 ], [ 91.218330352000066, 24.433017932000038 ], [ 91.217459235000035, 24.433255821000106 ], [ 91.21848675400004, 24.431876781000028 ], [ 91.218822370000112, 24.430813002000036 ], [ 91.218723437000165, 24.426932972000142 ], [ 91.218965258000196, 24.425091076000175 ], [ 91.22044623700009, 24.422239068000067 ], [ 91.220676552000043, 24.421126469000114 ], [ 91.220542952000187, 24.419477233000123 ], [ 91.219623469000055, 24.416996760000124 ], [ 91.215997739000102, 24.410618831000075 ], [ 91.215848858000129, 24.409940483000067 ], [ 91.216657227000113, 24.409265741000013 ], [ 91.216769229000136, 24.408926195 ], [ 91.215019602000041, 24.405084241000111 ], [ 91.214723388000039, 24.403628200000128 ], [ 91.215047278000043, 24.403338886000025 ], [ 91.216008180000131, 24.403150561000128 ], [ 91.219035662000181, 24.403174279000151 ], [ 91.220617228000094, 24.403642188000049 ], [ 91.221195103000071, 24.404129690000048 ], [ 91.220970188000194, 24.404903606000175 ], [ 91.21815632300013, 24.407892776000043 ], [ 91.217718874000127, 24.408616473000105 ], [ 91.217758688, 24.40948985 ], [ 91.218334292000065, 24.410124124000095 ], [ 91.220177137, 24.41139837999998 ], [ 91.220708334, 24.411450531000128 ], [ 91.221831241000132, 24.411118634000104 ], [ 91.2229217860002, 24.410278594000083 ], [ 91.223845930000095, 24.409022667000162 ], [ 91.226094124000099, 24.408164645000056 ], [ 91.227385795000146, 24.407251140000024 ], [ 91.229034500000068, 24.407312263000048 ], [ 91.230094405000102, 24.407608432000135 ], [ 91.232404078000116, 24.409662126000047 ], [ 91.234590065000077, 24.409384692 ], [ 91.239245017000144, 24.40776634000002 ], [ 91.238889424000092, 24.40669688700012 ], [ 91.239170267000134, 24.405728335000106 ], [ 91.239872474000094, 24.405054336000035 ], [ 91.242718155000091, 24.403423596999971 ], [ 91.24226895400011, 24.401481229000066 ], [ 91.243610426000089, 24.400763586999968 ], [ 91.244099930000118, 24.400086802000036 ], [ 91.243702078000069, 24.398290764000134 ], [ 91.244729538000172, 24.397230281000024 ], [ 91.244790125000122, 24.396746654000076 ], [ 91.24416143700013, 24.396110660000026 ], [ 91.243208209000102, 24.39581371800017 ], [ 91.242788383, 24.395422080000056 ], [ 91.242792951000069, 24.395133069000053 ], [ 91.243116753000038, 24.394843701000127 ], [ 91.244128277000073, 24.394801526000087 ], [ 91.245780605000164, 24.393767943000114 ], [ 91.246969913000171, 24.392563885000126 ], [ 91.247197674000063, 24.391595753000104 ], [ 91.24871750900013, 24.389664275000026 ], [ 91.249202564000029, 24.389231332000179 ], [ 91.25075011500013, 24.388756704000166 ], [ 91.252059118000147, 24.387724067000082 ], [ 91.25336637700002, 24.385744630000147 ], [ 91.256401336000067, 24.382127652 ], [ 91.256679731000091, 24.38130357700015 ], [ 91.256634266000162, 24.380818571000137 ], [ 91.256162225000082, 24.380379995999984 ], [ 91.254628915000069, 24.379737996000188 ], [ 91.25306150900002, 24.377886186000069 ], [ 91.249217342, 24.378732926000168 ], [ 91.24562256300004, 24.38069954100007 ], [ 91.244341127000098, 24.380980983000086 ], [ 91.242909934000068, 24.380631515000118 ], [ 91.242227603000174, 24.380045616000075 ], [ 91.241652209000165, 24.378673191000079 ], [ 91.243577820000041, 24.378041076000095 ], [ 91.24427176800009, 24.377107504000147 ], [ 91.245047996000039, 24.375389862000134 ], [ 91.246022668000194, 24.37424401700008 ], [ 91.245922843000187, 24.369652866000081 ], [ 91.245737740000109, 24.369060635000043 ], [ 91.245119585000168, 24.368605164000087 ], [ 91.244162291000194, 24.368752994000094 ], [ 91.24242481400006, 24.369455819000052 ], [ 91.241196219000074, 24.369332685000131 ], [ 91.239972618000195, 24.368331290000185 ], [ 91.240088706000051, 24.366777104 ], [ 91.240589895000198, 24.365856411000092 ], [ 91.2414496680002, 24.364935038000173 ], [ 91.244125367000152, 24.363529189000133 ], [ 91.245213230000047, 24.363380283000087 ], [ 91.249313492000169, 24.363872572000044 ], [ 91.252690952000194, 24.36304099400013 ], [ 91.253733052000086, 24.36243862900011 ], [ 91.256426868000062, 24.360079706000079 ], [ 91.259238622000183, 24.358566360999987 ], [ 91.259606474000066, 24.358134361000165 ], [ 91.259626932000174, 24.357400468000094 ], [ 91.25788787200014, 24.355861674000153 ], [ 91.256992966000155, 24.354580002000144 ], [ 91.257371, 24.353807024000105 ], [ 91.258112033000145, 24.35342160000004 ], [ 91.259707876999983, 24.353067453000111 ], [ 91.262576486000128, 24.353081977000098 ], [ 91.264551262000111, 24.353354493999966 ], [ 91.268077509000079, 24.354386120000068 ], [ 91.271637463000104, 24.356011128000091 ], [ 91.273331005000102, 24.357109910000016 ], [ 91.273655587000121, 24.357838645000186 ], [ 91.273400742000092, 24.358599336000164 ], [ 91.270965578000016, 24.360540983000131 ], [ 91.271218632, 24.361017472000071 ], [ 91.272575722000056, 24.361550169000168 ], [ 91.274134250000031, 24.361586746000057 ], [ 91.282262951000178, 24.359472833000034 ], [ 91.283449744000052, 24.359550837000082 ], [ 91.285763139000039, 24.36057875900007 ], [ 91.286466952000126, 24.360660833000107 ], [ 91.288047456000129, 24.360130427000112 ], [ 91.290050358000144, 24.359090711000078 ], [ 91.291101134000201, 24.360761409000073 ], [ 91.291736671000137, 24.363584749000097 ], [ 91.291557708000141, 24.364952110000157 ], [ 91.290824392000047, 24.366093921000072 ], [ 91.290777644000059, 24.366557126000089 ], [ 91.291304531000037, 24.367202820000042 ], [ 91.292468169000074, 24.367723433000037 ], [ 91.301363821000166, 24.366435002000109 ], [ 91.303047360000107, 24.366519873000129 ], [ 91.306972023000185, 24.367346219000126 ], [ 91.309455277000154, 24.367426377000186 ], [ 91.312201243000118, 24.366215150000066 ], [ 91.313871132000031, 24.365038034000179 ], [ 91.314888839000105, 24.364726695000062 ], [ 91.315937291000182, 24.364767265000062 ], [ 91.316108125000085, 24.36799861999998 ], [ 91.317173561000118, 24.370985155000088 ], [ 91.318217028000049, 24.371847502000154 ], [ 91.319295488000137, 24.372102255000186 ], [ 91.321971418000032, 24.372155692000035 ], [ 91.325579248999986, 24.371643316000132 ], [ 91.326664961000134, 24.371292929000163 ], [ 91.331673568000042, 24.367573698 ], [ 91.333858769000074, 24.366845610000158 ], [ 91.336082063000049, 24.368455983999979 ], [ 91.335956087000056, 24.370247336999963 ], [ 91.33548383599998, 24.371922089000176 ], [ 91.334033994000094, 24.37438656200009 ], [ 91.33075735400007, 24.377521769000051 ], [ 91.330078748000062, 24.378563945000113 ], [ 91.329705655, 24.379831451000026 ], [ 91.33003284199998, 24.382126773000042 ], [ 91.331153961000098, 24.383796545000166 ], [ 91.332908106000048, 24.385361409000154 ], [ 91.335210045000167, 24.386566989000077 ], [ 91.338118891000136, 24.387701702000069 ], [ 91.340869926000153, 24.388476547000149 ], [ 91.343370019000133, 24.388653059000035 ], [ 91.346566231000111, 24.388283790000113 ], [ 91.348183385000141, 24.388383736000037 ], [ 91.351305627, 24.389088163000114 ], [ 91.355799654000123, 24.391725443000034 ], [ 91.357933446000118, 24.392390362000075 ], [ 91.35928428800014, 24.392276655000156 ], [ 91.362543455000093, 24.391511413999979 ], [ 91.372815715000058, 24.38849064600015 ], [ 91.37928357800007, 24.387118013000187 ], [ 91.381408818000082, 24.387276991000192 ], [ 91.382576468000195, 24.388060984000163 ], [ 91.382915455999978, 24.388802872000042 ], [ 91.38259393200002, 24.389665922000063 ], [ 91.376426850000144, 24.394634462000116 ], [ 91.375271395000198, 24.394922632000139 ], [ 91.371983711000112, 24.394473857000037 ], [ 91.371339295999974, 24.394834126000088 ], [ 91.37133467700005, 24.395422479000047 ], [ 91.372626433000164, 24.397777565000013 ], [ 91.373223266000082, 24.400652755000063 ], [ 91.373937033000061, 24.401630558000075 ], [ 91.374768330000052, 24.401963900000105 ], [ 91.37523660200003, 24.401896436 ], [ 91.375879820000137, 24.401423286000121 ], [ 91.37733157700012, 24.397935762000031 ], [ 91.378471714000057, 24.396234504000169 ], [ 91.38035595100007, 24.394447446000072 ], [ 91.385742000000107, 24.391278370000062 ], [ 91.393405101999974, 24.387636680000014 ], [ 91.395292004000169, 24.387077507000011 ], [ 91.39632853300003, 24.387417870000039 ], [ 91.396437509000179, 24.388642696000151 ], [ 91.395411667000189, 24.391015765000077 ], [ 91.393174538000096, 24.394540020000139 ], [ 91.392781742000125, 24.397047213000182 ], [ 91.393097759000057, 24.397990204000106 ], [ 91.394359960000145, 24.397996647000017 ], [ 91.395326498000145, 24.397593013 ], [ 91.396522401000084, 24.396676853000088 ], [ 91.400355412000067, 24.391934093000032 ], [ 91.402057474, 24.390202642000077 ], [ 91.404002624000043, 24.389728607 ], [ 91.405094757000086, 24.389966804999968 ], [ 91.4056426100002, 24.391027266000094 ], [ 91.405332022000039, 24.392307895000101 ], [ 91.402374702000145, 24.39636519000015 ], [ 91.402030081000134, 24.398084085000157 ], [ 91.402384228000074, 24.398974310000025 ], [ 91.4031178890001, 24.399597825000168 ], [ 91.404842857000176, 24.39993174500011 ], [ 91.406051899000033, 24.399562127000081 ], [ 91.405409010000199, 24.401994129 ], [ 91.405739836000066, 24.403207853000087 ], [ 91.406439592000027, 24.403731865000108 ], [ 91.408378440000035, 24.403950883000103 ], [ 91.41152836800012, 24.403896715000084 ], [ 91.414443329000164, 24.403497024000103 ], [ 91.415016956000116, 24.403096601000126 ], [ 91.415343238000105, 24.401240147000177 ], [ 91.415892595000173, 24.401262101000039 ], [ 91.41607312800005, 24.40192185900008 ], [ 91.416682175000119, 24.402101276999979 ], [ 91.417488032000108, 24.401802518000068 ], [ 91.419500775000074, 24.400088284000166 ], [ 91.420240704000094, 24.401941519000101 ], [ 91.421337071000153, 24.402491089000133 ], [ 91.422170215000165, 24.401713461999975 ], [ 91.424469275000149, 24.397400360000173 ], [ 91.425318271000037, 24.396886694000095 ], [ 91.426874606000126, 24.397458985000128 ], [ 91.428730768000051, 24.399143179000021 ], [ 91.42932809000007, 24.400208043000013 ], [ 91.429726556000162, 24.402373724000078 ], [ 91.430447178000122, 24.403100601000123 ], [ 91.434519932000114, 24.405689779000106 ], [ 91.439335076000077, 24.408131817000022 ], [ 91.439903990000118, 24.41020103100016 ], [ 91.439011689000097, 24.412442162000048 ], [ 91.438259344000073, 24.41316719100007 ], [ 91.435570088000134, 24.413371062000177 ], [ 91.434205351000116, 24.413957401000065 ], [ 91.433234474000187, 24.414982462000065 ], [ 91.432768271000043, 24.41629847300015 ], [ 91.434366315000091, 24.416965093999977 ], [ 91.43637877000009, 24.417458455000034 ], [ 91.438337585000056, 24.417568528000171 ], [ 91.441765218000057, 24.417138596000147 ], [ 91.443602873000145, 24.416188745000166 ], [ 91.447208211000031, 24.412646198000065 ], [ 91.448469394000213, 24.410175748000086 ], [ 91.448764746000109, 24.407811606000049 ], [ 91.449324018000027, 24.4065939890001 ], [ 91.451144076000162, 24.406495285000112 ], [ 91.452696790000061, 24.407216327000132 ], [ 91.45679663400017, 24.409861061000075 ], [ 91.46154894100016, 24.411828907000025 ], [ 91.462474844000155, 24.412485915 ], [ 91.461953430000165, 24.413716754000173 ], [ 91.459367278000059, 24.416075929000044 ], [ 91.4562114860001, 24.418539874000093 ], [ 91.455403241000056, 24.419382912 ], [ 91.455029978000198, 24.420318833000124 ], [ 91.453136156000141, 24.42174343400012 ], [ 91.452009379000117, 24.42244051900013 ], [ 91.450661830000058, 24.422913969000032 ], [ 91.448711796, 24.422932650000117 ], [ 91.447961082000077, 24.423314574000074 ], [ 91.446842419000191, 24.424564626000123 ], [ 91.445979083000111, 24.426098930000077 ], [ 91.444709779999982, 24.430632766000031 ], [ 91.445223558000066, 24.431578256000083 ], [ 91.445667551000099, 24.431862967000139 ], [ 91.446172150000052, 24.432002621000152 ], [ 91.447268980000018, 24.431588046 ], [ 91.449154154000041, 24.428633033000036 ], [ 91.452011588000175, 24.425379717000169 ], [ 91.453280803000155, 24.423608967000174 ], [ 91.455723336000176, 24.422838269000174 ], [ 91.457697023000151, 24.423108221000128 ], [ 91.460550423000143, 24.423870817000022 ], [ 91.462021838000112, 24.424734758000167 ], [ 91.462637140000083, 24.426083286 ], [ 91.463069019000159, 24.427614182000013 ], [ 91.463234965000026, 24.429815855000015 ], [ 91.462957189000178, 24.432186614000155 ], [ 91.463033299000074, 24.434348523999972 ], [ 91.462853249000105, 24.435199066 ], [ 91.461963708000098, 24.436160311000037 ], [ 91.459801023000125, 24.43646564 ], [ 91.455827415000158, 24.435072710000039 ], [ 91.45451166700019, 24.434943854000039 ], [ 91.452484910000123, 24.435708751000167 ], [ 91.452126057000157, 24.436276041000042 ], [ 91.452037828000073, 24.437262750000063 ], [ 91.452575674000173, 24.438163947000081 ], [ 91.455698232000032, 24.440472019000143 ], [ 91.457353569000134, 24.442457962000045 ], [ 91.461061769000196, 24.450377447000108 ], [ 91.462524269000028, 24.451936752000048 ], [ 91.463050892000183, 24.453067152000131 ], [ 91.462527150000199, 24.454268669000154 ], [ 91.461119285000166, 24.454241650000146 ], [ 91.46017767800015, 24.45476319100004 ], [ 91.45975943000019, 24.45618716600017 ], [ 91.459941877000063, 24.457198999000131 ], [ 91.461410562000196, 24.460196245000187 ], [ 91.465495572000123, 24.464001123000056 ], [ 91.470482637000032, 24.470011653000135 ], [ 91.471086644000195, 24.470227003000044 ], [ 91.471598646000075, 24.470802180000067 ], [ 91.471739289000084, 24.47139 ], [ 91.471490124000184, 24.471916153000166 ], [ 91.471864792000076, 24.47380424000016 ], [ 91.471533177000083, 24.474611118000091 ], [ 91.471560128000078, 24.475868247000111 ], [ 91.472279312000069, 24.478109648000043 ], [ 91.472650660000113, 24.478650070000182 ], [ 91.473965048000139, 24.479258046000037 ], [ 91.47514235, 24.47937296900005 ], [ 91.476489035000156, 24.479206307000076 ], [ 91.478382424000074, 24.479650561000085 ], [ 91.479003992000116, 24.480387172 ], [ 91.479547363000052, 24.482345817000176 ], [ 91.479482044000065, 24.483299092999971 ], [ 91.478962762000094, 24.484719588000189 ], [ 91.478174163000119, 24.485470002000106 ], [ 91.477039030000086, 24.485327604000076 ], [ 91.475794552000139, 24.483741507 ], [ 91.474478385000054, 24.482562437000123 ], [ 91.471086384000159, 24.481475824000022 ], [ 91.467597761000093, 24.481464611999968 ], [ 91.46577790200007, 24.481778009000095 ], [ 91.463799116000075, 24.482959779000169 ], [ 91.463017323000145, 24.483879362000149 ], [ 91.462828861000048, 24.484806737000042 ], [ 91.463464974000146, 24.485473292000052 ], [ 91.467539272000138, 24.485034192000107 ], [ 91.468788654000093, 24.485085252999962 ], [ 91.470402941000032, 24.485545864000187 ], [ 91.471651546000032, 24.48616578400015 ], [ 91.47275069900013, 24.487137055000122 ], [ 91.473235308000142, 24.487974351000105 ], [ 91.473147164000125, 24.488295766000132 ], [ 91.469510552000145, 24.490478019000133 ], [ 91.467493532000049, 24.492305843000054 ], [ 91.467408906000173, 24.493140202000063 ], [ 91.46775475900013, 24.493664537000029 ], [ 91.468309955000052, 24.493995496000128 ], [ 91.470201132000113, 24.49455048100015 ], [ 91.472819794000031, 24.495716884000103 ], [ 91.474215533000176, 24.496780056000148 ], [ 91.476350722000177, 24.498894720000123 ], [ 91.477011892000178, 24.500373641000181 ], [ 91.476523741000165, 24.501879605000113 ], [ 91.475965830000135, 24.50264130100004 ], [ 91.475129359999983, 24.503211577000176 ], [ 91.4734808, 24.503746888000137 ], [ 91.472426193000103, 24.503700741000159 ], [ 91.470535575000156, 24.501881623000084 ], [ 91.469271242000048, 24.501248311000097 ], [ 91.468212602000051, 24.501118649000038 ], [ 91.467128341000148, 24.501438458999978 ], [ 91.46600821800007, 24.502654812 ], [ 91.46535465400018, 24.504428730000086 ], [ 91.465199717000075, 24.505960774000183 ], [ 91.465365462000207, 24.507541627000137 ], [ 91.466821198000048, 24.509940682000149 ], [ 91.467258762000199, 24.511342809000045 ], [ 91.46774726100017, 24.511394492000132 ], [ 91.469156889000089, 24.510775785000021 ], [ 91.471194842000045, 24.508710700000162 ], [ 91.474513201000093, 24.505854273000125 ], [ 91.47589362399998, 24.50484209900009 ], [ 91.477035105000198, 24.504312624000022 ], [ 91.478744682000183, 24.504090459000054 ], [ 91.480251709000072, 24.504321747000173 ], [ 91.481351366000013, 24.504895632000164 ], [ 91.482871783000192, 24.506266758999971 ], [ 91.48314993300005, 24.506948024000167 ], [ 91.48300638600017, 24.5075928 ], [ 91.480601579000052, 24.509230469999981 ], [ 91.476729299000112, 24.512713240000028 ], [ 91.476000308000152, 24.513589723000166 ], [ 91.475836014000038, 24.514444395000162 ], [ 91.476188055000137, 24.514957901000059 ], [ 91.477678616000105, 24.515616025000156 ], [ 91.478925356000047, 24.516732521000169 ], [ 91.479606538999974, 24.516696495000193 ], [ 91.480511379000063, 24.517270033000045 ], [ 91.483923300000185, 24.520277258000075 ], [ 91.484134320000067, 24.520701836 ], [ 91.484044083000185, 24.521316738999985 ], [ 91.482083981000187, 24.523968159 ], [ 91.48220930400015, 24.524501935000103 ], [ 91.482900999000108, 24.525357470000131 ], [ 91.4839367780001, 24.525990648000121 ], [ 91.495853024000155, 24.531243319000112 ], [ 91.497426551000046, 24.532266111000016 ], [ 91.49762599200011, 24.532853313000086 ], [ 91.497363636999978, 24.533515080000086 ], [ 91.495436789000109, 24.535579409000089 ], [ 91.492686270000149, 24.536913701000174 ], [ 91.492037109000208, 24.537475446000023 ], [ 91.491105361000166, 24.537721692000165 ], [ 91.487820366000051, 24.539988977000057 ], [ 91.487427347000164, 24.540719741000142 ], [ 91.487434584000141, 24.541333685000094 ], [ 91.487845387999982, 24.542110695000133 ], [ 91.488756391000152, 24.542873736999979 ], [ 91.490097400000195, 24.542589600000046 ], [ 91.492038573000116, 24.541042137000147 ], [ 91.493108742000118, 24.540760655000156 ], [ 91.493657085999985, 24.540958388999972 ], [ 91.494580496000196, 24.544276655000093 ], [ 91.496234101000141, 24.544287339000107 ], [ 91.496346812000127, 24.545414921000141 ], [ 91.495958980000026, 24.546007952000085 ], [ 91.496645178000165, 24.546953767000101 ], [ 91.496375468000053, 24.5476742940001 ], [ 91.495738614000118, 24.548132096000128 ], [ 91.496001634000038, 24.549395892000064 ], [ 91.49581501, 24.550255553000053 ], [ 91.494328666000172, 24.550906885000128 ], [ 91.49177988800011, 24.551564204000101 ], [ 91.489165349000075, 24.551906096000089 ], [ 91.488334869000084, 24.552638925000107 ], [ 91.487638400000094, 24.552284617000108 ], [ 91.486406565000038, 24.552522511000063 ], [ 91.485758394000186, 24.552077420999979 ], [ 91.482444826000062, 24.551796268000086 ], [ 91.481701233000138, 24.551577840000167 ], [ 91.481591298000183, 24.550675955000031 ], [ 91.480356726000153, 24.550733234000063 ], [ 91.477931645000126, 24.550395848000054 ], [ 91.476965200000052, 24.552168360000163 ], [ 91.47631873500012, 24.551813507000194 ], [ 91.473900001000175, 24.552020029000058 ], [ 91.471819953000193, 24.551588873000071 ], [ 91.47054350000019, 24.552235666000062 ], [ 91.469252091000158, 24.551706480000117 ], [ 91.468541485000173, 24.550133211000059 ], [ 91.467940084000091, 24.549459586000012 ], [ 91.467340560000196, 24.548834731999985 ], [ 91.465845745000081, 24.547899772000111 ], [ 91.4644095780002, 24.547597692000181 ], [ 91.4605550120001, 24.548005306000107 ], [ 91.459585287000039, 24.548874780000116 ], [ 91.457513937999977, 24.551750465000108 ], [ 91.456537803000188, 24.552710278000063 ], [ 91.456704034000154, 24.553586812000106 ], [ 91.458984833000102, 24.555370691000174 ], [ 91.459039423000036, 24.555609447000055 ], [ 91.455712679000101, 24.555474569000069 ], [ 91.455379577000087, 24.555857033999985 ], [ 91.454104291000078, 24.560147168000068 ], [ 91.453063335000081, 24.566785013000128 ], [ 91.451055269000051, 24.572888130000141 ], [ 91.450885063000158, 24.575470005000167 ], [ 91.452530828000192, 24.576262300999982 ], [ 91.45368707900019, 24.577415975000065 ], [ 91.45387008900002, 24.57974386800004 ], [ 91.453518332000158, 24.580815023000124 ], [ 91.453068883000185, 24.584598285000137 ], [ 91.453289648000066, 24.585758726000154 ], [ 91.45363113600007, 24.586042119000069 ], [ 91.455661311000085, 24.58633177300004 ], [ 91.456723136000107, 24.586034812000094 ], [ 91.457548061000068, 24.585480533000123 ], [ 91.460400109000162, 24.584954009000057 ], [ 91.461538038000072, 24.584516317000123 ], [ 91.464632763000068, 24.582465863000099 ], [ 91.46758117100012, 24.581319737000111 ], [ 91.46929966200014, 24.581612244999977 ], [ 91.470816027000069, 24.582405594000186 ], [ 91.474588263000101, 24.585052758000188 ], [ 91.475093501000174, 24.585718261000064 ], [ 91.475406962000079, 24.586186986000026 ], [ 91.475231584000142, 24.586757570000032 ], [ 91.470742853000047, 24.596162949000075 ], [ 91.468871380000053, 24.600601226000038 ], [ 91.467919239000196, 24.601418665999969 ], [ 91.461690090000062, 24.602072993000039 ], [ 91.461485686000174, 24.602384243000017 ], [ 91.453724534000173, 24.60160903500002 ], [ 91.453524550000168, 24.604089680000186 ], [ 91.454173550000178, 24.613187885000062 ], [ 91.451181946000133, 24.613798116000051 ], [ 91.450672850000103, 24.612584022000135 ], [ 91.449575894000077, 24.611781928000028 ], [ 91.448733651000126, 24.611654594000132 ], [ 91.448381141000098, 24.611116207000062 ], [ 91.447541078000143, 24.611124293000046 ], [ 91.446498729000155, 24.610773130000041 ], [ 91.444776518000197, 24.611424014000072 ], [ 91.444735536000167, 24.61210162999998 ], [ 91.443998375000035, 24.612469896000103 ], [ 91.442513601000087, 24.61235095 ], [ 91.441719288000172, 24.612042526999975 ], [ 91.44043780200019, 24.612370841000139 ], [ 91.440667662000067, 24.613359649000074 ], [ 91.439286910000192, 24.613646012000061 ], [ 91.438983812000174, 24.613107129000127 ], [ 91.437144995000153, 24.612312034000183 ], [ 91.436213998000142, 24.612953001 ], [ 91.435319798000023, 24.612600349000164 ], [ 91.433735729000148, 24.612434858000025 ], [ 91.43285463300009, 24.613122737000023 ], [ 91.432012907000058, 24.613040452000057 ], [ 91.431474865000155, 24.613497061000089 ], [ 91.432014543000051, 24.615026973 ], [ 91.433932956000035, 24.616412817000082 ], [ 91.435709453000072, 24.618395950000149 ], [ 91.43655805700007, 24.619940955000175 ], [ 91.439348319000032, 24.620142279000106 ], [ 91.439756796000154, 24.620339280000163 ], [ 91.441548957000066, 24.622060326000106 ], [ 91.441674457000147, 24.622560271000172 ], [ 91.440832802000045, 24.622597681000059 ], [ 91.44057643900004, 24.622907145999982 ], [ 91.44059879300012, 24.624857340000059 ], [ 91.440371637000169, 24.625453217000089 ], [ 91.439677359000086, 24.626123545000098 ], [ 91.437844730000052, 24.62723592500015 ], [ 91.435045636000098, 24.627951177000163 ], [ 91.434503708000193, 24.628288189000152 ], [ 91.434403787000178, 24.628620982000079 ], [ 91.43516868100005, 24.629588887000121 ], [ 91.435149276000175, 24.630160200999967 ], [ 91.434151071000088, 24.631524174000095 ], [ 91.434001378, 24.632094475000141 ], [ 91.434613348000198, 24.633348276000053 ], [ 91.434735057000069, 24.634868615000183 ], [ 91.432563629000185, 24.642776741000088 ], [ 91.43218002600014, 24.643304117 ], [ 91.431067645000041, 24.643763937000074 ], [ 91.428888771000061, 24.644213575000144 ], [ 91.426558855000167, 24.645066438000068 ], [ 91.421712236000189, 24.646372002000138 ], [ 91.419436513999983, 24.647438700000066 ], [ 91.418295747000059, 24.647688757000076 ], [ 91.417047651000132, 24.647675699000047 ], [ 91.415483473000066, 24.647286356999984 ], [ 91.414833860000044, 24.647339882000093 ], [ 91.412399518000029, 24.648146105000073 ], [ 91.410847653000189, 24.64885145400012 ], [ 91.407984399000043, 24.650896449000122 ], [ 91.405089899000188, 24.652420221000057 ], [ 91.403405068000168, 24.652840045000175 ], [ 91.401427897000076, 24.652741110000079 ], [ 91.400533716000041, 24.65179906700018 ], [ 91.398966084000051, 24.651100319000076 ], [ 91.396813904000112, 24.651641806000047 ], [ 91.396093086000178, 24.652291875000113 ], [ 91.39478323700007, 24.65372848200002 ], [ 91.394462917000055, 24.655300372000056 ], [ 91.394610548000074, 24.656915327000032 ], [ 91.395661727000117, 24.657925929000154 ], [ 91.395705865000195, 24.661894093 ], [ 91.398418635000098, 24.662652194000142 ], [ 91.398581922000076, 24.663339191000027 ], [ 91.399322428, 24.664449724000178 ], [ 91.400160402000097, 24.664940808000146 ], [ 91.407149673000106, 24.666823659000045 ], [ 91.409637564000164, 24.668439221000142 ], [ 91.410300132000089, 24.669527851000169 ], [ 91.409505876000082, 24.672932730000067 ], [ 91.408419059000153, 24.674654054000026 ], [ 91.407585517000086, 24.674731854000068 ], [ 91.404731410000139, 24.674451567000059 ], [ 91.401282989000151, 24.673603384000099 ], [ 91.398849757999983, 24.673510941000188 ], [ 91.398436831000197, 24.674088175000175 ], [ 91.398446246, 24.67493236700005 ], [ 91.399231266000129, 24.677645257000165 ], [ 91.398485121000135, 24.678417474000184 ], [ 91.397097056000121, 24.678010514999983 ], [ 91.392726092000146, 24.675629796000123 ], [ 91.391532101000166, 24.675341984000113 ], [ 91.390820277000103, 24.675425330000042 ], [ 91.39048874300002, 24.675771530000073 ], [ 91.390540332000114, 24.676692086000056 ], [ 91.391919742000198, 24.680049654000072 ], [ 91.392188125000146, 24.681579962 ], [ 91.391902009000034, 24.682235013000135 ], [ 91.389737587000013, 24.683672731000055 ], [ 91.389307507000126, 24.684381031000044 ], [ 91.390060421000101, 24.685324441000148 ], [ 91.391555569000161, 24.686190987000028 ], [ 91.392081783000037, 24.686797871000184 ], [ 91.392095348000169, 24.688019016000055 ], [ 91.391286384000182, 24.688706002000057 ], [ 91.38950434000003, 24.689543085000135 ], [ 91.387304578000055, 24.691205714000091 ], [ 91.384960915000022, 24.691647240000066 ], [ 91.383792695000182, 24.692195284000093 ], [ 91.382714368000052, 24.69327750400009 ], [ 91.381109216000141, 24.6960508680001 ], [ 91.378051837000044, 24.698054231000182 ] ] ] } },
{ "type": "Feature", "properties": { "adm3_pcode": "BD60360077", "adm3_name": "Nabiganj", "area_sqkm": 441.48532003999998, "population_total": 67868.630146026611, "population_flood_exposed": 275.98451995849609, "population_access_loss": 0.0, "population_density": 153.72794307153293, "priority_score": 4.915429507491365 }, "geometry": { "type": "Polygon", "coordinates": [ [ [ 91.460541772000056, 24.669065747000104 ], [ 91.457327622000037, 24.668356544000119 ], [ 91.453429951000032, 24.668509437000061 ], [ 91.451578313000141, 24.667913333000165 ], [ 91.450310697000077, 24.667083569000052 ], [ 91.448905331000105, 24.665180600000099 ], [ 91.447956700000077, 24.662930087000117 ], [ 91.448171304000084, 24.656108405000058 ], [ 91.447850148000157, 24.653696079000095 ], [ 91.446576068000084, 24.652290698000108 ], [ 91.445061767000084, 24.651847015000044 ], [ 91.444054018000088, 24.651741574000145 ], [ 91.443259727, 24.651941084000104 ], [ 91.442810557000158, 24.652940915000158 ], [ 91.443259760000103, 24.655541650000149 ], [ 91.443030755000052, 24.657537139000112 ], [ 91.441972624000186, 24.66030584900005 ], [ 91.439341533000174, 24.664852665 ], [ 91.438398704000065, 24.670417175000182 ], [ 91.435366270000145, 24.672897732000024 ], [ 91.431743811000061, 24.675155856000114 ], [ 91.431241534000094, 24.675196765000063 ], [ 91.430861861000039, 24.675049136000041 ], [ 91.430688811000152, 24.674551898000061 ], [ 91.430474950000132, 24.670531230000105 ], [ 91.430261667000138, 24.670187878000146 ], [ 91.429503542000191, 24.669888087000121 ], [ 91.428456719000167, 24.670051551000139 ], [ 91.427215118000049, 24.67144263300014 ], [ 91.426740584000015, 24.673975445000107 ], [ 91.427540619000069, 24.677954431000163 ], [ 91.428487710000184, 24.680089962000178 ], [ 91.42825013900017, 24.681356373000082 ], [ 91.427752663000035, 24.681821614000114 ], [ 91.426081398, 24.682374763000151 ], [ 91.42038284400013, 24.68281028500013 ], [ 91.418910677000099, 24.682404324000178 ], [ 91.418149898000138, 24.681874250000195 ], [ 91.414543882000032, 24.674474588000066 ], [ 91.414161794000051, 24.674056049000171 ], [ 91.41357062700007, 24.673718485000158 ], [ 91.412899530000061, 24.673686424000035 ], [ 91.408419059000153, 24.674654054000026 ], [ 91.409505876000082, 24.672932730000067 ], [ 91.410205388000065, 24.670384307000116 ], [ 91.410300132000089, 24.669527851000169 ], [ 91.409637564000164, 24.668439221000142 ], [ 91.407149673000106, 24.666823659000045 ], [ 91.400160402000097, 24.664940808000146 ], [ 91.399322428, 24.664449724000178 ], [ 91.398581922000076, 24.663339191000027 ], [ 91.398418635000098, 24.662652194000142 ], [ 91.395705865000195, 24.661894093 ], [ 91.395661727000117, 24.657925929000154 ], [ 91.394610548000074, 24.656915327000032 ], [ 91.394462917000055, 24.655300372000056 ], [ 91.39478323700007, 24.65372848200002 ], [ 91.395244949000073, 24.65315531900012 ], [ 91.396813904000112, 24.651641806000047 ], [ 91.398082953000085, 24.651203350000173 ], [ 91.398966084000051, 24.651100319000076 ], [ 91.399696357000167, 24.65135538100008 ], [ 91.400533716000041, 24.65179906700018 ], [ 91.401427897000076, 24.652741110000079 ], [ 91.403405068000168, 24.652840045000175 ], [ 91.405089899000188, 24.652420221000057 ], [ 91.406899691000035, 24.651525144000171 ], [ 91.410847653000189, 24.64885145400012 ], [ 91.412399518000029, 24.648146105000073 ], [ 91.414833860000044, 24.647339882000093 ], [ 91.415483473000066, 24.647286356999984 ], [ 91.417047651000132, 24.647675699000047 ], [ 91.418295747000059, 24.647688757000076 ], [ 91.419436513999983, 24.647438700000066 ], [ 91.421712236000189, 24.646372002000138 ], [ 91.43218002600014, 24.643304117 ], [ 91.432563629000185, 24.642776741000088 ], [ 91.434735057000069, 24.634868615000183 ], [ 91.434613348000198, 24.633348276000053 ], [ 91.434001378, 24.632094475000141 ], [ 91.434151071000088, 24.631524174000095 ], [ 91.435149276000175, 24.630160200999967 ], [ 91.43516868100005, 24.629588887000121 ], [ 91.434403787000178, 24.628620982000079 ], [ 91.434503708000193, 24.628288189000152 ], [ 91.435045636000098, 24.627951177000163 ], [ 91.437844730000052, 24.62723592500015 ], [ 91.439677359000086, 24.626123545000098 ], [ 91.440371637000169, 24.625453217000089 ], [ 91.44059879300012, 24.624857340000059 ], [ 91.44057643900004, 24.622907145999982 ], [ 91.440832802000045, 24.622597681000059 ], [ 91.441674457000147, 24.622560271000172 ], [ 91.441548957000066, 24.622060326000106 ], [ 91.439756796000154, 24.620339280000163 ], [ 91.439348319000032, 24.620142279000106 ], [ 91.43655805700007, 24.619940955000175 ], [ 91.435709453000072, 24.618395950000149 ], [ 91.433932956000035, 24.616412817000082 ], [ 91.432014543000051, 24.615026973 ], [ 91.431474865000155, 24.613497061000089 ], [ 91.432012907000058, 24.613040452000057 ], [ 91.43285463300009, 24.613122737000023 ], [ 91.433735729000148, 24.612434858000025 ], [ 91.435319798000023, 24.612600349000164 ], [ 91.436213998000142, 24.612953001 ], [ 91.437144995000153, 24.612312034000183 ], [ 91.438983812000174, 24.613107129000127 ], [ 91.439286910000192, 24.613646012000061 ], [ 91.440667662000067, 24.613359649000074 ], [ 91.44043780200019, 24.612370841000139 ], [ 91.441719288000172, 24.612042526999975 ], [ 91.442513601000087, 24.61235095 ], [ 91.443998375000035, 24.612469896000103 ], [ 91.444735536000167, 24.61210162999998 ], [ 91.444776518000197, 24.611424014000072 ], [ 91.446498729000155, 24.610773130000041 ], [ 91.447541078000143, 24.611124293000046 ], [ 91.448381141000098, 24.611116207000062 ], [ 91.448733651000126, 24.611654594000132 ], [ 91.449575894000077, 24.611781928000028 ], [ 91.450672850000103, 24.612584022000135 ], [ 91.451181946000133, 24.613798116000051 ], [ 91.454173550000178, 24.613187885000062 ], [ 91.453524550000168, 24.604089680000186 ], [ 91.453724534000173, 24.60160903500002 ], [ 91.461485686000174, 24.602384243000017 ], [ 91.461690090000062, 24.602072993000039 ], [ 91.467919239000196, 24.601418665999969 ], [ 91.468871380000053, 24.600601226000038 ], [ 91.470742853000047, 24.596162949000075 ], [ 91.475231584000142, 24.586757570000032 ], [ 91.475406962000079, 24.586186986000026 ], [ 91.475093501000174, 24.585718261000064 ], [ 91.474588263000101, 24.585052758000188 ], [ 91.470816027000069, 24.582405594000186 ], [ 91.46929966200014, 24.581612244999977 ], [ 91.46758117100012, 24.581319737000111 ], [ 91.464632763000068, 24.582465863000099 ], [ 91.461538038000072, 24.584516317000123 ], [ 91.460400109000162, 24.584954009000057 ], [ 91.457548061000068, 24.585480533000123 ], [ 91.456723136000107, 24.586034812000094 ], [ 91.455661311000085, 24.58633177300004 ], [ 91.45363113600007, 24.586042119000069 ], [ 91.453289648000066, 24.585758726000154 ], [ 91.453068883000185, 24.584598285000137 ], [ 91.453518332000158, 24.580815023000124 ], [ 91.45387008900002, 24.57974386800004 ], [ 91.45368707900019, 24.577415975000065 ], [ 91.452530828000192, 24.576262300999982 ], [ 91.450885063000158, 24.575470005000167 ], [ 91.451055269000051, 24.572888130000141 ], [ 91.453063335000081, 24.566785013000128 ], [ 91.454104291000078, 24.560147168000068 ], [ 91.455379577000087, 24.555857033999985 ], [ 91.455712679000101, 24.555474569000069 ], [ 91.459039423000036, 24.555609447000055 ], [ 91.458984833000102, 24.555370691000174 ], [ 91.456704034000154, 24.553586812000106 ], [ 91.456537803000188, 24.552710278000063 ], [ 91.457513937999977, 24.551750465000108 ], [ 91.459585287000039, 24.548874780000116 ], [ 91.4605550120001, 24.548005306000107 ], [ 91.4644095780002, 24.547597692000181 ], [ 91.465845745000081, 24.547899772000111 ], [ 91.467340560000196, 24.548834731999985 ], [ 91.467940084000091, 24.549459586000012 ], [ 91.468541485000173, 24.550133211000059 ], [ 91.469252091000158, 24.551706480000117 ], [ 91.47054350000019, 24.552235666000062 ], [ 91.471819953000193, 24.551588873000071 ], [ 91.473900001000175, 24.552020029000058 ], [ 91.47631873500012, 24.551813507000194 ], [ 91.476965200000052, 24.552168360000163 ], [ 91.477931645000126, 24.550395848000054 ], [ 91.480356726000153, 24.550733234000063 ], [ 91.481591298000183, 24.550675955000031 ], [ 91.481701233000138, 24.551577840000167 ], [ 91.482444826000062, 24.551796268000086 ], [ 91.485758394000186, 24.552077420999979 ], [ 91.486406565000038, 24.552522511000063 ], [ 91.487638400000094, 24.552284617000108 ], [ 91.488334869000084, 24.552638925000107 ], [ 91.489165349000075, 24.551906096000089 ], [ 91.49177988800011, 24.551564204000101 ], [ 91.494328666000172, 24.550906885000128 ], [ 91.49581501, 24.550255553000053 ], [ 91.496001634000038, 24.549395892000064 ], [ 91.495738614000118, 24.548132096000128 ], [ 91.496375468000053, 24.5476742940001 ], [ 91.496645178000165, 24.546953767000101 ], [ 91.495958980000026, 24.546007952000085 ], [ 91.496346812000127, 24.545414921000141 ], [ 91.496234101000141, 24.544287339000107 ], [ 91.494580496000196, 24.544276655000093 ], [ 91.493657085999985, 24.540958388999972 ], [ 91.493108742000118, 24.540760655000156 ], [ 91.492038573000116, 24.541042137000147 ], [ 91.490097400000195, 24.542589600000046 ], [ 91.488756391000152, 24.542873736999979 ], [ 91.487845387999982, 24.542110695000133 ], [ 91.487434584000141, 24.541333685000094 ], [ 91.487427347000164, 24.540719741000142 ], [ 91.487820366000051, 24.539988977000057 ], [ 91.491105361000166, 24.537721692000165 ], [ 91.492037109000208, 24.537475446000023 ], [ 91.492686270000149, 24.536913701000174 ], [ 91.495436789000109, 24.535579409000089 ], [ 91.497363636999978, 24.533515080000086 ], [ 91.49762599200011, 24.532853313000086 ], [ 91.497426551000046, 24.532266111000016 ], [ 91.495853024000155, 24.531243319000112 ], [ 91.4839367780001, 24.525990648000121 ], [ 91.482900999000108, 24.525357470000131 ], [ 91.48220930400015, 24.524501935000103 ], [ 91.482083981000187, 24.523968159 ], [ 91.484044083000185, 24.521316738999985 ], [ 91.484134320000067, 24.520701836 ], [ 91.483923300000185, 24.520277258000075 ], [ 91.480511379000063, 24.517270033000045 ], [ 91.479606538999974, 24.516696495000193 ], [ 91.478925356000047, 24.516732521000169 ], [ 91.477678616000105, 24.515616025000156 ], [ 91.476188055000137, 24.514957901000059 ], [ 91.475836014000038, 24.514444395000162 ], [ 91.476000308000152, 24.513589723000166 ], [ 91.476729299000112, 24.512713240000028 ], [ 91.480601579000052, 24.509230469999981 ], [ 91.48300638600017, 24.5075928 ], [ 91.48314993300005, 24.506948024000167 ], [ 91.482871783000192, 24.506266758999971 ], [ 91.481351366000013, 24.504895632000164 ], [ 91.480251709000072, 24.504321747000173 ], [ 91.478744682000183, 24.504090459000054 ], [ 91.477035105000198, 24.504312624000022 ], [ 91.47589362399998, 24.50484209900009 ], [ 91.474513201000093, 24.505854273000125 ], [ 91.471194842000045, 24.508710700000162 ], [ 91.469156889000089, 24.510775785000021 ], [ 91.46774726100017, 24.511394492000132 ], [ 91.467258762000199, 24.511342809000045 ], [ 91.466821198000048, 24.509940682000149 ], [ 91.465365462000207, 24.507541627000137 ], [ 91.465199717000075, 24.505960774000183 ], [ 91.46535465400018, 24.504428730000086 ], [ 91.46600821800007, 24.502654812 ], [ 91.467128341000148, 24.501438458999978 ], [ 91.468212602000051, 24.501118649000038 ], [ 91.469271242000048, 24.501248311000097 ], [ 91.470535575000156, 24.501881623000084 ], [ 91.472426193000103, 24.503700741000159 ], [ 91.4734808, 24.503746888000137 ], [ 91.475129359999983, 24.503211577000176 ], [ 91.475965830000135, 24.50264130100004 ], [ 91.476523741000165, 24.501879605000113 ], [ 91.477011892000178, 24.500373641000181 ], [ 91.476350722000177, 24.498894720000123 ], [ 91.474215533000176, 24.496780056000148 ], [ 91.472819794000031, 24.495716884000103 ], [ 91.470201132000113, 24.49455048100015 ], [ 91.468309955000052, 24.493995496000128 ], [ 91.46775475900013, 24.493664537000029 ], [ 91.467408906000173, 24.493140202000063 ], [ 91.467493532000049, 24.492305843000054 ], [ 91.469510552000145, 24.490478019000133 ], [ 91.473147164000125, 24.488295766000132 ], [ 91.473235308000142, 24.487974351000105 ], [ 91.47275069900013, 24.487137055000122 ], [ 91.471651546000032, 24.48616578400015 ], [ 91.470402941000032, 24.485545864000187 ], [ 91.468788654000093, 24.485085252999962 ], [ 91.467539272000138, 24.485034192000107 ], [ 91.463464974000146, 24.485473292000052 ], [ 91.462828861000048, 24.484806737000042 ], [ 91.463017323000145, 24.483879362000149 ], [ 91.463799116000075, 24.482959779000169 ], [ 91.46577790200007, 24.481778009000095 ], [ 91.467597761000093, 24.481464611999968 ], [ 91.471086384000159, 24.481475824000022 ], [ 91.474478385000054, 24.482562437000123 ], [ 91.475794552000139, 24.483741507 ], [ 91.477039030000086, 24.485327604000076 ], [ 91.478174163000119, 24.485470002000106 ], [ 91.478962762000094, 24.484719588000189 ], [ 91.479482044000065, 24.483299092999971 ], [ 91.479547363000052, 24.482345817000176 ], [ 91.479003992000116, 24.480387172 ], [ 91.478382424000074, 24.479650561000085 ], [ 91.476489035000156, 24.479206307000076 ], [ 91.47514235, 24.47937296900005 ], [ 91.473965048000139, 24.479258046000037 ], [ 91.4724653130001, 24.478408074000072 ], [ 91.471893389000059, 24.477323306000184 ], [ 91.471560128000078, 24.475868247000111 ], [ 91.471533177000083, 24.474611118000091 ], [ 91.471864792000076, 24.47380424000016 ], [ 91.471490124000184, 24.471916153000166 ], [ 91.471739289000084, 24.47139 ], [ 91.471598646000075, 24.470802180000067 ], [ 91.471086644000195, 24.470227003000044 ], [ 91.470482637000032, 24.470011653000135 ], [ 91.465495572000123, 24.464001123000056 ], [ 91.461410562000196, 24.460196245000187 ], [ 91.459941877000063, 24.457198999000131 ], [ 91.45975943000019, 24.45618716600017 ], [ 91.46017767800015, 24.45476319100004 ], [ 91.460870958000115, 24.454307257000149 ], [ 91.462032054000076, 24.454160587000096 ], [ 91.464409188000104, 24.45462067200009 ], [ 91.465312881000045, 24.455140158000063 ], [ 91.467781527000184, 24.455195220000178 ], [ 91.470157524000058, 24.456032214000178 ], [ 91.478369281000141, 24.454290653000044 ], [ 91.478412611000124, 24.453143446000073 ], [ 91.477406688000144, 24.452636326 ], [ 91.475682858000141, 24.450887842000096 ], [ 91.476675746000069, 24.450119648000172 ], [ 91.480357963000188, 24.449151319000066 ], [ 91.490727858000128, 24.447180273000072 ], [ 91.494779176000122, 24.446972094000156 ], [ 91.495224620000045, 24.449743201 ], [ 91.497024824000107, 24.450264912000073 ], [ 91.497368342000129, 24.450744601999986 ], [ 91.497252030000084, 24.451596805000062 ], [ 91.49615686500016, 24.453874106000114 ], [ 91.496073368000111, 24.454425744000101 ], [ 91.496539575000043, 24.455687543000124 ], [ 91.497697798000047, 24.456969577000162 ], [ 91.498875829000042, 24.457371011000184 ], [ 91.500526015000162, 24.459530793000173 ], [ 91.501295760000176, 24.461010793000071 ], [ 91.503004177000037, 24.463030004000075 ], [ 91.5037519400002, 24.465198719000174 ], [ 91.506580916000132, 24.468470887000024 ], [ 91.507096495000098, 24.470291993000043 ], [ 91.507341588000031, 24.470472401000045 ], [ 91.508264190000148, 24.470485766000024 ], [ 91.510571389000177, 24.46944011 ], [ 91.511031626000147, 24.469668021000135 ], [ 91.510958350000124, 24.470296315000098 ], [ 91.509461320000071, 24.473354273000155 ], [ 91.509441005000099, 24.473873678000022 ], [ 91.509811243000172, 24.474154413000061 ], [ 91.512609911000084, 24.474602732000164 ], [ 91.512772566000137, 24.474488234000095 ], [ 91.512318952000101, 24.473165418000058 ], [ 91.51239690500006, 24.472826025000131 ], [ 91.516145319000032, 24.471384347000026 ], [ 91.520499435000033, 24.471403798000143 ], [ 91.523576462, 24.471108685000161 ], [ 91.524367403000156, 24.470838848000081 ], [ 91.525346136000067, 24.470239788000129 ], [ 91.525493830000187, 24.468834189000059 ], [ 91.526396360000092, 24.466468347000049 ], [ 91.527318656000034, 24.463034547000177 ], [ 91.528791090000198, 24.462529804000042 ], [ 91.530859419000137, 24.461183772000084 ], [ 91.53440990900009, 24.460195144000181 ], [ 91.536753966000163, 24.460189390000036 ], [ 91.537123348000193, 24.460397827000122 ], [ 91.538683061000199, 24.461652869000094 ], [ 91.540628803000061, 24.464531542000149 ], [ 91.541325517000132, 24.464682456 ], [ 91.545452337000199, 24.465112688999966 ], [ 91.545792943000151, 24.462641289000153 ], [ 91.546262789000082, 24.461936692 ], [ 91.546705676000045, 24.461882028000105 ], [ 91.548125295000034, 24.463540687000144 ], [ 91.550164972000118, 24.46450400100008 ], [ 91.549847363000197, 24.46615966700011 ], [ 91.550961052000105, 24.467279189000173 ], [ 91.551583309000137, 24.467591092000131 ], [ 91.55295246999998, 24.466362555000043 ], [ 91.551898814000026, 24.464407196000138 ], [ 91.551910487000043, 24.463951084000087 ], [ 91.554495804000169, 24.462599426000168 ], [ 91.554986380000059, 24.461578557000166 ], [ 91.556437189000121, 24.461432694000052 ], [ 91.556570254, 24.459668307000186 ], [ 91.557295343000078, 24.459570543000098 ], [ 91.557829447000188, 24.461639574000113 ], [ 91.558322348000047, 24.462162719000158 ], [ 91.558936738000057, 24.462036742000123 ], [ 91.559699005000198, 24.461252338000062 ], [ 91.560245912000198, 24.460203781000072 ], [ 91.560216236000088, 24.459346283000173 ], [ 91.559396134000053, 24.458587235999968 ], [ 91.557698568000148, 24.457616008000116 ], [ 91.558920293000028, 24.456894592000079 ], [ 91.56110116900004, 24.456461242000106 ], [ 91.562425816000101, 24.455989307999975 ], [ 91.562605953000173, 24.455698499000164 ], [ 91.562266497000181, 24.454869037000094 ], [ 91.559081687000059, 24.452926708000057 ], [ 91.558328409000126, 24.451631961000142 ], [ 91.55795244300009, 24.449936026000046 ], [ 91.557298453000158, 24.44924297000011 ], [ 91.556078948000049, 24.449297645000115 ], [ 91.555082529000117, 24.448088214000109 ], [ 91.552536528000076, 24.448800626000089 ], [ 91.551928858000053, 24.448614988000024 ], [ 91.551021380000122, 24.447658136000083 ], [ 91.550851340000079, 24.446659855000167 ], [ 91.548783169000117, 24.446620105000079 ], [ 91.547973341000045, 24.444433816000068 ], [ 91.5498751720001, 24.444147566000026 ], [ 91.550949477000074, 24.443727962000136 ], [ 91.5538809210002, 24.44333668500019 ], [ 91.55436080700008, 24.443510086000057 ], [ 91.554569227000115, 24.443916531000188 ], [ 91.554383199000142, 24.444631779000023 ], [ 91.554529194000054, 24.44542713800001 ], [ 91.55496997400013, 24.445828935000115 ], [ 91.555380123000077, 24.445894695999982 ], [ 91.555738110999982, 24.44487518700009 ], [ 91.558593427000176, 24.441351348000126 ], [ 91.559324874000197, 24.439524351000045 ], [ 91.55919101600017, 24.43921646900014 ], [ 91.556654602000094, 24.43908683900008 ], [ 91.556583258000046, 24.437493856000177 ], [ 91.563000940000109, 24.43719064500004 ], [ 91.563401683000109, 24.43649574 ], [ 91.563664743, 24.435183737000099 ], [ 91.564513354000169, 24.434967283000109 ], [ 91.564295229000152, 24.433375824000162 ], [ 91.564479215000119, 24.432850207000115 ], [ 91.564906098000165, 24.432626827000096 ], [ 91.565910257000041, 24.43287829000019 ], [ 91.567074148000131, 24.434482523000153 ], [ 91.569126330000145, 24.433993970000127 ], [ 91.569175289000157, 24.435110866000169 ], [ 91.571788086000083, 24.434894121000067 ], [ 91.57579795800001, 24.433807232000159 ], [ 91.577374735000035, 24.433607946000166 ], [ 91.579106819000174, 24.433951054000143 ], [ 91.583151337000118, 24.433771075000092 ], [ 91.588276848000135, 24.432297460000079 ], [ 91.588809854000147, 24.431790723000177 ], [ 91.589926311000056, 24.432146943000191 ], [ 91.590585194000141, 24.43155310200012 ], [ 91.591651565000177, 24.431307119000106 ], [ 91.593534426000076, 24.431876468000095 ], [ 91.594470156000057, 24.431780830000143 ], [ 91.595887721000054, 24.429858406999987 ], [ 91.596067274000063, 24.428942280000111 ], [ 91.596975293000128, 24.428801770000067 ], [ 91.59773313200003, 24.428091725 ], [ 91.599564519000126, 24.427758600000054 ], [ 91.600816716999987, 24.425440588000122 ], [ 91.602630109000131, 24.424516189000087 ], [ 91.606208906, 24.430078744000184 ], [ 91.609247404000087, 24.43578464300003 ], [ 91.610347347000086, 24.436951037000085 ], [ 91.609289826000065, 24.439271804000043 ], [ 91.610715455000161, 24.440532142000045 ], [ 91.610161791000166, 24.441699330000123 ], [ 91.610163587000102, 24.443053723000048 ], [ 91.611551187000032, 24.446250019000157 ], [ 91.61231544300017, 24.446309591000102 ], [ 91.612764004000098, 24.446751764000055 ], [ 91.611909510000089, 24.447812799000129 ], [ 91.612639031000128, 24.449041482000091 ], [ 91.61289489700016, 24.450617201 ], [ 91.613641999000151, 24.452522327999986 ], [ 91.613670719000027, 24.457970123 ], [ 91.614526580000074, 24.460495552000161 ], [ 91.616189692000034, 24.463513198000104 ], [ 91.616394660000083, 24.464331550000111 ], [ 91.61587132600016, 24.466128345000186 ], [ 91.616347807000068, 24.467856884000128 ], [ 91.614960564000114, 24.469745311000107 ], [ 91.615198289000148, 24.471511394000174 ], [ 91.61410560700017, 24.472205918000043 ], [ 91.614455048000195, 24.475986612000039 ], [ 91.613498906000132, 24.477334302000028 ], [ 91.612777187000177, 24.480070002000044 ], [ 91.613421280000125, 24.483117300000117 ], [ 91.613419951000083, 24.484366752000142 ], [ 91.61479438900011, 24.485809173 ], [ 91.615465224000104, 24.48886745800019 ], [ 91.614683956000135, 24.490055271000127 ], [ 91.615149374000126, 24.491212255000164 ], [ 91.613509138000097, 24.49121229800005 ], [ 91.613205847000131, 24.491608314000128 ], [ 91.614693357000135, 24.492047267000146 ], [ 91.615674259000116, 24.491930680000166 ], [ 91.615663531000109, 24.492490615000065 ], [ 91.61491702700016, 24.49297376800012 ], [ 91.615169325000068, 24.493401655000124 ], [ 91.615951610000195, 24.493365631000135 ], [ 91.615935971000056, 24.494216815000073 ], [ 91.618082620000166, 24.495317973000059 ], [ 91.618258120000121, 24.496164846 ], [ 91.617394612000055, 24.496975453000054 ], [ 91.618741305000185, 24.497536639000085 ], [ 91.618887455000049, 24.498210013000058 ], [ 91.618346866000138, 24.498665017 ], [ 91.617257753, 24.499004002000106 ], [ 91.616934793000112, 24.499357349000096 ], [ 91.616514518000088, 24.500637240000053 ], [ 91.616606446000048, 24.501363117000153 ], [ 91.617183727000111, 24.501605238000028 ], [ 91.61800355600019, 24.501571623000192 ], [ 91.618171430000189, 24.501870047000182 ], [ 91.617801567000072, 24.502799516000103 ], [ 91.617863183, 24.503324814000049 ], [ 91.618254452000144, 24.50397073 ], [ 91.62036014600011, 24.50604745000004 ], [ 91.621872963000158, 24.508730962000069 ], [ 91.623150266000039, 24.510168688000185 ], [ 91.624163367000108, 24.512306759000062 ], [ 91.624910857000145, 24.512973646999967 ], [ 91.624434462000067, 24.514154841000053 ], [ 91.622777146000089, 24.514924363000087 ], [ 91.622318239000037, 24.515355933000077 ], [ 91.622410824000156, 24.516129197000112 ], [ 91.622968767000032, 24.516924546000151 ], [ 91.623983711000164, 24.517186760000133 ], [ 91.628369080000198, 24.516886673000098 ], [ 91.629077623000114, 24.516730043000109 ], [ 91.629808119000131, 24.516171369000062 ], [ 91.630820772, 24.516207830000155 ], [ 91.631315188000087, 24.516378555000184 ], [ 91.631330670000139, 24.517529617000037 ], [ 91.63152474600021, 24.517750993000053 ], [ 91.631906651000065, 24.517997424999976 ], [ 91.632709165000051, 24.517618541999976 ], [ 91.632830291000118, 24.518351987000184 ], [ 91.633177822000164, 24.518658607000191 ], [ 91.635620625000058, 24.518864644000075 ], [ 91.636397446000103, 24.51850295100007 ], [ 91.637484813000128, 24.519210107000159 ], [ 91.637367600000061, 24.519946135000112 ], [ 91.636858096000196, 24.520635627000157 ], [ 91.637051162000034, 24.521587247000184 ], [ 91.6368740650002, 24.522295705000033 ], [ 91.635494967000113, 24.523878364000151 ], [ 91.634413624000103, 24.523781735000057 ], [ 91.634152977000099, 24.525852253000092 ], [ 91.634708303000082, 24.526293184000107 ], [ 91.635191809999981, 24.527666029000095 ], [ 91.635748046, 24.527842840000062 ], [ 91.636199271000123, 24.528508367000146 ], [ 91.63694753600015, 24.528247428000153 ], [ 91.637536099000101, 24.527254597000134 ], [ 91.638952902000142, 24.527672610000028 ], [ 91.640551604999985, 24.527752293000102 ], [ 91.641149167000094, 24.528047141000165 ], [ 91.641186203000132, 24.529377421000106 ], [ 91.641658193000069, 24.531257132000114 ], [ 91.641589217000046, 24.532926028000194 ], [ 91.642470217000152, 24.535183896000152 ], [ 91.642151357000046, 24.536706532000149 ], [ 91.641828995000196, 24.537202133000047 ], [ 91.639066125, 24.537910512000103 ], [ 91.638585591000037, 24.538911208000169 ], [ 91.638600312000108, 24.539949406000062 ], [ 91.637499994000052, 24.542584347000055 ], [ 91.637512332000142, 24.543487134000024 ], [ 91.638017011999978, 24.544249133000104 ], [ 91.640100917000041, 24.544903665999986 ], [ 91.641197218000059, 24.545614069000067 ], [ 91.64208376300013, 24.545423830000061 ], [ 91.642467356000168, 24.544559624000161 ], [ 91.643550696000091, 24.544322083000111 ], [ 91.64473684799998, 24.544352038 ], [ 91.645323168000175, 24.543849032000139 ], [ 91.646093240000141, 24.542393698000179 ], [ 91.647263434000138, 24.541250012000035 ], [ 91.648049474000175, 24.5409254 ], [ 91.649735021000083, 24.541358423000023 ], [ 91.650784971000121, 24.54224984800015 ], [ 91.650507843000071, 24.543654662000048 ], [ 91.650870465000082, 24.544869633000129 ], [ 91.653235678000101, 24.544435140000132 ], [ 91.653496703000144, 24.545427741000136 ], [ 91.65462638200006, 24.544961631000088 ], [ 91.655455232000065, 24.544185052000042 ], [ 91.656512978000194, 24.545618097000048 ], [ 91.657508891000077, 24.546194044 ], [ 91.657715211000095, 24.546823816000082 ], [ 91.655949890000159, 24.547793537000128 ], [ 91.655663299000139, 24.54847387400002 ], [ 91.656776989000093, 24.550405160000079 ], [ 91.655999392000183, 24.551406959000133 ], [ 91.654816580000158, 24.55155759600007 ], [ 91.654017442000111, 24.550934329000089 ], [ 91.653261721000035, 24.549904267000159 ], [ 91.652614817000142, 24.549550197000144 ], [ 91.651976787000137, 24.549873210000154 ], [ 91.650915368000142, 24.551692929000179 ], [ 91.650386688000083, 24.552782221000026 ], [ 91.650397379000196, 24.553551838000029 ], [ 91.649366279000162, 24.554014584000129 ], [ 91.649190776000125, 24.555644012000126 ], [ 91.648361844000078, 24.556422817000175 ], [ 91.64727897500012, 24.556750679000121 ], [ 91.645692520000182, 24.556361699000092 ], [ 91.644955172000095, 24.556595481000098 ], [ 91.644719038000119, 24.557412941000049 ], [ 91.645274351000126, 24.558264650000066 ], [ 91.645248060000199, 24.559937594000129 ], [ 91.646200589000046, 24.560965540999973 ], [ 91.645717678000153, 24.561738295000165 ], [ 91.645683705000067, 24.562869570000032 ], [ 91.646680896000078, 24.563535861000048 ], [ 91.64739733100015, 24.565333861000106 ], [ 91.647408602000098, 24.566148619000046 ], [ 91.646973241000012, 24.566830566000071 ], [ 91.645332586000109, 24.566081015000123 ], [ 91.64424965600017, 24.566411117000083 ], [ 91.642865837000159, 24.56638106999997 ], [ 91.642656613000099, 24.565525576000084 ], [ 91.639041621000104, 24.56497805500015 ], [ 91.638402365000161, 24.565167848000158 ], [ 91.637815333000106, 24.565625691000097 ], [ 91.636560847000055, 24.567808586000123 ], [ 91.636521485000173, 24.568578753 ], [ 91.636088431000189, 24.569396085000168 ], [ 91.636010291000161, 24.570934152000117 ], [ 91.635526079000044, 24.571661744000092 ], [ 91.635587189000148, 24.572518852000144 ], [ 91.635058358000151, 24.573565207000115 ], [ 91.634790380000197, 24.575692233999973 ], [ 91.634111657000062, 24.576649919000086 ], [ 91.631641126000034, 24.576676705000185 ], [ 91.630657403999976, 24.577005639000046 ], [ 91.630174308000164, 24.577823497000047 ], [ 91.626987242999974, 24.578372625000153 ], [ 91.62664231600013, 24.579068215000177 ], [ 91.626704269000186, 24.579636390000179 ], [ 91.627626212, 24.580516928000062 ], [ 91.629164328000115, 24.582754209000147 ], [ 91.630081327000198, 24.582844734000101 ], [ 91.632459674000074, 24.582505204000082 ], [ 91.632859883000037, 24.582600187000029 ], [ 91.63306769400009, 24.582920726000165 ], [ 91.632962106000093, 24.583463622000128 ], [ 91.632053496000026, 24.584901211000162 ], [ 91.631699845000185, 24.586430600000138 ], [ 91.629124760000195, 24.588423838000043 ], [ 91.628816986000118, 24.588819939000022 ], [ 91.628735212000095, 24.589511557000041 ], [ 91.626640663999979, 24.589568062000012 ], [ 91.624537226000029, 24.588936157000035 ], [ 91.622101349000047, 24.588750240000024 ], [ 91.619067592000079, 24.587615868000171 ], [ 91.617194270000198, 24.58663601600006 ], [ 91.614948088000119, 24.583384771999988 ], [ 91.613951446000101, 24.582569282 ], [ 91.613293206000151, 24.582540221000045 ], [ 91.612585898000077, 24.583064721000085 ], [ 91.610821857000076, 24.583623100000182 ], [ 91.609849137000026, 24.584531916000063 ], [ 91.609281635000187, 24.586339315000146 ], [ 91.60951068300011, 24.588856024000108 ], [ 91.611880978000045, 24.592162454000121 ], [ 91.613043911000048, 24.591596957000093 ], [ 91.614493626000183, 24.593662651000159 ], [ 91.620062271000052, 24.598101623000098 ], [ 91.622655683000062, 24.600773412000084 ], [ 91.623777921, 24.601357234999959 ], [ 91.626337070000091, 24.59921902800005 ], [ 91.62902414500013, 24.597386389000061 ], [ 91.631022785000141, 24.596348962000093 ], [ 91.631078821000131, 24.594434172000149 ], [ 91.632681286000093, 24.594452914000101 ], [ 91.632918724000035, 24.593773153000029 ], [ 91.632862149000061, 24.592647376000059 ], [ 91.632320427000195, 24.59208892900017 ], [ 91.631868249000092, 24.592057714000138 ], [ 91.631612165000035, 24.59134718700005 ], [ 91.632650415000114, 24.590455584000097 ], [ 91.632424804000038, 24.588573190000144 ], [ 91.634756081000091, 24.586644997 ], [ 91.63833087200004, 24.587352173000117 ], [ 91.638801121000142, 24.587753366000129 ], [ 91.63889917400013, 24.588340324000054 ], [ 91.638564576000192, 24.589091129000106 ], [ 91.635251530000176, 24.59057859100005 ], [ 91.634042213, 24.591650393000116 ], [ 91.633548604000111, 24.593086872 ], [ 91.633722726000158, 24.593568042000069 ], [ 91.634170025000117, 24.593840834000041 ], [ 91.635579215000178, 24.593757811000042 ], [ 91.63996123600009, 24.592100686000148 ], [ 91.641093826000031, 24.591964194000017 ], [ 91.642851381000071, 24.592329888999984 ], [ 91.645918506000044, 24.593844880000066 ], [ 91.649553910000122, 24.594919051000026 ], [ 91.652111994000052, 24.595188957000108 ], [ 91.654897849000065, 24.594943910000037 ], [ 91.657743172000039, 24.593966807000072 ], [ 91.661883415000034, 24.591690964000183 ], [ 91.663422399000183, 24.591159308000044 ], [ 91.663961725000036, 24.591153350000067 ], [ 91.664199617000179, 24.591408048 ], [ 91.665540535000105, 24.593492477000101 ], [ 91.665696218000107, 24.594856402000058 ], [ 91.665492521000033, 24.597978199000181 ], [ 91.666184268000166, 24.597968284000164 ], [ 91.666537640000115, 24.598506117000166 ], [ 91.666753125000071, 24.599770055000072 ], [ 91.667704963000119, 24.600662417000024 ], [ 91.667814495000144, 24.601428673000044 ], [ 91.66722505600012, 24.601708333000087 ], [ 91.667582034000191, 24.602516992000119 ], [ 91.668382176000136, 24.603185304000128 ], [ 91.669319512000072, 24.606563059000106 ], [ 91.669542234000176, 24.608368653000124 ], [ 91.669561477000059, 24.609725051000108 ], [ 91.66785119300016, 24.614714511999974 ], [ 91.668149132, 24.618327337000032 ], [ 91.666727944, 24.61924599800011 ], [ 91.666242580000187, 24.61988566600013 ], [ 91.665423811000039, 24.621623921000154 ], [ 91.664916320000032, 24.62405822300013 ], [ 91.664277979000076, 24.624336161000027 ], [ 91.663416690000133, 24.626379484999976 ], [ 91.662780732000101, 24.626885371000071 ], [ 91.661232308000081, 24.627482600000064 ], [ 91.660823452000159, 24.626909258 ], [ 91.660003750000044, 24.62710566200013 ], [ 91.655200943000082, 24.629131455000103 ], [ 91.653664591000165, 24.629525323000049 ], [ 91.652222028000097, 24.629259022000099 ], [ 91.655052942, 24.635831736 ], [ 91.652224769000043, 24.638937263 ], [ 91.650266597000041, 24.639661354000168 ], [ 91.646786244000111, 24.641498014000092 ], [ 91.645730295000021, 24.64287781400003 ], [ 91.646134003000043, 24.643040973000097 ], [ 91.646261720000055, 24.644917621000101 ], [ 91.646666413000048, 24.645974102000082 ], [ 91.642996477000167, 24.646738852999984 ], [ 91.641467215000091, 24.647694588000149 ], [ 91.641388045000099, 24.649478697000063 ], [ 91.644212977000109, 24.653300970000032 ], [ 91.644540722000102, 24.654798467000038 ], [ 91.643423806000044, 24.655844515000066 ], [ 91.639950817000056, 24.657480611999972 ], [ 91.639245007000056, 24.658519886000189 ], [ 91.639670336, 24.659643878999987 ], [ 91.640919915000097, 24.660851421000075 ], [ 91.642881432000138, 24.66148684500007 ], [ 91.644943496000053, 24.661278769000091 ], [ 91.647716522000167, 24.661810848000133 ], [ 91.64969414300009, 24.663667185000175 ], [ 91.650945702000186, 24.66506196500012 ], [ 91.650760493000064, 24.666567334000092 ], [ 91.649970175000192, 24.669018373000085 ], [ 91.649786798000036, 24.670711074000106 ], [ 91.650424655000165, 24.672299947 ], [ 91.653538713000046, 24.674615492000036 ], [ 91.656026056000087, 24.676091411000183 ], [ 91.65852896500013, 24.678786031000016 ], [ 91.658752643000128, 24.680194340000131 ], [ 91.657644331000085, 24.681897261000074 ], [ 91.655077280000057, 24.682112934000028 ], [ 91.653941617000157, 24.681748490000068 ], [ 91.651346734000128, 24.679899019000114 ], [ 91.646610825000039, 24.678152 ], [ 91.627706206000084, 24.674071573000052 ], [ 91.625557784000137, 24.672320627000147 ], [ 91.624431763000132, 24.669779831000028 ], [ 91.624352572000021, 24.668338286000054 ], [ 91.626394516000062, 24.661932608000082 ], [ 91.626426146000199, 24.659656928000118 ], [ 91.625246306000122, 24.657672004000169 ], [ 91.622688497000141, 24.657090187999984 ], [ 91.6212926070001, 24.657159433000118 ], [ 91.619961453000087, 24.657507870000131 ], [ 91.618996075000155, 24.658017136000126 ], [ 91.618222063000019, 24.659192491000116 ], [ 91.61711528100011, 24.662865724000021 ], [ 91.616636397000093, 24.66336974100011 ], [ 91.615007184000035, 24.66422020500011 ], [ 91.614468611000177, 24.664837716000136 ], [ 91.611632800000109, 24.669445952000046 ], [ 91.609570249000058, 24.672197131000011 ], [ 91.607625905000134, 24.674251773000041 ], [ 91.606234587000131, 24.674790354000098 ], [ 91.605910616000017, 24.674328818000106 ], [ 91.605901685000106, 24.673631411000031 ], [ 91.606564981000076, 24.670836563000083 ], [ 91.605986484000084, 24.670319059000061 ], [ 91.604333344999986, 24.670278038000159 ], [ 91.601231377000033, 24.671299839000021 ], [ 91.595195142000193, 24.671537887 ], [ 91.593095309000091, 24.671386367000078 ], [ 91.589588017000153, 24.670552210999961 ], [ 91.587730836000048, 24.669468037000168 ], [ 91.587467479000054, 24.668714623000021 ], [ 91.585614861000067, 24.668036686000164 ], [ 91.584578798000052, 24.66653748300018 ], [ 91.584178034000104, 24.664975140000131 ], [ 91.586301010000057, 24.662463377000055 ], [ 91.586299482000129, 24.661815095000065 ], [ 91.585840443000052, 24.661446580000014 ], [ 91.584577103000129, 24.661368266000125 ], [ 91.580907046000164, 24.662684573000035 ], [ 91.579768758000114, 24.663161554000165 ], [ 91.57907710000012, 24.663748954000084 ], [ 91.578329902000064, 24.664978015000088 ], [ 91.578097429000138, 24.666723101000063 ], [ 91.578955775000111, 24.669269355999965 ], [ 91.579107106000095, 24.67118422100009 ], [ 91.578934602, 24.67263974300004 ], [ 91.578380326000172, 24.674038331000133 ], [ 91.577129297000113, 24.676030014000162 ], [ 91.576000398000076, 24.676909794000153 ], [ 91.574350818000198, 24.677159602000188 ], [ 91.573133475000077, 24.676418417999969 ], [ 91.57202875500019, 24.674511273000174 ], [ 91.571257413000126, 24.673824092000075 ], [ 91.568354435000117, 24.672319462000129 ], [ 91.565685350000138, 24.671735582000107 ], [ 91.564657237000063, 24.671105216 ], [ 91.564298752000184, 24.670438526999984 ], [ 91.562846529000183, 24.669027018000179 ], [ 91.562223254000074, 24.667577530000187 ], [ 91.561982211999975, 24.66612406399997 ], [ 91.561997008000162, 24.664783060000047 ], [ 91.562880563000135, 24.664076357000106 ], [ 91.564562799999976, 24.663535145000075 ], [ 91.569922379000161, 24.663973579000125 ], [ 91.57067828900017, 24.663236563000051 ], [ 91.571552648000136, 24.661800794000044 ], [ 91.572015593000174, 24.660601831000065 ], [ 91.57306352500018, 24.655231986000107 ], [ 91.573131497000134, 24.653019103000073 ], [ 91.572898862000159, 24.649730365000096 ], [ 91.572564961000126, 24.648510393000038 ], [ 91.571948250000176, 24.647584572000085 ], [ 91.570956059000082, 24.647245060000046 ], [ 91.570575371000189, 24.647366421000068 ], [ 91.57026445300005, 24.647981404000067 ], [ 91.568722120000075, 24.654609209000174 ], [ 91.567612429000178, 24.657620773000129 ], [ 91.565556910000169, 24.65892210800007 ], [ 91.561109576000092, 24.660018043000029 ], [ 91.560159664000196, 24.660551615000145 ], [ 91.559720376000087, 24.661079874000052 ], [ 91.558958606000104, 24.661349629000085 ], [ 91.554815674000167, 24.666489614000049 ], [ 91.553428781000093, 24.667698093000126 ], [ 91.552661565000165, 24.667532212000136 ], [ 91.552007365000065, 24.666168771000059 ], [ 91.552893536000113, 24.66307384300012 ], [ 91.553704222000192, 24.66166591700016 ], [ 91.553534830000046, 24.660852772000109 ], [ 91.553019675000144, 24.660393086999989 ], [ 91.551900341000078, 24.660113459000108 ], [ 91.550025116000086, 24.66048044800004 ], [ 91.549205135000193, 24.661188681999988 ], [ 91.548018034000108, 24.663124167000031 ], [ 91.547058092999976, 24.665404933000104 ], [ 91.545721478000189, 24.670748262000135 ], [ 91.54544141000008, 24.671274842 ], [ 91.544964907000178, 24.671397125000112 ], [ 91.544388711000124, 24.671197635000109 ], [ 91.543840711000087, 24.670679569000075 ], [ 91.541659934, 24.667004453000054 ], [ 91.540462553000168, 24.662937728000145 ], [ 91.539900619000036, 24.658663571999959 ], [ 91.539109522000047, 24.656545263000105 ], [ 91.538721629000179, 24.656084223000168 ], [ 91.537951980000173, 24.655712870000116 ], [ 91.535553956000172, 24.655037619999973 ], [ 91.534195446000069, 24.653421693000158 ], [ 91.533250799000157, 24.651713494000091 ], [ 91.53261255200016, 24.651631968000114 ], [ 91.531726422000034, 24.652135363999989 ], [ 91.53094523700014, 24.653396152000077 ], [ 91.530771593000168, 24.654853910999975 ], [ 91.530845485000043, 24.655697410000066 ], [ 91.532461389, 24.660136936 ], [ 91.532421999000121, 24.662119287 ], [ 91.52895603800016, 24.665387124000116 ], [ 91.526420626000174, 24.666577703000144 ], [ 91.52460706, 24.666799284000088 ], [ 91.524062696000101, 24.666572301000027 ], [ 91.52367381900018, 24.666079629000137 ], [ 91.52352399900019, 24.664218837000192 ], [ 91.523858441000186, 24.66287457500016 ], [ 91.523815011000124, 24.661942731000128 ], [ 91.523077501000046, 24.661573234000056 ], [ 91.522290684000041, 24.661780529000058 ], [ 91.52173488700015, 24.663857735000136 ], [ 91.521407425000064, 24.668375754000124 ], [ 91.520366054000135, 24.669230549000073 ], [ 91.519375918000094, 24.669064496000093 ], [ 91.515651391, 24.666772537000096 ], [ 91.514502698000115, 24.66666899900002 ], [ 91.509804515000155, 24.668230987000129 ], [ 91.505669033000117, 24.668884243000036 ], [ 91.494798902000127, 24.674058357000035 ], [ 91.494317458000125, 24.673771951000102 ], [ 91.494022964000067, 24.67310669800008 ], [ 91.495256906, 24.669685791000063 ], [ 91.495058799000049, 24.669076017000066 ], [ 91.494131621000122, 24.668852734000154 ], [ 91.492959728000017, 24.669446787000023 ], [ 91.491699115000074, 24.670682809000141 ], [ 91.488430512000093, 24.674559544000033 ], [ 91.485584753000083, 24.676452315 ], [ 91.484311915000092, 24.676668065000115 ], [ 91.483798297000078, 24.67632324800007 ], [ 91.483720907000077, 24.675159206000046 ], [ 91.485313954000162, 24.669755107000128 ], [ 91.485274252000067, 24.669114405000073 ], [ 91.483712164000167, 24.669044064 ], [ 91.482540611000104, 24.669723814000118 ], [ 91.478858409000111, 24.673692471000091 ], [ 91.478287411999986, 24.673874170000147 ], [ 91.474236288, 24.670913935000105 ], [ 91.472721692000107, 24.669472781000028 ], [ 91.469461901000102, 24.665980931000149 ], [ 91.467552983000076, 24.663552585000097 ], [ 91.466103224000165, 24.662255198000139 ], [ 91.465113837000104, 24.662091030000052 ], [ 91.464416802000073, 24.662477069000143 ], [ 91.464561274000118, 24.663902334 ], [ 91.465381309000179, 24.66590341 ], [ 91.465859485000124, 24.668666304 ], [ 91.465811184000131, 24.66997606100011 ], [ 91.465438459000097, 24.670794615000144 ], [ 91.464962892000131, 24.671004677000155 ], [ 91.464261313000065, 24.670952827000121 ], [ 91.460541772000056, 24.669065747000104 ] ] ] } },
{ "type": "Feature", "properties": { "adm3_pcode": "BD60900029", "adm3_name": "Derai", "area_sqkm": 399.07444255000001, "population_total": 149022.98087692261, "population_flood_exposed": 605.16268157958984, "population_access_loss": 14260.252571105957, "population_density": 373.42150984337093, "priority_score": 35.907858556346206 }, "geometry": { "type": "Polygon", "coordinates": [ [ [ 91.253357704000109, 24.88201945700013 ], [ 91.249809664, 24.882089845000053 ], [ 91.249168658000087, 24.882515098000162 ], [ 91.248027556000196, 24.883660147000167 ], [ 91.246608415000082, 24.884597565000089 ], [ 91.245013125000071, 24.886419108000101 ], [ 91.243364194000151, 24.887399050000166 ], [ 91.240977600000065, 24.888427998000051 ], [ 91.239610846000119, 24.890037645000067 ], [ 91.236172702000033, 24.890904588000119 ], [ 91.23455462600009, 24.886799462000113 ], [ 91.234764296000037, 24.884738917000053 ], [ 91.235909285000162, 24.883970932000011 ], [ 91.235515188000136, 24.881297967000084 ], [ 91.234810063000168, 24.880070096000058 ], [ 91.235111681000092, 24.877925262000186 ], [ 91.234170307000184, 24.875955506000135 ], [ 91.23452562500006, 24.874607115 ], [ 91.23404641100008, 24.872762210000015 ], [ 91.234175161000053, 24.87183558100002 ], [ 91.234717744000079, 24.870781371000188 ], [ 91.234703119000187, 24.869309621000127 ], [ 91.236070557000176, 24.867783544000023 ], [ 91.23614390900002, 24.865891176000162 ], [ 91.236591344000033, 24.864542018000066 ], [ 91.237225184000067, 24.863401263000075 ], [ 91.2376251660001, 24.861885441000084 ], [ 91.238407833000124, 24.861032401000042 ], [ 91.233916328000191, 24.857665304000083 ], [ 91.230774835000105, 24.856246439000184 ], [ 91.229584807000037, 24.856003403000098 ], [ 91.228080605000059, 24.85601577500006 ], [ 91.226934622000044, 24.856223851999971 ], [ 91.224925070000054, 24.857179458000186 ], [ 91.224053321000099, 24.857096304000034 ], [ 91.223806747000154, 24.856177273000121 ], [ 91.224073528000076, 24.855127615000121 ], [ 91.225631796000087, 24.853572979000091 ], [ 91.225002131999986, 24.852632257999964 ], [ 91.225429640000016, 24.851323927000184 ], [ 91.225436984000112, 24.848176936000126 ], [ 91.223638920000042, 24.84716677800003 ], [ 91.21774003500019, 24.84708855000013 ], [ 91.21631244800011, 24.846829281999984 ], [ 91.215951801000188, 24.84638072100012 ], [ 91.215207588000169, 24.843135989000018 ], [ 91.214546933000122, 24.842364784000093 ], [ 91.213536408000095, 24.84224657400005 ], [ 91.213123281000094, 24.842502767000042 ], [ 91.209955567000179, 24.84646551700018 ], [ 91.20932700700007, 24.846958224 ], [ 91.208811039000182, 24.846817919000049 ], [ 91.207763862000149, 24.844966214000067 ], [ 91.207631622000193, 24.843576667000093 ], [ 91.211015645000145, 24.837754296000185 ], [ 91.211009276000084, 24.837099674 ], [ 91.210707303000049, 24.836828963000073 ], [ 91.209449077000045, 24.83667435600017 ], [ 91.207594913000094, 24.836799969000026 ], [ 91.206045239000105, 24.837521334000083 ], [ 91.20444569600005, 24.839227355000109 ], [ 91.200425446999986, 24.844339069000114 ], [ 91.199233390000089, 24.844894958 ], [ 91.197082905, 24.845350157000095 ], [ 91.195767794000176, 24.845525485000049 ], [ 91.194629384000166, 24.845423977000163 ], [ 91.194143349000171, 24.844662565000082 ], [ 91.194258112000171, 24.844117591999979 ], [ 91.195202356000152, 24.842744253000152 ], [ 91.196042311999975, 24.839665564000029 ], [ 91.194743911000117, 24.838895078000068 ], [ 91.191125733000092, 24.834182190000035 ], [ 91.188839799000107, 24.833825893000153 ], [ 91.187072721999982, 24.834117086000163 ], [ 91.185602783000149, 24.834655011000162 ], [ 91.18605282599998, 24.833902262000148 ], [ 91.186956778000209, 24.833619668000036 ], [ 91.186367602000132, 24.832992245000071 ], [ 91.187233758, 24.831016818000133 ], [ 91.18804715300007, 24.830319561000067 ], [ 91.18953346100011, 24.82963049 ], [ 91.187760691000179, 24.828165914000181 ], [ 91.186309210000047, 24.826538486000171 ], [ 91.183178800000064, 24.824651181000032 ], [ 91.182461913000168, 24.824765213000092 ], [ 91.181212154000036, 24.825486209000015 ], [ 91.180613068000014, 24.82543676000012 ], [ 91.178750733000072, 24.824686157000091 ], [ 91.176577793000035, 24.822736975000115 ], [ 91.176268193000169, 24.82164677400004 ], [ 91.175786501000118, 24.821323223000032 ], [ 91.171687579000036, 24.820836168000142 ], [ 91.171174843000074, 24.818853564000044 ], [ 91.172373503000131, 24.815988410000163 ], [ 91.172552609000036, 24.814454149000081 ], [ 91.172120681000195, 24.809095919000129 ], [ 91.170820450000178, 24.80654155500002 ], [ 91.16657592100006, 24.803195199000065 ], [ 91.161115452999979, 24.797591594000153 ], [ 91.160274249000054, 24.795029046000018 ], [ 91.160293246000094, 24.793615683000034 ], [ 91.16077065800016, 24.792964069000163 ], [ 91.162446481000188, 24.792804321000062 ], [ 91.165387223000153, 24.793370665000054 ], [ 91.16857391100018, 24.79266855700001 ], [ 91.169438336000042, 24.791955201000174 ], [ 91.170167468000159, 24.79059498200013 ], [ 91.170731360000104, 24.788822926000069 ], [ 91.171089880000068, 24.785788260000167 ], [ 91.170917477000103, 24.784611177000041 ], [ 91.171496017000038, 24.783349206000139 ], [ 91.171215566000171, 24.780671712000125 ], [ 91.171644080000078, 24.780621676000063 ], [ 91.172548257000017, 24.78147060800012 ], [ 91.171418952000124, 24.78411625 ], [ 91.171458308000183, 24.784948973000095 ], [ 91.172750142000154, 24.786173715000185 ], [ 91.173604159000035, 24.787711164000086 ], [ 91.173850689000176, 24.789336907000063 ], [ 91.173768878000033, 24.79187500900008 ], [ 91.174573002000159, 24.793455168000033 ], [ 91.175444939999977, 24.793773258000041 ], [ 91.176008972000147, 24.793635030000129 ], [ 91.178558877000171, 24.792502215000123 ], [ 91.181576015000019, 24.791557551000093 ], [ 91.186807165000175, 24.796564796999974 ], [ 91.187511643000164, 24.800225414000128 ], [ 91.1885399680001, 24.802440892000106 ], [ 91.18900654000015, 24.802933834000044 ], [ 91.189683823000109, 24.803542488000115 ], [ 91.190463498000099, 24.803813102000106 ], [ 91.19171606600014, 24.803751054000141 ], [ 91.192693046000159, 24.806507456000134 ], [ 91.194982500000037, 24.80681780400004 ], [ 91.196739142000069, 24.806264616000078 ], [ 91.197582046000036, 24.808500118000158 ], [ 91.198556388000156, 24.809449487999974 ], [ 91.199566035000146, 24.809633277000039 ], [ 91.202041875000191, 24.80957500300018 ], [ 91.204100832999984, 24.809249154000099 ], [ 91.204849585000147, 24.80905349000011 ], [ 91.207141767000053, 24.807271877000066 ], [ 91.207513595000137, 24.80665709200008 ], [ 91.207537553000122, 24.804855408000037 ], [ 91.208901500000081, 24.802623002000075 ], [ 91.208470279000039, 24.801129760000151 ], [ 91.215148675000194, 24.799639852000155 ], [ 91.215598391000071, 24.800613693000169 ], [ 91.216356117000089, 24.800837795000071 ], [ 91.223740356000064, 24.80047050700005 ], [ 91.22597199900008, 24.800071155 ], [ 91.225981388000037, 24.797808616000165 ], [ 91.22626053100015, 24.79633218400005 ], [ 91.226190275000192, 24.795601330000121 ], [ 91.225702634000072, 24.795052242000164 ], [ 91.22312490000013, 24.795531623000151 ], [ 91.222441967000179, 24.796437950999973 ], [ 91.222372379000092, 24.797914924000047 ], [ 91.221494915000164, 24.798341992000072 ], [ 91.22010637000011, 24.797971813000061 ], [ 91.218747229000201, 24.796373300000024 ], [ 91.218072101000146, 24.795995027000121 ], [ 91.217400112, 24.796000501000037 ], [ 91.216983347000109, 24.796310915000106 ], [ 91.217077149000033, 24.797305710000103 ], [ 91.216747455000132, 24.797922433000053 ], [ 91.216162393000047, 24.79815746100013 ], [ 91.213645261000124, 24.798331427000164 ], [ 91.211543216, 24.798021138000141 ], [ 91.209603591000203, 24.79711804000004 ], [ 91.208925704000137, 24.796453047000167 ], [ 91.207143988000155, 24.794550818000058 ], [ 91.204081675, 24.790381057000097 ], [ 91.203991300999974, 24.789729367 ], [ 91.204335401000037, 24.78842400800011 ], [ 91.20725127500009, 24.78826730500003 ], [ 91.209109093000166, 24.787254477000094 ], [ 91.209813716999975, 24.786348032000088 ], [ 91.211751075000052, 24.782711305000014 ], [ 91.213201400000059, 24.780746804000106 ], [ 91.215260570999988, 24.778908279000117 ], [ 91.217769287000124, 24.777912630000117 ], [ 91.218101925000099, 24.777602902000076 ], [ 91.219052294000107, 24.773897363000117 ], [ 91.219032057000163, 24.771827394000013 ], [ 91.218521215000123, 24.77110464000009 ], [ 91.217887088000182, 24.770669590000129 ], [ 91.212462346000052, 24.769523940000056 ], [ 91.210236286000054, 24.769313953000164 ], [ 91.208362502000114, 24.768715054000094 ], [ 91.207411298000068, 24.767957434000095 ], [ 91.207089838000115, 24.767251167000033 ], [ 91.206426844000191, 24.763825091000054 ], [ 91.204553176000047, 24.760986680000141 ], [ 91.205225340000027, 24.752377863000046 ], [ 91.205164270000125, 24.750405280000162 ], [ 91.204883611000142, 24.749565483000076 ], [ 91.204251842000133, 24.74935836100013 ], [ 91.203457060000119, 24.749615335000101 ], [ 91.201498529000162, 24.75102847300013 ], [ 91.200169882000068, 24.752456859 ], [ 91.198351455000193, 24.755403950000069 ], [ 91.196895917000177, 24.75675656500016 ], [ 91.194225290000134, 24.758310755000135 ], [ 91.192822019000062, 24.758608649999982 ], [ 91.192127453000182, 24.758365857000058 ], [ 91.191976946000068, 24.757944899000051 ], [ 91.192561465000054, 24.755468250000039 ], [ 91.191826117000119, 24.750952279000042 ], [ 91.192336464000178, 24.749512431000085 ], [ 91.192876645000183, 24.748932455000102 ], [ 91.19415063100007, 24.748310508000035 ], [ 91.201498707000155, 24.74668048500007 ], [ 91.204715193000197, 24.745433318000035 ], [ 91.2063828900001, 24.745800516000031 ], [ 91.208030985000107, 24.746873107000056 ], [ 91.208561799000165, 24.747889227000091 ], [ 91.208207524000045, 24.749727448000048 ], [ 91.208583499000156, 24.750133026000011 ], [ 91.209849783000152, 24.750190534000183 ], [ 91.211705257000176, 24.749631478000079 ], [ 91.212806762000127, 24.748058106000141 ], [ 91.212946470000148, 24.747106562000116 ], [ 91.213385388, 24.746355770000154 ], [ 91.214349808000065, 24.746007073000158 ], [ 91.215613415000064, 24.745793651000099 ], [ 91.217710646000114, 24.746127355000169 ], [ 91.219618030000049, 24.745958320000117 ], [ 91.224699107000049, 24.744174044000086 ], [ 91.230055248000156, 24.744937602000043 ], [ 91.230288961000042, 24.744848093000023 ], [ 91.230505347000133, 24.743764518000141 ], [ 91.230811912000036, 24.743391770000013 ], [ 91.232326861000047, 24.741925802000083 ], [ 91.233150953, 24.741804277000032 ], [ 91.237352295, 24.741394875000079 ], [ 91.239883069000143, 24.741407803000133 ], [ 91.241443747000176, 24.74112397500005 ], [ 91.243677008000077, 24.741173167000049 ], [ 91.245030635000091, 24.74170597799997 ], [ 91.245430842000076, 24.741668786000105 ], [ 91.246501877000142, 24.740808797999978 ], [ 91.246346516000187, 24.740164445000058 ], [ 91.242675167000073, 24.73774782200007 ], [ 91.242594599000142, 24.737102842000184 ], [ 91.246482325000159, 24.735133599000051 ], [ 91.250817751, 24.733763275000175 ], [ 91.250147993000041, 24.732784596000101 ], [ 91.24927402600008, 24.73245552000003 ], [ 91.248943286000099, 24.731884873000183 ], [ 91.247965378000174, 24.731604062000084 ], [ 91.247932014000085, 24.728263234999989 ], [ 91.251963070000045, 24.728733024000057 ], [ 91.253753996000057, 24.72851020100018 ], [ 91.254501421000157, 24.729526743000122 ], [ 91.255460074000155, 24.730105664000124 ], [ 91.257101945000045, 24.730723996000108 ], [ 91.259284440000044, 24.730782419000096 ], [ 91.260188860000085, 24.731005079 ], [ 91.262045880000073, 24.732120450000025 ], [ 91.263076316000081, 24.732398465000017 ], [ 91.264616548000163, 24.733286209000141 ], [ 91.265867166000092, 24.734557901000183 ], [ 91.267487580000022, 24.735061164000168 ], [ 91.267620584000042, 24.737989232000128 ], [ 91.268137221000075, 24.741255717000108 ], [ 91.269049978000169, 24.744356857000014 ], [ 91.269903547000183, 24.745969504000133 ], [ 91.2706472590001, 24.746925774000029 ], [ 91.271740952000073, 24.7475895880001 ], [ 91.273415666000062, 24.747621693000159 ], [ 91.274852992000149, 24.748358325000023 ], [ 91.277098902000034, 24.751081705000097 ], [ 91.276857828000118, 24.751203757000098 ], [ 91.276818510000055, 24.751603577000143 ], [ 91.277238343000079, 24.752519556000152 ], [ 91.276625085000163, 24.752930944000067 ], [ 91.276211491000211, 24.752910575999977 ], [ 91.26894448000013, 24.750511614000125 ], [ 91.264853249000112, 24.748361993000113 ], [ 91.263171595000074, 24.747992418000024 ], [ 91.262052212000071, 24.748236228000106 ], [ 91.262491930000067, 24.749081704999984 ], [ 91.264668132000168, 24.757083758000135 ], [ 91.263935409000055, 24.759311308000065 ], [ 91.26164568900009, 24.761170468000049 ], [ 91.26127543900003, 24.761902752000083 ], [ 91.261404596000148, 24.762206426000144 ], [ 91.263020779000044, 24.762875233000155 ], [ 91.268175453000197, 24.763643707000149 ], [ 91.271543336000036, 24.764728091000165 ], [ 91.273317311000199, 24.765823700000109 ], [ 91.275647786000036, 24.768025228 ], [ 91.277996706000081, 24.769628291000053 ], [ 91.281603748000066, 24.766886618000115 ], [ 91.284637499000155, 24.76509526100017 ], [ 91.288122166000107, 24.763704052000097 ], [ 91.29153894500007, 24.762927380000122 ], [ 91.293429151000169, 24.763154600000064 ], [ 91.295722463000018, 24.765439653000044 ], [ 91.298839586000099, 24.768001964000064 ], [ 91.300036233000071, 24.768535629000038 ], [ 91.300481758999979, 24.768464036000065 ], [ 91.300996314000031, 24.7677800730001 ], [ 91.300598851000075, 24.765404157000148 ], [ 91.300662297000031, 24.764315509000138 ], [ 91.301547567000057, 24.763560597000037 ], [ 91.303853865000121, 24.763405091000099 ], [ 91.304885197000033, 24.762375737000013 ], [ 91.305609311000069, 24.760398663000043 ], [ 91.305805416000055, 24.757814415000098 ], [ 91.306592979000072, 24.754816410000096 ], [ 91.307895761000054, 24.751269855000032 ], [ 91.309576175000188, 24.748264040000091 ], [ 91.310827486000051, 24.74689410700018 ], [ 91.311642679000101, 24.746546098000067 ], [ 91.313725663000127, 24.746460125000166 ], [ 91.314763950000156, 24.746112401000172 ], [ 91.315348904000075, 24.745086896000146 ], [ 91.316214623, 24.742496757000136 ], [ 91.315977223000118, 24.741137594000062 ], [ 91.313135899000045, 24.738934990000075 ], [ 91.312306282, 24.738655790000045 ], [ 91.311251439000046, 24.737646081000094 ], [ 91.308877319000089, 24.731275939000056 ], [ 91.308858823000151, 24.729508503000037 ], [ 91.309301850000111, 24.728480043 ], [ 91.311749023, 24.730871728000071 ], [ 91.315519180000138, 24.735529677000098 ], [ 91.322945861000107, 24.741037925000057 ], [ 91.325351076000061, 24.743258313000069 ], [ 91.325878479000096, 24.74386541300003 ], [ 91.326490773000103, 24.745424407000087 ], [ 91.327318196000078, 24.746232014000039 ], [ 91.328285986000083, 24.746291155000055 ], [ 91.328879817000086, 24.745867354000044 ], [ 91.329018294000093, 24.745128844000078 ], [ 91.328671297000028, 24.740510915000129 ], [ 91.328811869000162, 24.740044632000036 ], [ 91.329261173000191, 24.739961636000086 ], [ 91.333648359000108, 24.739581757 ], [ 91.336207501000104, 24.739735061999962 ], [ 91.340086169000017, 24.740517629000184 ], [ 91.341134520000196, 24.741120019999983 ], [ 91.343093158000045, 24.74327640100017 ], [ 91.343988984000077, 24.743541521000058 ], [ 91.348081226000147, 24.74336931900007 ], [ 91.348821518000079, 24.743021784000174 ], [ 91.349412777000055, 24.742607864000032 ], [ 91.350293174000171, 24.741444125999973 ], [ 91.350870606000171, 24.739809051000176 ], [ 91.350437703000125, 24.734171605000025 ], [ 91.352490162000038, 24.73122971100014 ], [ 91.352518733000181, 24.727014807999975 ], [ 91.352292740000053, 24.726743695000039 ], [ 91.349583404000043, 24.726456450000175 ], [ 91.348025988000188, 24.725910623000061 ], [ 91.346000928000137, 24.724856544000147 ], [ 91.344138385000122, 24.723340458000106 ], [ 91.343531688000098, 24.721506073000114 ], [ 91.342902180000081, 24.717604071000039 ], [ 91.343154605000052, 24.71660063000002 ], [ 91.345319373000123, 24.71612633400008 ], [ 91.347481205000122, 24.716359858000036 ], [ 91.34840828199998, 24.716733037999962 ], [ 91.350858490000064, 24.718320548000062 ], [ 91.35320710600007, 24.719216129000188 ], [ 91.355228479000061, 24.719504491000066 ], [ 91.358207184000037, 24.718766426000172 ], [ 91.359167259000188, 24.718078235000178 ], [ 91.361886075000029, 24.714926997000017 ], [ 91.363937202000045, 24.711917236000144 ], [ 91.364897197000175, 24.711229010000011 ], [ 91.366828398000166, 24.710938261000027 ], [ 91.372263066000073, 24.711651904 ], [ 91.373167294999973, 24.709995703000057 ], [ 91.375156522000182, 24.707792284000046 ], [ 91.376352219000069, 24.705905389000179 ], [ 91.377067329000113, 24.70531754000012 ], [ 91.37753692900003, 24.705269208000058 ], [ 91.378108145000056, 24.70564095300017 ], [ 91.380218074000084, 24.708068616000045 ], [ 91.381038837000062, 24.708266487000113 ], [ 91.38185357500015, 24.707918114 ], [ 91.382583812000121, 24.706687859000112 ], [ 91.382711671000095, 24.704783665000093 ], [ 91.38248266800008, 24.704241733 ], [ 91.381654458000128, 24.703366708000036 ], [ 91.377303234000181, 24.700142460000048 ], [ 91.377143921000197, 24.699193540000071 ], [ 91.377778041000113, 24.698266687000167 ], [ 91.381109216000141, 24.6960508680001 ], [ 91.382425019000038, 24.693702310000106 ], [ 91.383376696000141, 24.69250613100013 ], [ 91.384960915000022, 24.691647240000066 ], [ 91.387304578000055, 24.691205714000091 ], [ 91.38950434000003, 24.689543085000135 ], [ 91.391286384000182, 24.688706002000057 ], [ 91.392095348000169, 24.688019016000055 ], [ 91.392081783000037, 24.686797871000184 ], [ 91.391555569000161, 24.686190987000028 ], [ 91.390060421000101, 24.685324441000148 ], [ 91.389307507000126, 24.684381031000044 ], [ 91.389737587000013, 24.683672731000055 ], [ 91.391902009000034, 24.682235013000135 ], [ 91.392188125000146, 24.681579962 ], [ 91.391919742000198, 24.680049654000072 ], [ 91.390540332000114, 24.676692086000056 ], [ 91.39048874300002, 24.675771530000073 ], [ 91.390820277000103, 24.675425330000042 ], [ 91.391532101000166, 24.675341984000113 ], [ 91.392726092000146, 24.675629796000123 ], [ 91.397097056000121, 24.678010514999983 ], [ 91.398485121000135, 24.678417474000184 ], [ 91.399231266000129, 24.677645257000165 ], [ 91.398446246, 24.67493236700005 ], [ 91.398436831000197, 24.674088175000175 ], [ 91.398849757999983, 24.673510941000188 ], [ 91.401282989000151, 24.673603384000099 ], [ 91.404731410000139, 24.674451567000059 ], [ 91.407585517000086, 24.674731854000068 ], [ 91.410014452000041, 24.674440430000118 ], [ 91.412899530000061, 24.673686424000035 ], [ 91.41357062700007, 24.673718485000158 ], [ 91.414543882000032, 24.674474588000066 ], [ 91.417552173000175, 24.680961127000046 ], [ 91.418149898000138, 24.681874250000195 ], [ 91.418910677000099, 24.682404324000178 ], [ 91.42038284400013, 24.68281028500013 ], [ 91.42293747400015, 24.682481344000166 ], [ 91.424657091000199, 24.682539529999982 ], [ 91.426081398, 24.682374763000151 ], [ 91.427752663000035, 24.681821614000114 ], [ 91.42825013900017, 24.681356373000082 ], [ 91.428487710000184, 24.680089962000178 ], [ 91.427540619000069, 24.677954431000163 ], [ 91.426740584000015, 24.673975445000107 ], [ 91.427012142000137, 24.672058579000122 ], [ 91.427543915000172, 24.670866125000025 ], [ 91.428874275999988, 24.66989407400018 ], [ 91.429503542000191, 24.669888087000121 ], [ 91.430261667000138, 24.670187878000146 ], [ 91.430563286000108, 24.670911891000117 ], [ 91.430688811000152, 24.674551898000061 ], [ 91.430861861000039, 24.675049136000041 ], [ 91.431241534000094, 24.675196765000063 ], [ 91.431743811000061, 24.675155856000114 ], [ 91.434075964000158, 24.673752072000184 ], [ 91.438146078000102, 24.670730025000125 ], [ 91.438679911000179, 24.669303835999983 ], [ 91.439018527000087, 24.665928028000103 ], [ 91.439341533000174, 24.664852665 ], [ 91.441972624000186, 24.66030584900005 ], [ 91.443030755000052, 24.657537139000112 ], [ 91.443259760000103, 24.655541650000149 ], [ 91.442888180000068, 24.652441284000133 ], [ 91.443259727, 24.651941084000104 ], [ 91.444054018000088, 24.651741574000145 ], [ 91.446576068000084, 24.652290698000108 ], [ 91.447850148000157, 24.653696079000095 ], [ 91.448116919000086, 24.655034404000105 ], [ 91.447956700000077, 24.662930087000117 ], [ 91.448905331000105, 24.665180600000099 ], [ 91.449800771000127, 24.666512853000086 ], [ 91.451578313000141, 24.667913333000165 ], [ 91.453429951000032, 24.668509437000061 ], [ 91.457327622000037, 24.668356544000119 ], [ 91.458668837000062, 24.668694932000047 ], [ 91.45856229300017, 24.669898834000037 ], [ 91.458828828000094, 24.671894039000165 ], [ 91.458297872, 24.672334870000157 ], [ 91.456537753000134, 24.672612619000112 ], [ 91.456179828000131, 24.67316915300017 ], [ 91.455955191999976, 24.674726675000041 ], [ 91.456040262000101, 24.68205108800009 ], [ 91.455201458000147, 24.68305924200018 ], [ 91.453569478000134, 24.683740984000114 ], [ 91.453456161000076, 24.684462188999984 ], [ 91.453778060000161, 24.686014416000088 ], [ 91.454394795000098, 24.686784983000166 ], [ 91.457082669000101, 24.688090778000117 ], [ 91.457751599000076, 24.688194896000027 ], [ 91.459688130000131, 24.687566582000098 ], [ 91.460651313000142, 24.687583242000063 ], [ 91.461334438000108, 24.688852015000119 ], [ 91.460994619000132, 24.690963723000099 ], [ 91.461303716000032, 24.69146185500006 ], [ 91.463925375000144, 24.692267034000167 ], [ 91.464054827000041, 24.692931698999988 ], [ 91.463277204000065, 24.693995735000097 ], [ 91.460927939000101, 24.695682306000148 ], [ 91.460759310000128, 24.696848757999987 ], [ 91.461551281000197, 24.697064530000088 ], [ 91.461499149000133, 24.697785141000111 ], [ 91.461326656000153, 24.698619796000173 ], [ 91.460430490000078, 24.699906197000129 ], [ 91.459411252000109, 24.700278355000023 ], [ 91.457504625000013, 24.700213738000059 ], [ 91.45715646300016, 24.700491075 ], [ 91.455952426000124, 24.700643791000061 ], [ 91.453699236000034, 24.700464394000047 ], [ 91.451948858000151, 24.701929832000125 ], [ 91.450150469000107, 24.704001442000106 ], [ 91.449914142000182, 24.70455904500017 ], [ 91.450046761000081, 24.705555529000037 ], [ 91.451579846000186, 24.706761955 ], [ 91.452197338000133, 24.707643136000172 ], [ 91.452516071000105, 24.708917731000039 ], [ 91.453693162000036, 24.710904118000144 ], [ 91.453591396000149, 24.712568795000148 ], [ 91.45378267000018, 24.713345740000019 ], [ 91.454337735000195, 24.714060467000081 ], [ 91.456234820000034, 24.715263312000047 ], [ 91.457333413000072, 24.715697348999981 ], [ 91.458813912000096, 24.717570128000144 ], [ 91.459141808000027, 24.719675333000168 ], [ 91.459040118000132, 24.72134000900007 ], [ 91.458803843000055, 24.721954058000158 ], [ 91.456577660000178, 24.723806425000191 ], [ 91.454157634000126, 24.723914505000096 ], [ 91.451479942000105, 24.723552178000027 ], [ 91.450989714, 24.723731120000075 ], [ 91.4508868530001, 24.724835595000055 ], [ 91.451522449000151, 24.727215496999971 ], [ 91.451414913000121, 24.728437780000146 ], [ 91.450093363000178, 24.729725989000087 ], [ 91.442681557000128, 24.739937667000166 ], [ 91.441480653000099, 24.740881523000102 ], [ 91.4413905830001, 24.741376755000033 ], [ 91.442332691000061, 24.742853050000058 ], [ 91.443871934000143, 24.743594451000035 ], [ 91.445148619000179, 24.743699529000022 ], [ 91.446864901000083, 24.743307149000032 ], [ 91.447465050000062, 24.742836333000181 ], [ 91.447639400000128, 24.741349293000042 ], [ 91.449137139000129, 24.738508585000037 ], [ 91.449669223000114, 24.73765918100008 ], [ 91.450560362000033, 24.737385278000087 ], [ 91.451746896000145, 24.737926851000058 ], [ 91.452605860000176, 24.740482907000111 ], [ 91.453639854000073, 24.741667034000159 ], [ 91.457683099000064, 24.743839987000058 ], [ 91.459194352000111, 24.744874957000086 ], [ 91.460056424000072, 24.744981687000056 ], [ 91.461230166000192, 24.744594473000173 ], [ 91.461620943000071, 24.742552256 ], [ 91.46180942600013, 24.742288562000052 ], [ 91.462413852000054, 24.742135939000157 ], [ 91.464519380000183, 24.742203424000135 ], [ 91.4667020830002, 24.742633558000019 ], [ 91.467616716000123, 24.742902263000136 ], [ 91.468475360000127, 24.743559776999973 ], [ 91.470116485000119, 24.743597869000098 ], [ 91.470302689000064, 24.743930132000173 ], [ 91.470307253000101, 24.744318353000036 ], [ 91.469529983000086, 24.745380165000142 ], [ 91.468823675000081, 24.747328422000127 ], [ 91.468654441000126, 24.748440704000192 ], [ 91.468789239000046, 24.749604180000169 ], [ 91.467976155000144, 24.752776970000124 ], [ 91.468033509000065, 24.7576590860001 ], [ 91.467191701000047, 24.758443864000071 ], [ 91.466579735000039, 24.758118022000073 ], [ 91.46573864200019, 24.758154378000082 ], [ 91.464967769000054, 24.759771417000028 ], [ 91.46463204500003, 24.759995639000124 ], [ 91.461151255000118, 24.759622541000113 ], [ 91.458128944000066, 24.760174492999969 ], [ 91.456045533000122, 24.762030001000024 ], [ 91.456451150000191, 24.764005769000043 ], [ 91.457108234000032, 24.765602107000177 ], [ 91.4582115770001, 24.767250534000024 ], [ 91.45831382900019, 24.767802592000059 ], [ 91.45714255900009, 24.768543123000139 ], [ 91.457412805000047, 24.769879111000023 ], [ 91.457198211000104, 24.770610328000036 ], [ 91.455518446000099, 24.771529612000048 ], [ 91.455436234000047, 24.772695212000087 ], [ 91.456157332000032, 24.774318017000155 ], [ 91.459446843000137, 24.777430496000019 ], [ 91.461021507000055, 24.778406118000078 ], [ 91.463518785000076, 24.779342552000106 ], [ 91.464360163000094, 24.78020873000003 ], [ 91.465861290000191, 24.780338508999986 ], [ 91.467779200000052, 24.77971785200009 ], [ 91.46834457500006, 24.77993719400013 ], [ 91.470712626000136, 24.783290949000047 ], [ 91.470785576000139, 24.784078046000044 ], [ 91.470597675000135, 24.784341747000095 ], [ 91.466470085000196, 24.786012054000029 ], [ 91.464240323000126, 24.786325083000065 ], [ 91.463764988000094, 24.786591586000046 ], [ 91.463452881000151, 24.787177036000113 ], [ 91.463467236000156, 24.788400381000031 ], [ 91.464193334000015, 24.790431672000128 ], [ 91.46430461000017, 24.791800798000111 ], [ 91.464025326000183, 24.792444619000147 ], [ 91.462954519000107, 24.7936492340001 ], [ 91.462553341000159, 24.794759257000177 ], [ 91.462816542000155, 24.795483553000047 ], [ 91.464800087000071, 24.795931422000081 ], [ 91.465669019000188, 24.796591088000124 ], [ 91.46570492900014, 24.79691128100006 ], [ 91.465331207000133, 24.797673411000059 ], [ 91.463596435000113, 24.79940823700008 ], [ 91.462624727, 24.800844387000037 ], [ 91.461703774999989, 24.801232624000139 ], [ 91.459919977000197, 24.80148255 ], [ 91.459480473000099, 24.802069236000079 ], [ 91.4596630650001, 24.806785324000032 ], [ 91.459368286000142, 24.808855935 ], [ 91.459447664000152, 24.810196028000124 ], [ 91.45968141600008, 24.811096688000017 ], [ 91.461198640000077, 24.812567211000097 ], [ 91.461334518000115, 24.813292749000148 ], [ 91.461122958000033, 24.81428579400011 ], [ 91.460300796000183, 24.814934912000179 ], [ 91.457979043000194, 24.815569307000029 ], [ 91.4554391650002, 24.816641463000057 ], [ 91.452546481000127, 24.817484386000103 ], [ 91.449418926000078, 24.817926133000128 ], [ 91.448887194000122, 24.818481630000175 ], [ 91.449006054000051, 24.820460179 ], [ 91.450640210000074, 24.823794248000123 ], [ 91.450898024000082, 24.826762425000144 ], [ 91.451160510000136, 24.827371620000182 ], [ 91.451709553000171, 24.827948687000053 ], [ 91.45389585200013, 24.829354085000148 ], [ 91.454391025000191, 24.83071722100016 ], [ 91.454345100000182, 24.83229104000003 ], [ 91.454127658000118, 24.83278751600011 ], [ 91.452287185000159, 24.833679004000142 ], [ 91.45149734600011, 24.834357112000127 ], [ 91.450555101000191, 24.835648436000039 ], [ 91.450001352000129, 24.83743034400004 ], [ 91.450147763000075, 24.839009068999989 ], [ 91.448317913000039, 24.838751415000164 ], [ 91.446082891000174, 24.838005563000081 ], [ 91.444099635000043, 24.837636475000124 ], [ 91.437424996000175, 24.838016857000127 ], [ 91.436351779000063, 24.837620851000054 ], [ 91.432866103000151, 24.835667831000137 ], [ 91.431963083000042, 24.835441718000137 ], [ 91.431589098000075, 24.835616862000052 ], [ 91.430961896000099, 24.837004374000113 ], [ 91.429789171000095, 24.838279723000028 ], [ 91.428858955000067, 24.839995189000032 ], [ 91.426869687000135, 24.840826844000048 ], [ 91.423608470000033, 24.841192043000152 ], [ 91.422428507, 24.841844371000093 ], [ 91.420061428000011, 24.844259697000094 ], [ 91.418847924000147, 24.84457822700017 ], [ 91.418122134000157, 24.844278114000133 ], [ 91.417598469000097, 24.843479460000143 ], [ 91.41831030100019, 24.839951207000126 ], [ 91.417976919000125, 24.838482565000106 ], [ 91.417160891000094, 24.838074950000081 ], [ 91.415833023000175, 24.838773779000057 ], [ 91.412420534000034, 24.838887335000035 ], [ 91.411082190000116, 24.838665211000151 ], [ 91.40981075600007, 24.838158916000118 ], [ 91.409134770000094, 24.837085362999971 ], [ 91.409050490000084, 24.835758818000102 ], [ 91.408578925000199, 24.834309514000097 ], [ 91.407855759000086, 24.83335919700005 ], [ 91.407117923000101, 24.832860494000098 ], [ 91.406417523000073, 24.833047675000042 ], [ 91.405842372, 24.833811567 ], [ 91.404745992000073, 24.836611995000055 ], [ 91.403656111000032, 24.838238521 ], [ 91.4030351950002, 24.840212789000134 ], [ 91.402615346000175, 24.840713355000162 ], [ 91.402093397000044, 24.840934958999981 ], [ 91.400387370000033, 24.839695856000052 ], [ 91.397056026000087, 24.838228132000154 ], [ 91.392258448000177, 24.837478304000058 ], [ 91.388234479000175, 24.83599877000006 ], [ 91.387761891000139, 24.836210840000042 ], [ 91.387608725000121, 24.836672767000149 ], [ 91.388401800000111, 24.838579671000165 ], [ 91.388222554, 24.840251804000044 ], [ 91.387458662000199, 24.84096320500004 ], [ 91.386500229000035, 24.841089485000168 ], [ 91.385077803000115, 24.838646634000099 ], [ 91.384479037000119, 24.836412848 ], [ 91.384773592999977, 24.835317539000076 ], [ 91.385489507999978, 24.834742042000183 ], [ 91.385643186000095, 24.834325260000131 ], [ 91.384952882000164, 24.833645410000031 ], [ 91.384209553000062, 24.833534911000015 ], [ 91.382053500000097, 24.835405927000124 ], [ 91.379447348000099, 24.836847647000013 ], [ 91.362348229000077, 24.843909900000028 ], [ 91.36071646500011, 24.845019611000108 ], [ 91.359730921000107, 24.84629272900008 ], [ 91.359390101000159, 24.847704452000134 ], [ 91.359816247000197, 24.848666746000163 ], [ 91.361147605000042, 24.849151248000112 ], [ 91.365390289000118, 24.849807813000155 ], [ 91.367609486000106, 24.8509342750001 ], [ 91.369417203000012, 24.852434684000176 ], [ 91.370105295000144, 24.85380990300018 ], [ 91.370256022000092, 24.855813087 ], [ 91.370021267000084, 24.856961999000017 ], [ 91.368976557000167, 24.85825378099997 ], [ 91.368236171000035, 24.858423097000124 ], [ 91.36665918000017, 24.858112468000115 ], [ 91.36382582900012, 24.856043501000048 ], [ 91.361740547000068, 24.855403365000033 ], [ 91.360643729000117, 24.855557833000034 ], [ 91.359837334000076, 24.856025688000098 ], [ 91.358962087000066, 24.857947932000162 ], [ 91.357460768000124, 24.857767448000175 ], [ 91.355539215000192, 24.857053499000131 ], [ 91.353209057000129, 24.856815025000113 ], [ 91.352039786000091, 24.856281581000072 ], [ 91.349683669000115, 24.856043286000155 ], [ 91.348624258000086, 24.856170243000058 ], [ 91.347703191, 24.857077003000139 ], [ 91.346798867000132, 24.857132568000047 ], [ 91.345767894, 24.855087616000105 ], [ 91.344670902000033, 24.854083918000015 ], [ 91.34197849900012, 24.85380112200005 ], [ 91.339591896000059, 24.853138546000135 ], [ 91.338249882000071, 24.853385347000025 ], [ 91.337502986000075, 24.853699044000162 ], [ 91.336482437000086, 24.85490912400007 ], [ 91.33615781400016, 24.856070083000137 ], [ 91.336418504000051, 24.858686403999961 ], [ 91.338548671000183, 24.859229943000113 ], [ 91.339603129000011, 24.860854646000178 ], [ 91.33805855300011, 24.861864756000042 ], [ 91.337156702000016, 24.861578972000014 ], [ 91.336530379000195, 24.86174918000011 ], [ 91.333500079000089, 24.866288330000142 ], [ 91.332372028000123, 24.869600998000124 ], [ 91.328326408, 24.873483683000131 ], [ 91.326859933000094, 24.874205554000074 ], [ 91.324302675000069, 24.874510437000023 ], [ 91.323555375000069, 24.874801499000114 ], [ 91.32173349500016, 24.876138233000063 ], [ 91.317903510000065, 24.878413713000047 ], [ 91.317289189000121, 24.879055729000015 ], [ 91.317062425000188, 24.879844585000111 ], [ 91.315632639000171, 24.879828106000105 ], [ 91.313545876000092, 24.880645131000101 ], [ 91.312001001000112, 24.880241880000032 ], [ 91.309761488000163, 24.880202532000169 ], [ 91.309003148000102, 24.879399535000058 ], [ 91.30882685600011, 24.877192993000104 ], [ 91.308980156000203, 24.875834621000134 ], [ 91.308547679000185, 24.874557836000118 ], [ 91.308231427000123, 24.874369477000069 ], [ 91.307582118000141, 24.87455398700007 ], [ 91.307115411000154, 24.875352688000127 ], [ 91.304835166000032, 24.876889629000065 ], [ 91.301444826000193, 24.878291742000158 ], [ 91.301051949999987, 24.878584118 ], [ 91.30067471600006, 24.879720637000158 ], [ 91.299753131000102, 24.879209457000112 ], [ 91.298378483000079, 24.878914408000128 ], [ 91.294888835000165, 24.879111771000055 ], [ 91.288112220000187, 24.881694219000053 ], [ 91.283649212, 24.882900668000101 ], [ 91.283065404000013, 24.882024384999966 ], [ 91.282712504000131, 24.880921272000133 ], [ 91.282201315, 24.876769713000044 ], [ 91.281497354000123, 24.875935990000066 ], [ 91.279655924, 24.875782478000186 ], [ 91.275511069000189, 24.876030148000098 ], [ 91.274330525000039, 24.877762664000041 ], [ 91.273410960000035, 24.877980454000124 ], [ 91.270842096000138, 24.878000991000132 ], [ 91.266943610000169, 24.88102209200008 ], [ 91.265531067000097, 24.882589458000094 ], [ 91.264156545000048, 24.88339798800007 ], [ 91.263740178000148, 24.883277353000096 ], [ 91.263175140000101, 24.882103746999977 ], [ 91.262021973000174, 24.881987084 ], [ 91.261650293000116, 24.881696758000142 ], [ 91.260994067000183, 24.880253019000179 ], [ 91.254454894000162, 24.881127575000047 ], [ 91.253357704000109, 24.88201945700013 ] ] ] } },
{ "type": "Feature", "properties": { "adm3_pcode": "BD60900047", "adm3_name": "Jagannathpur", "area_sqkm": 368.62040965, "population_total": 17734.992656707764, "population_flood_exposed": 0.0, "population_access_loss": 0.0, "population_density": 48.111803341401782, "priority_score": 6.927083116106267e-05 }, "geometry": { "type": "Polygon", "coordinates": [ [ [ 91.475246863000052, 24.840320961000028 ], [ 91.473091418000138, 24.84113354700008 ], [ 91.470615464000105, 24.843460408000162 ], [ 91.467810231000044, 24.845248709000032 ], [ 91.465347196000096, 24.846166783000172 ], [ 91.462922922000075, 24.846338293000141 ], [ 91.461671038000077, 24.845908107000067 ], [ 91.461488379000116, 24.845521632000157 ], [ 91.461964604000173, 24.844785593000093 ], [ 91.463340342000151, 24.843968513 ], [ 91.464001777000092, 24.842995891 ], [ 91.464555357000052, 24.839586396000065 ], [ 91.464470907000191, 24.838296027000123 ], [ 91.464019848000078, 24.837803829000112 ], [ 91.462812186000178, 24.837761480000033 ], [ 91.461395133000053, 24.838425460000099 ], [ 91.457883334000201, 24.839344639000043 ], [ 91.454684628000052, 24.840811484000024 ], [ 91.452444713000034, 24.841347947000088 ], [ 91.451667292000138, 24.840867914000057 ], [ 91.450046800000166, 24.838624042000049 ], [ 91.450089110000135, 24.836788405000103 ], [ 91.450555101000191, 24.835648436000039 ], [ 91.45149734600011, 24.834357112000127 ], [ 91.452287185000159, 24.833679004000142 ], [ 91.454127658000118, 24.83278751600011 ], [ 91.454345100000182, 24.83229104000003 ], [ 91.454391025000191, 24.83071722100016 ], [ 91.45389585200013, 24.829354085000148 ], [ 91.451709553000171, 24.827948687000053 ], [ 91.451160510000136, 24.827371620000182 ], [ 91.450898024000082, 24.826762425000144 ], [ 91.450640210000074, 24.823794248000123 ], [ 91.449006054000051, 24.820460179 ], [ 91.448887194000122, 24.818481630000175 ], [ 91.449418926000078, 24.817926133000128 ], [ 91.452546481000127, 24.817484386000103 ], [ 91.4554391650002, 24.816641463000057 ], [ 91.457979043000194, 24.815569307000029 ], [ 91.460300796000183, 24.814934912000179 ], [ 91.461122958000033, 24.81428579400011 ], [ 91.461334518000115, 24.813292749000148 ], [ 91.461198640000077, 24.812567211000097 ], [ 91.45968141600008, 24.811096688000017 ], [ 91.459447664000152, 24.810196028000124 ], [ 91.459368286000142, 24.808855935 ], [ 91.4596630650001, 24.806785324000032 ], [ 91.459480473000099, 24.802069236000079 ], [ 91.459919977000197, 24.80148255 ], [ 91.461703774999989, 24.801232624000139 ], [ 91.462624727, 24.800844387000037 ], [ 91.463596435000113, 24.79940823700008 ], [ 91.465331207000133, 24.797673411000059 ], [ 91.46570492900014, 24.79691128100006 ], [ 91.465669019000188, 24.796591088000124 ], [ 91.464800087000071, 24.795931422000081 ], [ 91.462816542000155, 24.795483553000047 ], [ 91.462553341000159, 24.794759257000177 ], [ 91.462954519000107, 24.7936492340001 ], [ 91.464025326000183, 24.792444619000147 ], [ 91.46430461000017, 24.791800798000111 ], [ 91.464193334000015, 24.790431672000128 ], [ 91.463467236000156, 24.788400381000031 ], [ 91.463452881000151, 24.787177036000113 ], [ 91.463764988000094, 24.786591586000046 ], [ 91.464240323000126, 24.786325083000065 ], [ 91.466470085000196, 24.786012054000029 ], [ 91.470597675000135, 24.784341747000095 ], [ 91.470785576000139, 24.784078046000044 ], [ 91.470712626000136, 24.783290949000047 ], [ 91.46834457500006, 24.77993719400013 ], [ 91.467779200000052, 24.77971785200009 ], [ 91.46633712400012, 24.780249295999958 ], [ 91.464680780000037, 24.780350064000171 ], [ 91.463518785000076, 24.779342552000106 ], [ 91.461021507000055, 24.778406118000078 ], [ 91.459446843000137, 24.777430496000019 ], [ 91.456157332000032, 24.774318017000155 ], [ 91.455368154000098, 24.772316638000177 ], [ 91.45570798500006, 24.771351695000195 ], [ 91.457198211000104, 24.770610328000036 ], [ 91.457412805000047, 24.769879111000023 ], [ 91.45714255900009, 24.768543123000139 ], [ 91.45831382900019, 24.767802592000059 ], [ 91.4582115770001, 24.767250534000024 ], [ 91.457108234000032, 24.765602107000177 ], [ 91.456155586000079, 24.763252424000029 ], [ 91.455985617000124, 24.76235113 ], [ 91.456234055000039, 24.76176631200013 ], [ 91.458128944000066, 24.760174492999969 ], [ 91.461151255000118, 24.759622541000113 ], [ 91.46463204500003, 24.759995639000124 ], [ 91.464967769000054, 24.759771417000028 ], [ 91.46573864200019, 24.758154378000082 ], [ 91.466579735000039, 24.758118022000073 ], [ 91.467191701000047, 24.758443864000071 ], [ 91.468033509000065, 24.7576590860001 ], [ 91.46803085200014, 24.752277559000106 ], [ 91.468789239000046, 24.749604180000169 ], [ 91.468654441000126, 24.748440704000192 ], [ 91.468823675000081, 24.747328422000127 ], [ 91.469529983000086, 24.745380165000142 ], [ 91.470307253000101, 24.744318353000036 ], [ 91.470116485000119, 24.743597869000098 ], [ 91.468841214000179, 24.743666804000043 ], [ 91.467616716000123, 24.742902263000136 ], [ 91.46528958500005, 24.742329082000019 ], [ 91.462413852000054, 24.742135939000157 ], [ 91.46180942600013, 24.742288562000052 ], [ 91.461620943000071, 24.742552256 ], [ 91.461230166000192, 24.744594473000173 ], [ 91.460056424000072, 24.744981687000056 ], [ 91.459194352000111, 24.744874957000086 ], [ 91.457683099000064, 24.743839987000058 ], [ 91.453639854000073, 24.741667034000159 ], [ 91.452605860000176, 24.740482907000111 ], [ 91.451746896000145, 24.737926851000058 ], [ 91.450560362000033, 24.737385278000087 ], [ 91.449669223000114, 24.73765918100008 ], [ 91.449137139000129, 24.738508585000037 ], [ 91.447639400000128, 24.741349293000042 ], [ 91.447465050000062, 24.742836333000181 ], [ 91.446864901000083, 24.743307149000032 ], [ 91.445148619000179, 24.743699529000022 ], [ 91.443871934000143, 24.743594451000035 ], [ 91.442332691000061, 24.742853050000058 ], [ 91.4413905830001, 24.741376755000033 ], [ 91.441480653000099, 24.740881523000102 ], [ 91.442681557000128, 24.739937667000166 ], [ 91.450093363000178, 24.729725989000087 ], [ 91.451414913000121, 24.728437780000146 ], [ 91.451522449000151, 24.727215496999971 ], [ 91.4508868530001, 24.724835595000055 ], [ 91.450989714, 24.723731120000075 ], [ 91.451479942000105, 24.723552178000027 ], [ 91.454157634000126, 24.723914505000096 ], [ 91.456577660000178, 24.723806425000191 ], [ 91.458803843000055, 24.721954058000158 ], [ 91.459040118000132, 24.72134000900007 ], [ 91.459141808000027, 24.719675333000168 ], [ 91.458813912000096, 24.717570128000144 ], [ 91.457333413000072, 24.715697348999981 ], [ 91.456234820000034, 24.715263312000047 ], [ 91.454337735000195, 24.714060467000081 ], [ 91.45378267000018, 24.713345740000019 ], [ 91.453591396000149, 24.712568795000148 ], [ 91.453693162000036, 24.710904118000144 ], [ 91.452516071000105, 24.708917731000039 ], [ 91.452197338000133, 24.707643136000172 ], [ 91.451579846000186, 24.706761955 ], [ 91.450046761000081, 24.705555529000037 ], [ 91.449914142000182, 24.70455904500017 ], [ 91.450688137000043, 24.703219706000077 ], [ 91.453699236000034, 24.700464394000047 ], [ 91.455952426000124, 24.700643791000061 ], [ 91.45715646300016, 24.700491075 ], [ 91.457504625000013, 24.700213738000059 ], [ 91.459411252000109, 24.700278355000023 ], [ 91.460430490000078, 24.699906197000129 ], [ 91.461326656000153, 24.698619796000173 ], [ 91.461499149000133, 24.697785141000111 ], [ 91.461551281000197, 24.697064530000088 ], [ 91.460759310000128, 24.696848757999987 ], [ 91.460927939000101, 24.695682306000148 ], [ 91.463277204000065, 24.693995735000097 ], [ 91.464054827000041, 24.692931698999988 ], [ 91.463925375000144, 24.692267034000167 ], [ 91.461303716000032, 24.69146185500006 ], [ 91.460994619000132, 24.690963723000099 ], [ 91.461334438000108, 24.688852015000119 ], [ 91.460651313000142, 24.687583242000063 ], [ 91.459688130000131, 24.687566582000098 ], [ 91.457751599000076, 24.688194896000027 ], [ 91.457082669000101, 24.688090778000117 ], [ 91.454394795000098, 24.686784983000166 ], [ 91.453778060000161, 24.686014416000088 ], [ 91.453586835000067, 24.685237467000039 ], [ 91.453569478000134, 24.683740984000114 ], [ 91.455201458000147, 24.68305924200018 ], [ 91.456040262000101, 24.68205108800009 ], [ 91.456006042000126, 24.673893205 ], [ 91.456537753000134, 24.672612619000112 ], [ 91.458297872, 24.672334870000157 ], [ 91.458828828000094, 24.671894039000165 ], [ 91.45856229300017, 24.669898834000037 ], [ 91.458668837000062, 24.668694932000047 ], [ 91.460541772000056, 24.669065747000104 ], [ 91.464261313000065, 24.670952827000121 ], [ 91.464962892000131, 24.671004677000155 ], [ 91.465438459000097, 24.670794615000144 ], [ 91.465811184000131, 24.66997606100011 ], [ 91.465859485000124, 24.668666304 ], [ 91.465381309000179, 24.66590341 ], [ 91.464561274000118, 24.663902334 ], [ 91.464416802000073, 24.662477069000143 ], [ 91.465113837000104, 24.662091030000052 ], [ 91.466103224000165, 24.662255198000139 ], [ 91.467552983000076, 24.663552585000097 ], [ 91.469461901000102, 24.665980931000149 ], [ 91.472721692000107, 24.669472781000028 ], [ 91.474236288, 24.670913935000105 ], [ 91.478287411999986, 24.673874170000147 ], [ 91.478858409000111, 24.673692471000091 ], [ 91.482540611000104, 24.669723814000118 ], [ 91.483712164000167, 24.669044064 ], [ 91.485274252000067, 24.669114405000073 ], [ 91.485313954000162, 24.669755107000128 ], [ 91.483720907000077, 24.675159206000046 ], [ 91.483798297000078, 24.67632324800007 ], [ 91.484311915000092, 24.676668065000115 ], [ 91.485584753000083, 24.676452315 ], [ 91.488430512000093, 24.674559544000033 ], [ 91.491699115000074, 24.670682809000141 ], [ 91.492959728000017, 24.669446787000023 ], [ 91.494131621000122, 24.668852734000154 ], [ 91.495058799000049, 24.669076017000066 ], [ 91.495256906, 24.669685791000063 ], [ 91.494022964000067, 24.67310669800008 ], [ 91.494317458000125, 24.673771951000102 ], [ 91.494798902000127, 24.674058357000035 ], [ 91.505669033000117, 24.668884243000036 ], [ 91.509804515000155, 24.668230987000129 ], [ 91.514502698000115, 24.66666899900002 ], [ 91.515651391, 24.666772537000096 ], [ 91.519375918000094, 24.669064496000093 ], [ 91.520366054000135, 24.669230549000073 ], [ 91.521407425000064, 24.668375754000124 ], [ 91.52173488700015, 24.663857735000136 ], [ 91.522290684000041, 24.661780529000058 ], [ 91.523077501000046, 24.661573234000056 ], [ 91.523815011000124, 24.661942731000128 ], [ 91.523858441000186, 24.66287457500016 ], [ 91.52352399900019, 24.664218837000192 ], [ 91.52367381900018, 24.666079629000137 ], [ 91.524062696000101, 24.666572301000027 ], [ 91.52460706, 24.666799284000088 ], [ 91.526420626000174, 24.666577703000144 ], [ 91.52895603800016, 24.665387124000116 ], [ 91.532421999000121, 24.662119287 ], [ 91.532461389, 24.660136936 ], [ 91.530845485000043, 24.655697410000066 ], [ 91.530771593000168, 24.654853910999975 ], [ 91.53094523700014, 24.653396152000077 ], [ 91.531726422000034, 24.652135363999989 ], [ 91.53261255200016, 24.651631968000114 ], [ 91.533250799000157, 24.651713494000091 ], [ 91.534195446000069, 24.653421693000158 ], [ 91.535553956000172, 24.655037619999973 ], [ 91.537951980000173, 24.655712870000116 ], [ 91.538721629000179, 24.656084223000168 ], [ 91.539109522000047, 24.656545263000105 ], [ 91.539900619000036, 24.658663571999959 ], [ 91.540462553000168, 24.662937728000145 ], [ 91.541659934, 24.667004453000054 ], [ 91.543840711000087, 24.670679569000075 ], [ 91.544388711000124, 24.671197635000109 ], [ 91.544964907000178, 24.671397125000112 ], [ 91.54544141000008, 24.671274842 ], [ 91.545721478000189, 24.670748262000135 ], [ 91.547058092999976, 24.665404933000104 ], [ 91.548018034000108, 24.663124167000031 ], [ 91.549205135000193, 24.661188681999988 ], [ 91.550025116000086, 24.66048044800004 ], [ 91.551900341000078, 24.660113459000108 ], [ 91.553019675000144, 24.660393086999989 ], [ 91.553534830000046, 24.660852772000109 ], [ 91.553704222000192, 24.66166591700016 ], [ 91.552893536000113, 24.66307384300012 ], [ 91.552007365000065, 24.666168771000059 ], [ 91.552661565000165, 24.667532212000136 ], [ 91.553428781000093, 24.667698093000126 ], [ 91.554815674000167, 24.666489614000049 ], [ 91.558958606000104, 24.661349629000085 ], [ 91.559720376000087, 24.661079874000052 ], [ 91.560159664000196, 24.660551615000145 ], [ 91.561109576000092, 24.660018043000029 ], [ 91.565556910000169, 24.65892210800007 ], [ 91.567612429000178, 24.657620773000129 ], [ 91.568722120000075, 24.654609209000174 ], [ 91.57026445300005, 24.647981404000067 ], [ 91.570575371000189, 24.647366421000068 ], [ 91.571413356000164, 24.64727504300015 ], [ 91.572400927000047, 24.648132879000059 ], [ 91.572898862000159, 24.649730365000096 ], [ 91.573146099000098, 24.654183727000145 ], [ 91.572256372000084, 24.659463878000107 ], [ 91.571552648000136, 24.661800794000044 ], [ 91.57067828900017, 24.663236563000051 ], [ 91.569922379000161, 24.663973579000125 ], [ 91.564562799999976, 24.663535145000075 ], [ 91.562880563000135, 24.664076357000106 ], [ 91.561997008000162, 24.664783060000047 ], [ 91.561982211999975, 24.66612406399997 ], [ 91.562223254000074, 24.667577530000187 ], [ 91.562846529000183, 24.669027018000179 ], [ 91.564298752000184, 24.670438526999984 ], [ 91.564657237000063, 24.671105216 ], [ 91.565685350000138, 24.671735582000107 ], [ 91.568354435000117, 24.672319462000129 ], [ 91.571257413000126, 24.673824092000075 ], [ 91.57202875500019, 24.674511273000174 ], [ 91.573133475000077, 24.676418417999969 ], [ 91.574350818000198, 24.677159602000188 ], [ 91.576000398000076, 24.676909794000153 ], [ 91.577129297000113, 24.676030014000162 ], [ 91.578380326000172, 24.674038331000133 ], [ 91.578934602, 24.67263974300004 ], [ 91.579107106000095, 24.67118422100009 ], [ 91.578955775000111, 24.669269355999965 ], [ 91.578097429000138, 24.666723101000063 ], [ 91.578329902000064, 24.664978015000088 ], [ 91.57907710000012, 24.663748954000084 ], [ 91.579768758000114, 24.663161554000165 ], [ 91.580907046000164, 24.662684573000035 ], [ 91.584577103000129, 24.661368266000125 ], [ 91.585840443000052, 24.661446580000014 ], [ 91.586299482000129, 24.661815095000065 ], [ 91.586301010000057, 24.662463377000055 ], [ 91.584178034000104, 24.664975140000131 ], [ 91.584578798000052, 24.66653748300018 ], [ 91.585614861000067, 24.668036686000164 ], [ 91.587467479000054, 24.668714623000021 ], [ 91.587730836000048, 24.669468037000168 ], [ 91.589588017000153, 24.670552210999961 ], [ 91.593095309000091, 24.671386367000078 ], [ 91.595195142000193, 24.671537887 ], [ 91.601231377000033, 24.671299839000021 ], [ 91.604333344999986, 24.670278038000159 ], [ 91.605986484000084, 24.670319059000061 ], [ 91.606564981000076, 24.670836563000083 ], [ 91.605901685000106, 24.673631411000031 ], [ 91.605910616000017, 24.674328818000106 ], [ 91.606234587000131, 24.674790354000098 ], [ 91.607625905000134, 24.674251773000041 ], [ 91.609570249000058, 24.672197131000011 ], [ 91.611632800000109, 24.669445952000046 ], [ 91.614468611000177, 24.664837716000136 ], [ 91.615007184000035, 24.66422020500011 ], [ 91.616636397000093, 24.66336974100011 ], [ 91.61711528100011, 24.662865724000021 ], [ 91.618222063000019, 24.659192491000116 ], [ 91.618996075000155, 24.658017136000126 ], [ 91.619961453000087, 24.657507870000131 ], [ 91.6212926070001, 24.657159433000118 ], [ 91.622688497000141, 24.657090187999984 ], [ 91.625246306000122, 24.657672004000169 ], [ 91.626174252000112, 24.658993759000055 ], [ 91.626499616000046, 24.660656107000072 ], [ 91.626394516000062, 24.661932608000082 ], [ 91.624352572000021, 24.668338286000054 ], [ 91.624431763000132, 24.669779831000028 ], [ 91.625557784000137, 24.672320627000147 ], [ 91.626480817000186, 24.673254173000085 ], [ 91.627706206000084, 24.674071573000052 ], [ 91.629108756000107, 24.674501045000053 ], [ 91.631905453000115, 24.674854414000098 ], [ 91.646610825000039, 24.678152 ], [ 91.650058529000034, 24.679523580000023 ], [ 91.64930215600009, 24.680767965000086 ], [ 91.650150663000034, 24.682731481000186 ], [ 91.650285331000134, 24.685172352000048 ], [ 91.650828198000056, 24.687326573000064 ], [ 91.651775579000173, 24.689006832000068 ], [ 91.654278706000071, 24.691703766000099 ], [ 91.654393622000157, 24.692641515000155 ], [ 91.653892192000058, 24.693586057000172 ], [ 91.65454389100006, 24.696208568000142 ], [ 91.654563746000065, 24.697711675999983 ], [ 91.652316938000126, 24.698862800000029 ], [ 91.64614456000011, 24.698650742000094 ], [ 91.646224834000179, 24.696956920999984 ], [ 91.645996357, 24.69517619800018 ], [ 91.645459694000124, 24.693491398000045 ], [ 91.642583583000103, 24.693710257000131 ], [ 91.643292971000164, 24.700747387000096 ], [ 91.650185015000034, 24.700953902000041 ], [ 91.652753683000128, 24.700830825000079 ], [ 91.655636134000133, 24.701081204000101 ], [ 91.659564372000091, 24.70263593300001 ], [ 91.66006453100016, 24.701596584000075 ], [ 91.660786545000065, 24.701775943000079 ], [ 91.661425979000171, 24.703459537000125 ], [ 91.66123776600017, 24.704777594000063 ], [ 91.661680760000024, 24.705388913000089 ], [ 91.657666755000037, 24.706882470000092 ], [ 91.657377225000062, 24.708296447000123 ], [ 91.656261199000085, 24.709435136000135 ], [ 91.657103205000112, 24.710929161000017 ], [ 91.657546912000171, 24.713366591000064 ], [ 91.657055386000138, 24.715062697000061 ], [ 91.655626720000043, 24.715922684000073 ], [ 91.654398170000036, 24.716313199000123 ], [ 91.652648839000179, 24.716237684000024 ], [ 91.651324535000185, 24.71719128500013 ], [ 91.651440083000125, 24.718129028000188 ], [ 91.652267226999982, 24.718496876000074 ], [ 91.654519328999982, 24.717720384000124 ], [ 91.655054979999989, 24.719310344000057 ], [ 91.654965499000127, 24.720345147000163 ], [ 91.655182394000065, 24.72118921800012 ], [ 91.657241259000159, 24.721353828000012 ], [ 91.658070285000179, 24.721814169000027 ], [ 91.658105136000131, 24.724443466000078 ], [ 91.664790271000186, 24.724464190000159 ], [ 91.664752756000041, 24.721645324000178 ], [ 91.665160432000164, 24.721360902000072 ], [ 91.670396687999983, 24.720738354000105 ], [ 91.670493580000198, 24.720267769000145 ], [ 91.671620838000194, 24.719973057000118 ], [ 91.672613966000142, 24.72503397000008 ], [ 91.674675443000069, 24.725387917000148 ], [ 91.67398884500011, 24.726065979999987 ], [ 91.670887127000185, 24.726651342000135 ], [ 91.670378169000173, 24.72703171400013 ], [ 91.670086869000045, 24.728350923000161 ], [ 91.670913480000138, 24.728623864999967 ], [ 91.670714039000075, 24.729095591000146 ], [ 91.671540627000084, 24.729366273000149 ], [ 91.671565759000032, 24.731246262000184 ], [ 91.669317305000106, 24.732305127000132 ], [ 91.668101788000172, 24.73372716800009 ], [ 91.666880604000028, 24.73467975900013 ], [ 91.665960802000143, 24.735159490000115 ], [ 91.664522625000075, 24.735270271000157 ], [ 91.663622168000074, 24.737158286000124 ], [ 91.66239903800016, 24.73801606000006 ], [ 91.662313980000192, 24.739332968000095 ], [ 91.662533458000098, 24.740364345000103 ], [ 91.6620123470002, 24.740942487000151 ], [ 91.659977080000147, 24.74151904100006 ], [ 91.659369218999984, 24.742182625999984 ], [ 91.657629521000104, 24.742860993000075 ], [ 91.657945272000063, 24.743419554000013 ], [ 91.661764214000186, 24.744411060000175 ], [ 91.662199435000048, 24.746191702999965 ], [ 91.662003689000187, 24.746945532000098 ], [ 91.662223186000176, 24.747976906000133 ], [ 91.665026081000178, 24.749918599000125 ], [ 91.666158613000107, 24.749998555 ], [ 91.667490658000077, 24.749609039000113 ], [ 91.668725136000091, 24.749595292000151 ], [ 91.672232682000015, 24.750109206 ], [ 91.676296630000195, 24.759020420000127 ], [ 91.675566698000182, 24.762008110000075 ], [ 91.670696945000088, 24.768947024000113 ], [ 91.670908998000129, 24.769551848000052 ], [ 91.663808467000138, 24.773693912000113 ], [ 91.660422625000137, 24.774478639999984 ], [ 91.659826326000086, 24.774349819000118 ], [ 91.659223108000106, 24.773747056000051 ], [ 91.657291591000046, 24.77383616700007 ], [ 91.656302548000056, 24.772149678000059 ], [ 91.656002610000087, 24.771949845000101 ], [ 91.65533334700001, 24.771957246000117 ], [ 91.655124656000112, 24.77304527899997 ], [ 91.656031418000168, 24.774120977000166 ], [ 91.655817339000137, 24.774802771000111 ], [ 91.655594247000124, 24.774805237000127 ], [ 91.654770338000105, 24.774338070999988 ], [ 91.65453555, 24.773458091 ], [ 91.654004414000099, 24.772649099000091 ], [ 91.651471801000071, 24.772338473000097 ], [ 91.650871011000106, 24.771868822999981 ], [ 91.649900029000094, 24.771540941 ], [ 91.648264263999977, 24.771558957000078 ], [ 91.647233460000166, 24.772317445000169 ], [ 91.647719057000074, 24.775298420000183 ], [ 91.648483131000091, 24.776852012000123 ], [ 91.649111736000123, 24.779425101000076 ], [ 91.649047447000044, 24.78017295300015 ], [ 91.647420232000172, 24.780800321000193 ], [ 91.647224928000185, 24.782908466000094 ], [ 91.645143688000076, 24.782999074000141 ], [ 91.644689407000044, 24.782392356 ], [ 91.64045249600008, 24.78250656900013 ], [ 91.640221076000103, 24.781829676000033 ], [ 91.634568700000159, 24.781756074000153 ], [ 91.634050095000134, 24.781897171000026 ], [ 91.633760217000145, 24.782512048000171 ], [ 91.634064344000137, 24.782985007000146 ], [ 91.634808724000095, 24.78304459400016 ], [ 91.634967727, 24.783857722000107 ], [ 91.635869937000052, 24.784592751000105 ], [ 91.6374355760002, 24.784916472000134 ], [ 91.637592526000049, 24.785524209000069 ], [ 91.637377440000193, 24.786138274000169 ], [ 91.638275535000162, 24.78660472200005 ], [ 91.640657687999976, 24.78678178000013 ], [ 91.641108373000066, 24.787115420000191 ], [ 91.641643129999977, 24.788328835000129 ], [ 91.643362168000124, 24.788855845000057 ], [ 91.644253133, 24.788778341000011 ], [ 91.645329335999975, 24.785780199000104 ], [ 91.646371906000127, 24.785904165999966 ], [ 91.646467580000035, 24.787532833000171 ], [ 91.646770845000162, 24.787935798000028 ], [ 91.64781972500009, 24.788535961000036 ], [ 91.650582361000033, 24.789388092000134 ], [ 91.652233024000111, 24.790523317000176 ], [ 91.653067521000139, 24.791735258000191 ], [ 91.653832670000099, 24.793356518 ], [ 91.653402639000149, 24.794584684000029 ], [ 91.652734152000164, 24.794659787000118 ], [ 91.652444033000052, 24.795204723999973 ], [ 91.652972571000078, 24.795810595000145 ], [ 91.654683720000037, 24.79585939500009 ], [ 91.655999341000097, 24.794147410000104 ], [ 91.657836858000167, 24.792497351000069 ], [ 91.662209665000034, 24.789755981000098 ], [ 91.665062302000081, 24.788543744000094 ], [ 91.665749874000085, 24.788743757000191 ], [ 91.667318061000117, 24.790128021000157 ], [ 91.668119382000043, 24.790281609000093 ], [ 91.668932004000112, 24.790078428000015 ], [ 91.671524280000199, 24.788769657000039 ], [ 91.67222514600013, 24.78876182800019 ], [ 91.673002741000062, 24.789543161000097 ], [ 91.673160310000071, 24.791566114000034 ], [ 91.671624132000147, 24.792391363000036 ], [ 91.6716841920001, 24.793090427000092 ], [ 91.670614985000043, 24.793337118000174 ], [ 91.66971214300014, 24.794559317000164 ], [ 91.669919223000193, 24.794789500000086 ], [ 91.671811817000105, 24.794955711999982 ], [ 91.67492505100013, 24.794780947 ], [ 91.675235985000086, 24.795102503000177 ], [ 91.675346127000182, 24.795708458000089 ], [ 91.67519908800017, 24.796175087999984 ], [ 91.67281284500018, 24.797228816000143 ], [ 91.672259114999974, 24.797839937000159 ], [ 91.671477008000011, 24.800460267000059 ], [ 91.672812857000167, 24.804876228000122 ], [ 91.672878551999986, 24.805947663999969 ], [ 91.672600128000056, 24.808049980000188 ], [ 91.672061377000148, 24.809780507000138 ], [ 91.671314859, 24.811233461000089 ], [ 91.667514842000116, 24.809783867000025 ], [ 91.667011736000077, 24.810349262000045 ], [ 91.665680634000068, 24.813955312000125 ], [ 91.664402853000126, 24.813922138000063 ], [ 91.66401752500019, 24.811874623 ], [ 91.659114231000061, 24.811929101000093 ], [ 91.658833707000099, 24.813891473000073 ], [ 91.658244658000115, 24.815715065000177 ], [ 91.657975276000059, 24.818469592000096 ], [ 91.658398810999984, 24.819584471000042 ], [ 91.659320579000052, 24.819761592000024 ], [ 91.66088096600015, 24.818958759000164 ], [ 91.66150833100005, 24.819082706000184 ], [ 91.661584545000153, 24.820948571000084 ], [ 91.660563874000161, 24.821052455000029 ], [ 91.66075637900019, 24.82398920300016 ], [ 91.660274946000072, 24.826186299000032 ], [ 91.659820543000023, 24.826608928000091 ], [ 91.657768575000091, 24.825979367000173 ], [ 91.657741864000116, 24.826283866000043 ], [ 91.655595728000151, 24.825586342000062 ], [ 91.653253853000081, 24.825612252000099 ], [ 91.652886787000114, 24.825302558000029 ], [ 91.652474228000187, 24.824313941000014 ], [ 91.651869868000063, 24.82392109400012 ], [ 91.648871976000194, 24.825114389000191 ], [ 91.64484891, 24.825704943 ], [ 91.6429800370002, 24.825777406000039 ], [ 91.637160605000076, 24.825094092000029 ], [ 91.635556553000072, 24.824615058000177 ], [ 91.634063347000165, 24.822875258000124 ], [ 91.6337942520002, 24.821733781999963 ], [ 91.634079254000156, 24.819797575999985 ], [ 91.627651139000207, 24.820064052000191 ], [ 91.625634489000163, 24.821031767000086 ], [ 91.620163030000128, 24.821838289000024 ], [ 91.616798200000119, 24.82203271000003 ], [ 91.614088928000115, 24.822811381000065 ], [ 91.613621783000099, 24.823407818000135 ], [ 91.613561750000031, 24.825455786000074 ], [ 91.613267704000194, 24.826050356999975 ], [ 91.608930180000129, 24.827830654000142 ], [ 91.608590264000043, 24.828227073000164 ], [ 91.608506924000096, 24.829431987000191 ], [ 91.608046719000129, 24.83037820800007 ], [ 91.606752172000213, 24.830593020999963 ], [ 91.606059026000082, 24.83040408700014 ], [ 91.605444689000137, 24.829661279000163 ], [ 91.605607335000059, 24.829159036000082 ], [ 91.607192428000076, 24.827908937000132 ], [ 91.607477484000185, 24.826567325000156 ], [ 91.608494233000044, 24.825098211000071 ], [ 91.608610705000046, 24.823107419000049 ], [ 91.60840312800002, 24.821395048 ], [ 91.609532572000035, 24.81951164000014 ], [ 91.610098812, 24.817829763000184 ], [ 91.605665216000162, 24.814728559000059 ], [ 91.604801809000037, 24.814514358000054 ], [ 91.604749207000111, 24.814126674000075 ], [ 91.604360873000147, 24.813738077000032 ], [ 91.602672336000182, 24.812679468999988 ], [ 91.601948209, 24.810937851000116 ], [ 91.601386834000039, 24.810697823000172 ], [ 91.600052213000197, 24.811147756000025 ], [ 91.596418419000088, 24.811419071000163 ], [ 91.596411703000058, 24.811855700000141 ], [ 91.597332780000158, 24.814015092000091 ], [ 91.597343962000195, 24.816141308000162 ], [ 91.597648153000193, 24.817587218000085 ], [ 91.597438364000197, 24.817748896000129 ], [ 91.59792020000009, 24.819567535999962 ], [ 91.597881316000041, 24.820777840000115 ], [ 91.597234646000175, 24.821315203000097 ], [ 91.595388556000046, 24.821766045000061 ], [ 91.592502720000198, 24.823254990000059 ], [ 91.592093037000097, 24.82390492800004 ], [ 91.592356687000063, 24.825611771000123 ], [ 91.59179999000014, 24.826080436999973 ], [ 91.587742166000112, 24.826787212000117 ], [ 91.584570817000156, 24.828694379000066 ], [ 91.584331667000072, 24.829872949000105 ], [ 91.583808484000087, 24.83016064800017 ], [ 91.583315232000132, 24.829933374 ], [ 91.582758107000132, 24.82896187900019 ], [ 91.580847323000114, 24.828616416000102 ], [ 91.580560746000117, 24.828935464000033 ], [ 91.580689316000075, 24.830935393000065 ], [ 91.580225154000061, 24.831538475000055 ], [ 91.579662091000102, 24.831560226000128 ], [ 91.577854427000091, 24.830766698000044 ], [ 91.576747079000143, 24.830778378000105 ], [ 91.574299005000057, 24.832445213000081 ], [ 91.57346682300016, 24.832702271000077 ], [ 91.57310117500009, 24.832491677000061 ], [ 91.572539296000059, 24.831138712000101 ], [ 91.568112799000176, 24.831467363 ], [ 91.56741880800007, 24.831158623000082 ], [ 91.564484298000082, 24.828819218000035 ], [ 91.560624221000182, 24.829439678000028 ], [ 91.56005250200019, 24.831632948000166 ], [ 91.558876748999978, 24.831961231000037 ], [ 91.558463753000126, 24.832362818000146 ], [ 91.558657146000201, 24.833288543000098 ], [ 91.55936523600019, 24.834723559000167 ], [ 91.559422991000076, 24.835967621000062 ], [ 91.55840811600001, 24.836109128000146 ], [ 91.556715251000014, 24.837271205000086 ], [ 91.554943580000099, 24.837869767000036 ], [ 91.554182421000064, 24.83797700200012 ], [ 91.551918364000073, 24.837604599000144 ], [ 91.550564160000079, 24.837633098000087 ], [ 91.548577884000053, 24.838531770000035 ], [ 91.547761488000049, 24.838574086000161 ], [ 91.54741191200003, 24.838212025000129 ], [ 91.54758119600001, 24.836270358000149 ], [ 91.54731677000018, 24.835444673000154 ], [ 91.545420444000115, 24.833326635000049 ], [ 91.539405993000116, 24.830074978000027 ], [ 91.536836424000057, 24.829304588000074 ], [ 91.534499647000075, 24.82975973300011 ], [ 91.533379179000121, 24.830545029000117 ], [ 91.533303908000164, 24.832972881000043 ], [ 91.531975635000151, 24.840076633000024 ], [ 91.531494673000111, 24.840844526000065 ], [ 91.530536987000119, 24.841217762000039 ], [ 91.530154856000195, 24.841172012000182 ], [ 91.529951464000078, 24.840876133000105 ], [ 91.528539358000117, 24.838238253000153 ], [ 91.524999236000156, 24.83685005500006 ], [ 91.522944476000134, 24.835148678000049 ], [ 91.521003519000033, 24.835317422000173 ], [ 91.520577922000086, 24.836116322000183 ], [ 91.52036217300008, 24.837793437000126 ], [ 91.520005274000141, 24.838293674000059 ], [ 91.519212024000012, 24.838764482000105 ], [ 91.518304505000174, 24.838841423000133 ], [ 91.516883244000098, 24.838424709000151 ], [ 91.516607543000077, 24.838129541000058 ], [ 91.516765446000079, 24.837216892000125 ], [ 91.517875278000076, 24.835880585000151 ], [ 91.518191240000135, 24.835015086 ], [ 91.517871380000145, 24.83162018400014 ], [ 91.517502767999986, 24.831158919000071 ], [ 91.516811337000092, 24.831050813000044 ], [ 91.515236824999988, 24.831448263000031 ], [ 91.513463355000169, 24.833436855000112 ], [ 91.513016154000013, 24.833682915 ], [ 91.512037062000047, 24.833719908000148 ], [ 91.510903442000199, 24.833252819000165 ], [ 91.509480346000032, 24.831759310000109 ], [ 91.508662775000175, 24.831243864000101 ], [ 91.507191081000087, 24.830635688000026 ], [ 91.506170475000033, 24.830510533000108 ], [ 91.50539231800019, 24.830798277000095 ], [ 91.505016681000143, 24.832463444000105 ], [ 91.50411004200015, 24.833583167000135 ], [ 91.503315509000061, 24.834155489000072 ], [ 91.502207873000089, 24.834363918000118 ], [ 91.501117553000086, 24.834203318 ], [ 91.495085700000061, 24.832159848000053 ], [ 91.495278802000101, 24.833951661000075 ], [ 91.494524966000043, 24.834627382000125 ], [ 91.492994078000038, 24.834850337000152 ], [ 91.490181884000037, 24.836323081000156 ], [ 91.48879747400008, 24.836556788000053 ], [ 91.48814959800012, 24.83616143800003 ], [ 91.487614692000079, 24.834455709 ], [ 91.487235291000047, 24.834170547000046 ], [ 91.486569806000148, 24.834141059000103 ], [ 91.484049294000158, 24.837918167000161 ], [ 91.48174403600018, 24.839838096000108 ], [ 91.481003941000154, 24.840007957000068 ], [ 91.478666329000191, 24.839805365000128 ], [ 91.475246863000052, 24.840320961000028 ] ] ] } },
{ "type": "Feature", "properties": { "adm3_pcode": "BD60900086", "adm3_name": "Shalla", "area_sqkm": 258.12386655, "population_total": 122677.93292236328, "population_flood_exposed": 5944.4724884033203, "population_access_loss": 29602.95092010498, "population_density": 475.26768664221873, "priority_score": 79.59048752477328 }, "geometry": { "type": "Polygon", "coordinates": [ [ [ 91.207513595000137, 24.80665709200008 ], [ 91.207141767000053, 24.807271877000066 ], [ 91.204849585000147, 24.80905349000011 ], [ 91.203174686000182, 24.809450757000036 ], [ 91.199566035000146, 24.809633277000039 ], [ 91.198556388000156, 24.809449487999974 ], [ 91.197879767000074, 24.808917627000142 ], [ 91.196739142000069, 24.806264616000078 ], [ 91.194982500000037, 24.80681780400004 ], [ 91.192693046000159, 24.806507456000134 ], [ 91.19171606600014, 24.803751054000141 ], [ 91.190683898000032, 24.803868689000176 ], [ 91.189683823000109, 24.803542488000115 ], [ 91.1885399680001, 24.802440892000106 ], [ 91.187511643000164, 24.800225414000128 ], [ 91.186807165000175, 24.796564796999974 ], [ 91.181576015000019, 24.791557551000093 ], [ 91.178558877000171, 24.792502215000123 ], [ 91.175444939999977, 24.793773258000041 ], [ 91.174910331000092, 24.793701002000091 ], [ 91.174284452000066, 24.793117114000093 ], [ 91.173768878000033, 24.79187500900008 ], [ 91.173850689000176, 24.789336907000063 ], [ 91.173604159000035, 24.787711164000086 ], [ 91.172750142000154, 24.786173715000185 ], [ 91.171458308000183, 24.784948973000095 ], [ 91.171371163000174, 24.784556842000082 ], [ 91.172548257000017, 24.78147060800012 ], [ 91.171644080000078, 24.780621676000063 ], [ 91.166845352000053, 24.780315286000128 ], [ 91.166803288000153, 24.779254573 ], [ 91.167747069000143, 24.778310337000054 ], [ 91.168238016000032, 24.776209258000048 ], [ 91.165278154000077, 24.773552628000115 ], [ 91.160535830000072, 24.771374813000136 ], [ 91.160044827000036, 24.770355950000123 ], [ 91.160889172, 24.768225061000127 ], [ 91.16061441, 24.766129936000084 ], [ 91.158171735000167, 24.765104055000162 ], [ 91.15614497200005, 24.765814586999966 ], [ 91.15411855800005, 24.767462415000072 ], [ 91.145776857999977, 24.762399574000138 ], [ 91.141163214000187, 24.760220138000129 ], [ 91.136982965000072, 24.76007357900016 ], [ 91.138111354000102, 24.758690154000188 ], [ 91.140111540000191, 24.757884802000142 ], [ 91.14152560600013, 24.757874033000068 ], [ 91.147740641000041, 24.758910169000156 ], [ 91.148333715000092, 24.758946260000073 ], [ 91.149607378000042, 24.758521102000028 ], [ 91.151555044000077, 24.756921348 ], [ 91.151913163000131, 24.756211980000103 ], [ 91.151907397000173, 24.755586684999969 ], [ 91.151157939000143, 24.753468092000102 ], [ 91.151150241000039, 24.752632856000101 ], [ 91.151417115000129, 24.751881299 ], [ 91.152594239000166, 24.750915050000064 ], [ 91.153687791000038, 24.750739572000093 ], [ 91.154376147000164, 24.751192554000109 ], [ 91.15484032500018, 24.752064906 ], [ 91.156036899000071, 24.753137047000163 ], [ 91.15745322700019, 24.753376695000092 ], [ 91.159133663000148, 24.752571309000075 ], [ 91.160357825000176, 24.750220758000186 ], [ 91.160621291000155, 24.749308926000083 ], [ 91.160472651000077, 24.747944260000111 ], [ 91.158848653, 24.743897757000067 ], [ 91.158345754000095, 24.743447876000065 ], [ 91.157061073000079, 24.742997264000049 ], [ 91.155937573000017, 24.743267810000081 ], [ 91.155281688000059, 24.743783074000071 ], [ 91.15242929900019, 24.748444300000131 ], [ 91.151423579000109, 24.749565000000132 ], [ 91.149854065999989, 24.750134669000083 ], [ 91.149192994000032, 24.750092333000115 ], [ 91.147814836000066, 24.749360160000034 ], [ 91.146995379000032, 24.748625959000154 ], [ 91.146579381000038, 24.747608727000163 ], [ 91.146487360000151, 24.746124594000037 ], [ 91.146761572000116, 24.742736166000149 ], [ 91.147864354000049, 24.741149695000047 ], [ 91.151284765000185, 24.737504602000172 ], [ 91.151985314000115, 24.736338835000087 ], [ 91.152135571000031, 24.73313809300009 ], [ 91.151216131000183, 24.732542390000106 ], [ 91.148468111000184, 24.732005849000071 ], [ 91.146426664000103, 24.730955907000062 ], [ 91.142605620000154, 24.729639567 ], [ 91.14204026200008, 24.72890113700003 ], [ 91.142482789000042, 24.728115092000102 ], [ 91.141948318000118, 24.727416995000169 ], [ 91.142800905000058, 24.726250115000081 ], [ 91.144421693000027, 24.725774954000087 ], [ 91.14624955700009, 24.725713581000093 ], [ 91.150316546000113, 24.726100087000074 ], [ 91.157113257000162, 24.725119938000091 ], [ 91.159052941000027, 24.726125374000105 ], [ 91.159408219000113, 24.726122625000183 ], [ 91.160417627000186, 24.723763787000053 ], [ 91.159911157000181, 24.722594061000052 ], [ 91.158831415000193, 24.721164345999963 ], [ 91.158776266000189, 24.72074712400013 ], [ 91.15887563800004, 24.720468677000092 ], [ 91.159885357000178, 24.71981069800006 ], [ 91.161604718000092, 24.719054657000122 ], [ 91.163024823000057, 24.718811123000084 ], [ 91.163890966000054, 24.71912949 ], [ 91.164569575000144, 24.720210104999978 ], [ 91.165669691000062, 24.723621749000188 ], [ 91.166949714000168, 24.725115321000146 ], [ 91.169413680000105, 24.728985880000042 ], [ 91.16986824500016, 24.730084017000024 ], [ 91.171205991000193, 24.730536369000159 ], [ 91.17247406700011, 24.730411326000024 ], [ 91.177100000000166, 24.729562362000138 ], [ 91.183550707000165, 24.726960560000123 ], [ 91.185634864000065, 24.72584241900006 ], [ 91.187013636000074, 24.723975812999985 ], [ 91.189530375000061, 24.721637381000168 ], [ 91.190541150000115, 24.721107865000196 ], [ 91.191370909000113, 24.719737721000168 ], [ 91.193215657000167, 24.71809086300015 ], [ 91.195974223000121, 24.717095889000063 ], [ 91.196382150000034, 24.716656931000163 ], [ 91.196879244000115, 24.715334566000077 ], [ 91.198429118000149, 24.713879628000143 ], [ 91.198833248000142, 24.713885424000065 ], [ 91.199153157000069, 24.71425761900008 ], [ 91.200022833999981, 24.71648562300004 ], [ 91.200505187000033, 24.716786532000132 ], [ 91.201233129000059, 24.716796504000055 ], [ 91.202613418000112, 24.71615107700006 ], [ 91.204980704000036, 24.713673629000084 ], [ 91.206365307000112, 24.712583398 ], [ 91.206853096000088, 24.712295029000011 ], [ 91.207905240000116, 24.712162391000106 ], [ 91.208468028000141, 24.712539382000102 ], [ 91.208299655000133, 24.713274436000177 ], [ 91.207070477000059, 24.715103902000184 ], [ 91.207139006000091, 24.716507536000162 ], [ 91.207941874000085, 24.717110606000112 ], [ 91.210452623000094, 24.71669981000008 ], [ 91.211913819000017, 24.716055908000097 ], [ 91.213287095000169, 24.716223142000047 ], [ 91.217934906000039, 24.721009805999984 ], [ 91.220188415000052, 24.722221837000177 ], [ 91.221552089000113, 24.723423025000098 ], [ 91.221708642000181, 24.724015478000183 ], [ 91.221542501000044, 24.724529289000149 ], [ 91.220725107000078, 24.72555182900004 ], [ 91.221032863000119, 24.727328250000021 ], [ 91.221645512000123, 24.728497170000086 ], [ 91.223559842000043, 24.72906625600012 ], [ 91.225912860000065, 24.728873208000095 ], [ 91.227941372000032, 24.728041643000157 ], [ 91.229775564000079, 24.726805300000077 ], [ 91.230334044000131, 24.725349134000055 ], [ 91.230195332000179, 24.724187651000136 ], [ 91.228770720000057, 24.721698004000078 ], [ 91.227646002000085, 24.717147027000063 ], [ 91.227364941000189, 24.715137875999972 ], [ 91.227503747000128, 24.7102650110001 ], [ 91.227374907000126, 24.708530032 ], [ 91.226949353000123, 24.706966792000173 ], [ 91.226495081000166, 24.706254870000063 ], [ 91.222977613000126, 24.705089354000052 ], [ 91.222188613000185, 24.704450131000041 ], [ 91.221169368000119, 24.703196473000045 ], [ 91.221234165000112, 24.702175542000024 ], [ 91.22182224900007, 24.701283545000024 ], [ 91.22473123900005, 24.699623129000148 ], [ 91.226204358000203, 24.700225144000107 ], [ 91.227012506000108, 24.700234337000094 ], [ 91.228876473000014, 24.699742749000109 ], [ 91.230747880000081, 24.698438368999973 ], [ 91.23189613400001, 24.696534885000062 ], [ 91.232464742, 24.696248031000145 ], [ 91.233999157000028, 24.696488260000024 ], [ 91.234485697000139, 24.696274310000089 ], [ 91.235628185000166, 24.695109061000036 ], [ 91.238851880000212, 24.696258651000111 ], [ 91.240224961000209, 24.696425654000162 ], [ 91.24135834200014, 24.696217622 ], [ 91.242256943000086, 24.695196564000071 ], [ 91.242509656000152, 24.694018306000142 ], [ 91.241852191000191, 24.685959888000014 ], [ 91.243322247000151, 24.684207173000058 ], [ 91.243412591000151, 24.683102497000107 ], [ 91.241162239000118, 24.680847792000179 ], [ 91.239731008000092, 24.678843648999987 ], [ 91.238848862000111, 24.678020159000084 ], [ 91.23683877100018, 24.676810894000141 ], [ 91.235466929000154, 24.676497101 ], [ 91.234342676000168, 24.675671063000035 ], [ 91.233857746000197, 24.675663762000056 ], [ 91.228993009000078, 24.677297469000163 ], [ 91.225505911000198, 24.678651135000049 ], [ 91.223728531000063, 24.678997488000043 ], [ 91.223573869000063, 24.678149918000081 ], [ 91.224024657000029, 24.676683361000126 ], [ 91.224947869000061, 24.675966972000079 ], [ 91.224992225000165, 24.675259999000161 ], [ 91.224677114000144, 24.67474333600012 ], [ 91.223722500000179, 24.67407611700008 ], [ 91.223532619000196, 24.673163358000117 ], [ 91.224999093, 24.671853326000072 ], [ 91.226217535000103, 24.671204503000123 ], [ 91.233014251999975, 24.670410643000025 ], [ 91.233747722000089, 24.669754454000156 ], [ 91.233842942000194, 24.668132765 ], [ 91.23361661600012, 24.666283449000105 ], [ 91.232590726000126, 24.663388686000133 ], [ 91.23158251000018, 24.658577122000104 ], [ 91.228765326000143, 24.657209548000139 ], [ 91.2281282900002, 24.656167256 ], [ 91.227740244000074, 24.654314733000145 ], [ 91.226857340000038, 24.653640166 ], [ 91.226126062000105, 24.654072811 ], [ 91.22563050600013, 24.655246258000034 ], [ 91.224900872000148, 24.655532140000052 ], [ 91.223771512000155, 24.655295276000171 ], [ 91.222284186000195, 24.65400251900007 ], [ 91.221427201000097, 24.653957567000077 ], [ 91.220664547000013, 24.655738191000125 ], [ 91.220000441000138, 24.655969334000194 ], [ 91.218054024000139, 24.655411713000152 ], [ 91.214666513000054, 24.655457192000085 ], [ 91.212475510000047, 24.655213011000058 ], [ 91.211176669000167, 24.654753916000168 ], [ 91.210219054000063, 24.654136292000029 ], [ 91.209371138000051, 24.653045951000141 ], [ 91.209017032000077, 24.651865844000096 ], [ 91.208526469000049, 24.645541396000109 ], [ 91.207920400000091, 24.644691139000027 ], [ 91.208022578000055, 24.643437377000048 ], [ 91.20762280100007, 24.639494388 ], [ 91.20696712400013, 24.636612244000098 ], [ 91.206343125000103, 24.635032448000167 ], [ 91.205666099000041, 24.633909102000132 ], [ 91.205091606000167, 24.633496057000109 ], [ 91.20459638900013, 24.633430047000164 ], [ 91.20395013600006, 24.633581962000047 ], [ 91.202737559000198, 24.634754305000119 ], [ 91.202015283000094, 24.635028729000112 ], [ 91.199928291999981, 24.634774495000041 ], [ 91.199344696000196, 24.634332983000085 ], [ 91.198656385, 24.634309474000187 ], [ 91.198372558000074, 24.634013076000031 ], [ 91.198257031000196, 24.633548089000151 ], [ 91.198487988000181, 24.633351258000111 ], [ 91.198303917000146, 24.633044612000162 ], [ 91.197163059000104, 24.632222915000114 ], [ 91.195891734000156, 24.631964388000139 ], [ 91.194616777000078, 24.632192949000114 ], [ 91.196759823000093, 24.628076080000142 ], [ 91.196579545000134, 24.626734074000122 ], [ 91.195619328000191, 24.62538011800018 ], [ 91.194442881999976, 24.625353626000106 ], [ 91.193348134000189, 24.625672922000028 ], [ 91.191438029000153, 24.626834920000075 ], [ 91.182469164000125, 24.631088543000033 ], [ 91.179737188000047, 24.631874572000182 ], [ 91.178629689000161, 24.631959714000114 ], [ 91.178375545999984, 24.63161764900013 ], [ 91.177852624000082, 24.631602631000135 ], [ 91.177608222000117, 24.631184030000043 ], [ 91.17962138200005, 24.629562652 ], [ 91.180478974000152, 24.62847596600017 ], [ 91.181006785000193, 24.62650942100009 ], [ 91.180790937000097, 24.625235238000069 ], [ 91.180054786000198, 24.623664085000026 ], [ 91.179246702000114, 24.622781608000079 ], [ 91.179274971000098, 24.622451664000153 ], [ 91.177443507000078, 24.620675262000074 ], [ 91.178711185000168, 24.619330048000162 ], [ 91.179976896000142, 24.617165305000189 ], [ 91.18466821200019, 24.616363117000045 ], [ 91.187740394000173, 24.614546387000019 ], [ 91.191192678, 24.614478453000114 ], [ 91.192971857000032, 24.614080570000112 ], [ 91.194641891, 24.612658598000056 ], [ 91.198846926000044, 24.611322535000109 ], [ 91.199978768999983, 24.610830393000075 ], [ 91.201109649000159, 24.609850620000085 ], [ 91.201268686000049, 24.60833903800005 ], [ 91.200136383000086, 24.605188718000189 ], [ 91.200126974000113, 24.602941276000017 ], [ 91.201202966000153, 24.601327562999987 ], [ 91.20410930900016, 24.597854779999981 ], [ 91.205289183000104, 24.595525221000063 ], [ 91.204642706000186, 24.594443844000011 ], [ 91.203617786999985, 24.594158556000078 ], [ 91.200650882000105, 24.593929406000086 ], [ 91.198492262, 24.593016484000088 ], [ 91.197681512000088, 24.592142484000021 ], [ 91.19730545200008, 24.591322991000027 ], [ 91.197462546000111, 24.590342683000078 ], [ 91.199339872000166, 24.586687237000145 ], [ 91.201017150000041, 24.587354693000119 ], [ 91.202097438000067, 24.588273936000064 ], [ 91.203661920000172, 24.588703919 ], [ 91.205279267000165, 24.588207860000125 ], [ 91.20657161400004, 24.587226760000078 ], [ 91.206678811000131, 24.586690853999986 ], [ 91.205868699000064, 24.586207457000054 ], [ 91.205275891000042, 24.58548264400002 ], [ 91.205274846000066, 24.583984883000028 ], [ 91.205971753000085, 24.582052086000033 ], [ 91.206343822000065, 24.578883993000034 ], [ 91.206666256000062, 24.578396030000079 ], [ 91.206835533000117, 24.578270977000106 ], [ 91.209576674000175, 24.578786436000033 ], [ 91.212704465000058, 24.578966725000097 ], [ 91.216209720000109, 24.578800747000059 ], [ 91.217180015, 24.578553604000152 ], [ 91.218633001000171, 24.577036062000158 ], [ 91.220087103000196, 24.575956463000061 ], [ 91.220679514000096, 24.575757515000134 ], [ 91.221650749000105, 24.57580155900007 ], [ 91.223540052000033, 24.576960161 ], [ 91.22499636200007, 24.577000243000104 ], [ 91.226020313000163, 24.576752610000135 ], [ 91.228013970000177, 24.576011691000016 ], [ 91.230168515000173, 24.574684729 ], [ 91.23312887600008, 24.57189275900015 ], [ 91.234054899000057, 24.570160403000155 ], [ 91.236980952000124, 24.57300801800011 ], [ 91.242518035000046, 24.576321684000046 ], [ 91.244715688000042, 24.57724945300015 ], [ 91.24742846800018, 24.577653686000076 ], [ 91.250599340000178, 24.577200713000028 ], [ 91.252840725000055, 24.577182087999969 ], [ 91.256024941000078, 24.57800891800002 ], [ 91.260064269000168, 24.580282385000089 ], [ 91.268417739000199, 24.584311945000081 ], [ 91.268798850000167, 24.585076296000182 ], [ 91.268830698000158, 24.588236573000071 ], [ 91.268573750000201, 24.590545937 ], [ 91.267581399000051, 24.594055728000061 ], [ 91.267234655000152, 24.596706732000026 ], [ 91.267279372000019, 24.601146918000097 ], [ 91.26804320399998, 24.602763648000057 ], [ 91.269923903000119, 24.604027808000069 ], [ 91.274179045000096, 24.609032895000041 ], [ 91.27483619000003, 24.609368216000124 ], [ 91.275676046000058, 24.609275312000083 ], [ 91.276604780000184, 24.608754978000029 ], [ 91.276783152000178, 24.607900121000057 ], [ 91.275637081000127, 24.605433335999972 ], [ 91.275533485000111, 24.604409298000174 ], [ 91.275994058000094, 24.603807151000186 ], [ 91.285301408000123, 24.600395850000101 ], [ 91.289124319000166, 24.599681386000153 ], [ 91.290426958000182, 24.599157767000065 ], [ 91.293414390000123, 24.59896055400003 ], [ 91.294633733000182, 24.599462526000138 ], [ 91.295294411000157, 24.600140869000025 ], [ 91.296949435000101, 24.606616965000114 ], [ 91.299331883000093, 24.611122718 ], [ 91.299433047000093, 24.611891656 ], [ 91.298719022000057, 24.61514186 ], [ 91.297617415000161, 24.617031870000062 ], [ 91.297346850000054, 24.617973325999969 ], [ 91.297274789000198, 24.620023764000162 ], [ 91.297752679000155, 24.621044551000185 ], [ 91.300477410000099, 24.622558377000189 ], [ 91.306100266999977, 24.624132799000048 ], [ 91.307132848000094, 24.6246362820001 ], [ 91.307990556000163, 24.62625196700008 ], [ 91.307633951000071, 24.627878209000187 ], [ 91.305697719000094, 24.630371511000074 ], [ 91.303479345000198, 24.632695664999964 ], [ 91.30302261300011, 24.633724529 ], [ 91.302848571000084, 24.634922512000113 ], [ 91.303050081000052, 24.636372338000172 ], [ 91.304964214000051, 24.640712707000038 ], [ 91.305075202000182, 24.642420667000128 ], [ 91.304259982000076, 24.644904215000107 ], [ 91.303526170000126, 24.646190583000134 ], [ 91.302818332000129, 24.650041235000064 ], [ 91.302872408, 24.655251063000151 ], [ 91.30401418100007, 24.657205179000183 ], [ 91.304954683000062, 24.65779524800007 ], [ 91.307104217000131, 24.657776565000063 ], [ 91.308683262000102, 24.656823703999976 ], [ 91.309044577000066, 24.655786175 ], [ 91.308929752000097, 24.653575287000074 ], [ 91.309476178000182, 24.652204741000162 ], [ 91.311133188000156, 24.649797354000039 ], [ 91.312985276000063, 24.64815805000012 ], [ 91.314197141000079, 24.647892363000032 ], [ 91.315697983000064, 24.648391681000131 ], [ 91.316734380000142, 24.649235934000096 ], [ 91.317873625000175, 24.650934866000171 ], [ 91.319763348000095, 24.652882296000026 ], [ 91.323821528000167, 24.65660530600001 ], [ 91.326549132000082, 24.658287904000186 ], [ 91.32786124800009, 24.658619451000163 ], [ 91.331977729000073, 24.659009676000039 ], [ 91.333197508000183, 24.659425519000077 ], [ 91.334334884000157, 24.660280037000064 ], [ 91.335369152000112, 24.661541802000098 ], [ 91.337463719000141, 24.665110292000122 ], [ 91.340144984000176, 24.671149956000136 ], [ 91.342335866000099, 24.674974852000105 ], [ 91.342994453000131, 24.675395625000188 ], [ 91.344862952000142, 24.675293122000145 ], [ 91.345605344000091, 24.674774025999966 ], [ 91.345970740000098, 24.674003216000187 ], [ 91.346583169000098, 24.670067480000114 ], [ 91.347043615000132, 24.669465124 ], [ 91.347790572000065, 24.669374898 ], [ 91.349856506000094, 24.670295449000093 ], [ 91.353723473000059, 24.673506869000043 ], [ 91.361805649000132, 24.677533335000131 ], [ 91.362374758000101, 24.678295703000117 ], [ 91.362569324, 24.678977947000075 ], [ 91.36267372000016, 24.680001881000067 ], [ 91.362405398000135, 24.681114984000086 ], [ 91.361763422000138, 24.682231473000165 ], [ 91.360654802000056, 24.683435714999973 ], [ 91.359737953000149, 24.685067131000157 ], [ 91.358162701000197, 24.68636362300014 ], [ 91.349383586000044, 24.687124544000138 ], [ 91.34882646300008, 24.687472682000131 ], [ 91.348370835000196, 24.688585190000026 ], [ 91.348663201000022, 24.689693229000113 ], [ 91.349519174000079, 24.691053556000149 ], [ 91.351868346000117, 24.692140828000053 ], [ 91.354864320000047, 24.692542728000088 ], [ 91.365219315000175, 24.690568446000153 ], [ 91.368574020000153, 24.6895988 ], [ 91.370440842000107, 24.689326677000171 ], [ 91.371751480000171, 24.68948401300003 ], [ 91.372785471000043, 24.689987 ], [ 91.373449852000192, 24.690920018000096 ], [ 91.37348637700012, 24.694251667000174 ], [ 91.374449957000081, 24.696890822000114 ], [ 91.375206396000067, 24.697651421000106 ], [ 91.37642670800011, 24.698069144999977 ], [ 91.378051837000044, 24.698054231000182 ], [ 91.377143921000197, 24.699193540000071 ], [ 91.377303234000181, 24.700142460000048 ], [ 91.382180421000044, 24.703835925000185 ], [ 91.382711671000095, 24.704783665000093 ], [ 91.382722189999981, 24.705736204000111 ], [ 91.38229431700006, 24.707437734000056 ], [ 91.381442458000166, 24.708172475000026 ], [ 91.380647987000089, 24.708285888000034 ], [ 91.379851311000039, 24.707694999000125 ], [ 91.378108145000056, 24.70564095300017 ], [ 91.37753692900003, 24.705269208000058 ], [ 91.377067329000113, 24.70531754000012 ], [ 91.376352219000069, 24.705905389000179 ], [ 91.375156522000182, 24.707792284000046 ], [ 91.373167294999973, 24.709995703000057 ], [ 91.372263066000073, 24.711651904 ], [ 91.366828398000166, 24.710938261000027 ], [ 91.364897197000175, 24.711229010000011 ], [ 91.363937202000045, 24.711917236000144 ], [ 91.363573461000044, 24.712667760000041 ], [ 91.360125090999986, 24.717184627000108 ], [ 91.358207184000037, 24.718766426000172 ], [ 91.355228479000061, 24.719504491000066 ], [ 91.354395680000152, 24.719491405000035 ], [ 91.350858490000064, 24.718320548000062 ], [ 91.34840828199998, 24.716733037999962 ], [ 91.347481205000122, 24.716359858000036 ], [ 91.345319373000123, 24.71612633400008 ], [ 91.343154605000052, 24.71660063000002 ], [ 91.342902180000081, 24.717604071000039 ], [ 91.343531688000098, 24.721506073000114 ], [ 91.344138385000122, 24.723340458000106 ], [ 91.346000928000137, 24.724856544000147 ], [ 91.348025988000188, 24.725910623000061 ], [ 91.349583404000043, 24.726456450000175 ], [ 91.352292740000053, 24.726743695000039 ], [ 91.352518733000181, 24.727014807999975 ], [ 91.352490162000038, 24.73122971100014 ], [ 91.350437703000125, 24.734171605000025 ], [ 91.350870606000171, 24.739809051000176 ], [ 91.349927069000159, 24.741991467000101 ], [ 91.349412777000055, 24.742607864000032 ], [ 91.348081226000147, 24.74336931900007 ], [ 91.343988984000077, 24.743541521000058 ], [ 91.343093158000045, 24.74327640100017 ], [ 91.341134520000196, 24.741120019999983 ], [ 91.340086169000017, 24.740517629000184 ], [ 91.338071647000163, 24.740059305999974 ], [ 91.33513688000005, 24.739568493000146 ], [ 91.329261173000191, 24.739961636000086 ], [ 91.328811869000162, 24.740044632000036 ], [ 91.328671297000028, 24.740510915000129 ], [ 91.329018294000093, 24.745128844000078 ], [ 91.328879817000086, 24.745867354000044 ], [ 91.328285986000083, 24.746291155000055 ], [ 91.327318196000078, 24.746232014000039 ], [ 91.326490773000103, 24.745424407000087 ], [ 91.325878479000096, 24.74386541300003 ], [ 91.325351076000061, 24.743258313000069 ], [ 91.322945861000107, 24.741037925000057 ], [ 91.315519180000138, 24.735529677000098 ], [ 91.311749023, 24.730871728000071 ], [ 91.309301850000111, 24.728480043 ], [ 91.308858823000151, 24.729508503000037 ], [ 91.308877319000089, 24.731275939000056 ], [ 91.311251439000046, 24.737646081000094 ], [ 91.312306282, 24.738655790000045 ], [ 91.313135899000045, 24.738934990000075 ], [ 91.315977223000118, 24.741137594000062 ], [ 91.316214623, 24.742496757000136 ], [ 91.315348904000075, 24.745086896000146 ], [ 91.314763950000156, 24.746112401000172 ], [ 91.313725663000127, 24.746460125000166 ], [ 91.311642679000101, 24.746546098000067 ], [ 91.310827486000051, 24.74689410700018 ], [ 91.309576175000188, 24.748264040000091 ], [ 91.307895761000054, 24.751269855000032 ], [ 91.306592979000072, 24.754816410000096 ], [ 91.305805416000055, 24.757814415000098 ], [ 91.305609311000069, 24.760398663000043 ], [ 91.304885197000033, 24.762375737000013 ], [ 91.303853865000121, 24.763405091000099 ], [ 91.301547567000057, 24.763560597000037 ], [ 91.300662297000031, 24.764315509000138 ], [ 91.300598851000075, 24.765404157000148 ], [ 91.300996314000031, 24.7677800730001 ], [ 91.300481758999979, 24.768464036000065 ], [ 91.300036233000071, 24.768535629000038 ], [ 91.298839586000099, 24.768001964000064 ], [ 91.295722463000018, 24.765439653000044 ], [ 91.293429151000169, 24.763154600000064 ], [ 91.29153894500007, 24.762927380000122 ], [ 91.288122166000107, 24.763704052000097 ], [ 91.284637499000155, 24.76509526100017 ], [ 91.281603748000066, 24.766886618000115 ], [ 91.277996706000081, 24.769628291000053 ], [ 91.275647786000036, 24.768025228 ], [ 91.273317311000199, 24.765823700000109 ], [ 91.271543336000036, 24.764728091000165 ], [ 91.268175453000197, 24.763643707000149 ], [ 91.263020779000044, 24.762875233000155 ], [ 91.261404596000148, 24.762206426000144 ], [ 91.26127543900003, 24.761902752000083 ], [ 91.26164568900009, 24.761170468000049 ], [ 91.263935409000055, 24.759311308000065 ], [ 91.264668132000168, 24.757083758000135 ], [ 91.262491930000067, 24.749081704999984 ], [ 91.262052212000071, 24.748236228000106 ], [ 91.263171595000074, 24.747992418000024 ], [ 91.264853249000112, 24.748361993000113 ], [ 91.26894448000013, 24.750511614000125 ], [ 91.276211491000211, 24.752910575999977 ], [ 91.276625085000163, 24.752930944000067 ], [ 91.277238343000079, 24.752519556000152 ], [ 91.276818510000055, 24.751603577000143 ], [ 91.276857828000118, 24.751203757000098 ], [ 91.277098902000034, 24.751081705000097 ], [ 91.274852992000149, 24.748358325000023 ], [ 91.273415666000062, 24.747621693000159 ], [ 91.271740952000073, 24.7475895880001 ], [ 91.2706472590001, 24.746925774000029 ], [ 91.269903547000183, 24.745969504000133 ], [ 91.269049978000169, 24.744356857000014 ], [ 91.268137221000075, 24.741255717000108 ], [ 91.267620584000042, 24.737989232000128 ], [ 91.267487580000022, 24.735061164000168 ], [ 91.265867166000092, 24.734557901000183 ], [ 91.264616548000163, 24.733286209000141 ], [ 91.263076316000081, 24.732398465000017 ], [ 91.262045880000073, 24.732120450000025 ], [ 91.260188860000085, 24.731005079 ], [ 91.259284440000044, 24.730782419000096 ], [ 91.257101945000045, 24.730723996000108 ], [ 91.255460074000155, 24.730105664000124 ], [ 91.254501421000157, 24.729526743000122 ], [ 91.253753996000057, 24.72851020100018 ], [ 91.251963070000045, 24.728733024000057 ], [ 91.247932014000085, 24.728263234999989 ], [ 91.247965378000174, 24.731604062000084 ], [ 91.248943286000099, 24.731884873000183 ], [ 91.24927402600008, 24.73245552000003 ], [ 91.250147993000041, 24.732784596000101 ], [ 91.250817751, 24.733763275000175 ], [ 91.246482325000159, 24.735133599000051 ], [ 91.242594599000142, 24.737102842000184 ], [ 91.242675167000073, 24.73774782200007 ], [ 91.246346516000187, 24.740164445000058 ], [ 91.246501877000142, 24.740808797999978 ], [ 91.245430842000076, 24.741668786000105 ], [ 91.245030635000091, 24.74170597799997 ], [ 91.243677008000077, 24.741173167000049 ], [ 91.241443747000176, 24.74112397500005 ], [ 91.239883069000143, 24.741407803000133 ], [ 91.237352295, 24.741394875000079 ], [ 91.233150953, 24.741804277000032 ], [ 91.232326861000047, 24.741925802000083 ], [ 91.230811912000036, 24.743391770000013 ], [ 91.230505347000133, 24.743764518000141 ], [ 91.230288961000042, 24.744848093000023 ], [ 91.230055248000156, 24.744937602000043 ], [ 91.224699107000049, 24.744174044000086 ], [ 91.219618030000049, 24.745958320000117 ], [ 91.217710646000114, 24.746127355000169 ], [ 91.215613415000064, 24.745793651000099 ], [ 91.214349808000065, 24.746007073000158 ], [ 91.213385388, 24.746355770000154 ], [ 91.212946470000148, 24.747106562000116 ], [ 91.212806762000127, 24.748058106000141 ], [ 91.211705257000176, 24.749631478000079 ], [ 91.209849783000152, 24.750190534000183 ], [ 91.208583499000156, 24.750133026000011 ], [ 91.208207524000045, 24.749727448000048 ], [ 91.208561799000165, 24.747889227000091 ], [ 91.208030985000107, 24.746873107000056 ], [ 91.2063828900001, 24.745800516000031 ], [ 91.204715193000197, 24.745433318000035 ], [ 91.201498707000155, 24.74668048500007 ], [ 91.195615098000189, 24.747896982000096 ], [ 91.193231020000098, 24.748699363000188 ], [ 91.192336464000178, 24.749512431000085 ], [ 91.191823382000166, 24.750665594000051 ], [ 91.192558556000051, 24.755163510000042 ], [ 91.191993764000017, 24.757551300999978 ], [ 91.192127453000182, 24.758365857000058 ], [ 91.193053162000126, 24.758606809000124 ], [ 91.194225290000134, 24.758310755000135 ], [ 91.196895917000177, 24.75675656500016 ], [ 91.198351455000193, 24.755403950000069 ], [ 91.200169882000068, 24.752456859 ], [ 91.201498529000162, 24.75102847300013 ], [ 91.203457060000119, 24.749615335000101 ], [ 91.204251842000133, 24.74935836100013 ], [ 91.204756607000093, 24.749469434 ], [ 91.205164270000125, 24.750405280000162 ], [ 91.205225340000027, 24.752377863000046 ], [ 91.204553176000047, 24.760986680000141 ], [ 91.206426844000191, 24.763825091000054 ], [ 91.207089838000115, 24.767251167000033 ], [ 91.207411298000068, 24.767957434000095 ], [ 91.208362502000114, 24.768715054000094 ], [ 91.210236286000054, 24.769313953000164 ], [ 91.212462346000052, 24.769523940000056 ], [ 91.217887088000182, 24.770669590000129 ], [ 91.218521215000123, 24.77110464000009 ], [ 91.219032057000163, 24.771827394000013 ], [ 91.219052294000107, 24.773897363000117 ], [ 91.218101925000099, 24.777602902000076 ], [ 91.217769287000124, 24.777912630000117 ], [ 91.215260570999988, 24.778908279000117 ], [ 91.213201400000059, 24.780746804000106 ], [ 91.211751075000052, 24.782711305000014 ], [ 91.209813716999975, 24.786348032000088 ], [ 91.209109093000166, 24.787254477000094 ], [ 91.20725127500009, 24.78826730500003 ], [ 91.204566228000033, 24.788383772000138 ], [ 91.204169534000073, 24.788596916000014 ], [ 91.203996294000149, 24.790246293000159 ], [ 91.205082128000129, 24.791867468000074 ], [ 91.207143988000155, 24.794550818000058 ], [ 91.209603591000203, 24.79711804000004 ], [ 91.21053198400017, 24.797665871000159 ], [ 91.212384450000172, 24.79818814600009 ], [ 91.213645261000124, 24.798331427000164 ], [ 91.216162393000047, 24.79815746100013 ], [ 91.216747455000132, 24.797922433000053 ], [ 91.217077149000033, 24.797305710000103 ], [ 91.216983347000109, 24.796310915000106 ], [ 91.217400112, 24.796000501000037 ], [ 91.218072101000146, 24.795995027000121 ], [ 91.218747229000201, 24.796373300000024 ], [ 91.22010637000011, 24.797971813000061 ], [ 91.221494915000164, 24.798341992000072 ], [ 91.222372379000092, 24.797914924000047 ], [ 91.222441967000179, 24.796437950999973 ], [ 91.22312490000013, 24.795531623000151 ], [ 91.225702634000072, 24.795052242000164 ], [ 91.226190275000192, 24.795601330000121 ], [ 91.22597199900008, 24.800071155 ], [ 91.223740356000064, 24.80047050700005 ], [ 91.216356117000089, 24.800837795000071 ], [ 91.215598391000071, 24.800613693000169 ], [ 91.215148675000194, 24.799639852000155 ], [ 91.208470279000039, 24.801129760000151 ], [ 91.208901500000081, 24.802623002000075 ], [ 91.207537553000122, 24.804855408000037 ], [ 91.207513595000137, 24.80665709200008 ] ] ] } }
]
}
